kl-3_1-488,kl-3_1-BG,kl-3_1-568,kl-3_1-BG,kl-3_2-488,kl-3_2-BG,kl-3_2-568,kl-3_2-BG,kl-3_3-488,kl-3_3-BG,kl-3_3-568,kl-3_3-BG,kl-3_4-488,kl-3_4-BG,kl-3_4-568,kl-3_4-BG,kl-3_5-488,kl-3_5-BG,kl-3_5-568,kl-3_5-BG,kl-3_6-488,kl-3_6-BG,kl-3_6-568,kl-3_6-BG,kl-3_7-488,kl-3_7-BG,kl-3_7-568,kl-3_7-BG,kl-3_8-488,kl-3_8-BG,kl-3_8-568,kl-3_8-BG,kl-3_9-488,kl-3_9-BG,kl-3_9-568,kl-3_9-BG,kl-3_10-488,kl-3_10-BG,kl-3_10-568,kl-3_10-BG,kl-3_11-488,kl-3_11-BG,kl-3_11-568,kl-3_11-BG,kl-3_12-488,kl-3_12-BG,kl-3_12-568,kl-3_12-BG,kl-3_13-488,kl-3_13-BG,kl-3_13-568,kl-3_13-BG,kl-3_14-488,kl-3_14-BG,kl-3_14-568,kl-3_14-BG,kl-3_15-488,kl-3_15-BG,kl-3_15-568,kl-3_15-BG,kl-3_16-488,kl-3_16-BG,kl-3_16-568,kl-3_16-BG
27.87,0.622,9.256,0.6,26.411,0.189,9.064,0.133,56.892,0.389,17.134,0.389,40.797,2.267,28.649,3.278,37.831,2.267,13.597,3.278,41.905,2.089,21.632,1.5,63.345,0.467,33.363,0.689,39.299,1.744,26.431,2.044,44.23,0.156,19.247,0.233,33.109,0.333,14.837,0.46,38.031,0.333,23.852,0.46,51.71,0.222,26.209,0.286,46.736,0.365,18.712,0.333,105.564,0.857,37.152,0.698,57.667,0.857,36.342,0.698,70.854,0.222,28.536,0.159
27.48,0.533,9.413,0.667,26.292,0.189,9.202,0.211,56.376,0.3,16.858,0.289,40.905,2.744,27.817,3.289,37.744,2.744,13.41,3.289,41.736,2.044,21.265,1.633,64.769,0.378,31.442,0.633,38.406,2.289,23.243,2.889,44.643,0.144,19.094,0.156,53.016,0.349,14.419,0.349,60.317,0.349,23.57,0.349,81.436,0.524,25.759,0.333,43.253,0.444,12.176,0.286,105.433,0.698,35.955,0.984,57.993,0.698,35.349,0.984,70.991,0.238,27.669,0.175
27.064,0.589,9.2,0.578,26.317,0.144,9.183,0.133,55.8,0.189,16.697,0.178,40.121,2.222,27.237,3.478,37.583,2.222,13.183,3.478,41.57,1.867,21.204,1.678,64.402,0.433,31.076,0.633,38.116,2.2,22.294,2.811,44.178,0.167,18.596,0.178,53.183,0.429,17.758,0.222,59.874,0.429,28.685,0.222,81.295,0.476,31.912,0.381,67.737,0.46,24.849,0.508,102.638,0.698,34.248,0.571,58.187,0.698,35.043,0.571,70.904,0.127,27.809,0.143
27.389,0.522,9.032,0.678,26.336,0.156,9.086,0.156,56.498,0.344,16.782,0.3,40.247,2.356,26.192,2.856,37.296,2.356,12.908,2.856,41.365,1.778,21.104,1.611,63.942,0.578,29.897,0.567,37.371,2.144,21.689,2.533,44.4,0.111,18.348,0.178,53.051,0.476,17.424,0.365,59.781,0.476,28.117,0.365,80.846,0.397,31.368,0.54,69.992,0.571,25.544,0.46,101.111,0.619,33.397,0.698,57.869,0.619,35.094,0.698,70.71,0.127,27.657,0.063
26.116,0.589,8.544,0.667,26.242,0.322,9.259,0.122,56.67,0.367,16.842,0.289,39.828,2.4,25.752,3.344,37.103,2.4,12.657,3.344,41.514,1.844,20.822,1.578,62.916,0.378,29.466,0.522,36.8,2.133,21.079,2.533,44.062,0.244,18,0.211,53.537,0.302,17.35,0.302,59.685,0.302,27.757,0.302,81.106,0.317,31.49,0.333,69.918,0.222,25.258,0.333,100.11,0.651,32.683,0.73,57.718,0.651,34.722,0.73,70.659,0.19,27.581,0.063
27.414,0.489,9.209,0.567,26.239,0.211,9.163,0.189,56,0.344,16.545,0.311,39.946,2.6,25.437,3.233,37.003,2.6,12.528,3.233,41.655,2.078,20.635,1.733,62.615,0.4,28.77,0.511,36.368,2.178,20.5,2.822,43.972,0.178,17.619,0.144,53.341,0.317,17.184,0.302,59.267,0.317,27.474,0.302,80.603,0.302,30.996,0.19,69.86,0.508,25.086,0.429,100.199,0.587,32.296,0.746,57.585,0.587,34.415,0.746,70.401,0.222,27.576,0.206
27.454,0.633,8.937,0.511,26.215,0.278,8.962,0.089,56.15,0.344,16.683,0.367,40.142,2.411,24.736,3.211,37.014,2.411,12.353,3.211,41.223,1.767,20.71,1.544,62.089,0.378,28.294,0.678,35.972,2.2,19.942,2.5,43.859,0.222,17.43,0.189,53.1,0.254,17.099,0.27,58.693,0.254,26.923,0.27,80.353,0.524,30.914,0.429,69.564,0.397,24.919,0.381,89.501,0.54,29.238,0.508,57.641,0.54,34.365,0.508,70.304,0.127,27.553,0.206
27.322,0.544,8.962,0.556,26.26,0.244,9.008,0.044,56.135,0.311,16.594,0.356,40.245,2.411,24.397,3.122,36.994,2.411,12.252,3.122,41.181,2.167,20.775,1.589,61.843,0.411,27.737,0.411,35.662,2.2,19.357,2.567,44.016,0.156,17.126,0.1,53.36,0.349,16.823,0.349,58.867,0.349,26.702,0.349,80.678,0.365,30.474,0.413,69.3,0.508,24.551,0.381,84.39,0.508,27.618,0.635,57.067,0.508,34.122,0.635,70.219,0.175,27.177,0.063
27.144,0.522,8.854,0.689,26.303,0.256,8.896,0.211,56.049,0.411,16.449,0.389,39.67,1.989,24.477,3.122,37.136,1.989,12.206,3.122,41.228,1.933,20.817,1.578,61.674,0.467,27.204,0.567,35.305,2,18.73,2.544,43.72,0.211,16.787,0.178,53.78,0.238,16.752,0.27,58.377,0.238,26.077,0.27,80.711,0.413,30.161,0.429,69.049,0.492,24.158,0.603,93.873,0.794,29.696,0.651,56.943,0.794,33.844,0.651,70.436,0.143,27.187,0.222
27.169,0.6,8.822,0.678,26.003,0.222,8.843,0.089,55.807,0.222,16.464,0.278,39.996,2.356,23.742,2.878,36.785,2.356,12.135,2.878,40.891,2.089,20.762,1.378,62.091,0.444,26.457,0.567,35.232,2.156,18.472,2.522,44.219,0.178,16.609,0.178,53.648,0.222,16.405,0.413,57.843,0.222,25.716,0.413,79.768,0.302,30.125,0.508,68.947,0.46,24.131,0.429,98.63,0.746,30.353,0.556,56.749,0.746,33.348,0.556,70.383,0.095,26.844,0.175
26.898,0.578,8.782,0.611,25.883,0.178,8.744,0.067,55.553,0.322,16.208,0.356,39.676,2.711,23.658,3.033,36.613,2.711,12.108,3.033,40.912,1.878,20.778,1.511,62.113,0.478,25.849,0.478,34.853,2.222,17.867,2.444,44.324,0.144,16.296,0.133,53.854,0.238,16.47,0.286,57.592,0.238,25.288,0.286,79.88,0.413,29.87,0.524,69.29,0.381,23.818,0.349,98.748,0.651,29.498,0.603,55.501,0.651,31.87,0.603,69.92,0.127,26.929,0.19
26.732,0.622,8.577,0.511,25.842,0.256,8.764,0.089,55.311,0.356,16.04,0.356,40.08,2.489,23.056,3.411,36.925,2.489,12.177,3.411,41.054,1.856,20.722,1.744,61.905,0.322,25.256,0.667,34.932,2.389,17.439,2.656,43.801,0.222,16.113,0.167,53.775,0.365,16.116,0.254,57.306,0.365,24.787,0.254,79.154,0.286,29.69,0.27,69.147,0.444,23.602,0.46,98.229,0.413,28.811,0.635,53.66,0.413,30.234,0.635,70.455,0.206,26.521,0.222
26.706,0.533,8.57,0.544,25.546,0.189,8.815,0.089,54.813,0.222,15.674,0.3,39.592,2.244,22.741,3.256,36.799,2.244,11.97,3.256,41.041,1.833,20.637,1.511,61.241,0.289,24.245,0.522,34.802,2.056,17.052,2.822,44.033,0.156,15.829,0.178,53.871,0.317,15.943,0.365,57.129,0.317,24.567,0.365,79.078,0.429,29.479,0.429,68.948,0.333,23.424,0.381,96.66,0.54,28.053,0.587,48.743,0.54,26.948,0.587,70.631,0.175,26.348,0.159
26.428,0.511,8.512,0.6,25.463,0.2,8.757,0.178,54.31,0.367,15.475,0.378,39.646,2.422,22.631,3.278,36.647,2.422,11.856,3.278,40.967,1.989,20.875,1.478,62.236,0.289,24.254,0.478,34.519,1.911,16.563,2.811,43.76,0.178,15.571,0.122,53.296,0.365,15.949,0.349,56.575,0.365,24.111,0.349,78.942,0.333,29.204,0.429,68.46,0.333,23.208,0.333,95.299,0.429,27.177,0.603,40.16,0.429,22.03,0.603,70.233,0.111,25.89,0.159
26.248,0.456,8.497,0.522,25.115,0.3,8.756,0.111,54.37,0.267,15.452,0.267,39.188,2.578,22.318,2.944,36.726,2.578,11.917,2.944,40.685,1.944,20.753,1.722,62.458,0.4,23.974,0.467,34.631,2.333,16.265,2.522,43.574,0.133,15.139,0.078,53.612,0.27,15.667,0.333,55.554,0.27,23.656,0.333,77.711,0.365,29.291,0.397,67.461,0.333,22.976,0.27,93.771,0.429,26.116,0.619,56.279,0.429,29.671,0.619,70.36,0.175,25.637,0.127
25.808,0.578,8.204,0.678,25.374,0.2,8.65,0.089,54.155,0.267,15.474,0.322,39.423,2.344,22.217,2.956,36.684,2.344,11.874,2.956,40.66,2,20.708,1.6,62.198,0.411,23.512,0.467,34.476,2.044,15.982,2.622,43.422,0.233,15.005,0.167,53.473,0.238,15.739,0.254,55.612,0.238,23.417,0.254,78.083,0.206,28.981,0.286,67.453,0.413,22.925,0.286,92.061,0.127,25.104,0.222,57.919,0.127,29.812,0.222,70.1,0.206,25.297,0.111
25.764,0.522,8.359,0.456,25.048,0.189,8.676,0.178,54.175,0.333,15.473,0.389,38.897,2.2,21.981,3.433,36.881,2.2,11.845,3.433,40.505,1.978,20.881,1.656,61.96,0.444,23.18,0.522,34.113,2.2,15.602,2.422,43.219,0.167,14.701,0.178,53.813,0.206,15.58,0.302,55.492,0.206,23.088,0.302,78.303,0.254,28.992,0.349,66.91,0.238,22.474,0.365,90.75,0.429,24.672,0.302,58.09,0.429,29.35,0.302,69.543,0.063,24.999,0.063
25.448,0.567,8.201,0.578,24.892,0.156,8.695,0.167,53.706,0.4,15.248,0.422,38.553,2.2,21.752,2.989,36.53,2.2,11.988,2.989,40.526,2.1,20.722,1.656,62.494,0.511,23.078,0.511,34.301,2.122,15.379,2.422,43.28,0.144,14.362,0.167,53.419,0.19,15.592,0.27,54.642,0.19,22.601,0.27,77.28,0.397,29.002,0.317,65.9,0.27,22.156,0.317,89.046,0.46,24.03,0.571,58.024,0.46,29.156,0.571,69.137,0.063,24.796,0.238
25.681,0.489,8.28,0.467,24.913,0.322,8.574,0.222,53.315,0.389,15.153,0.211,38.644,2.033,21.181,3.089,36.138,2.033,11.759,3.089,40.25,2.011,20.736,1.344,62.307,0.4,22.744,0.378,33.1,2.022,14.483,2.722,43.025,0.133,14.302,0.044,53.768,0.27,15.458,0.254,54.677,0.27,22.576,0.254,77.08,0.333,28.327,0.397,66.021,0.508,22.099,0.302,87.098,0.381,23.454,0.476,58.287,0.381,28.518,0.476,69.254,0.127,24.798,0.175
25.29,0.5,8.132,0.556,24.444,0.222,8.526,0.167,52.998,0.278,14.812,0.256,38.695,2.156,21.269,3.1,35.746,2.156,11.496,3.1,40.477,1.856,20.688,1.611,62.256,0.6,22.428,0.6,34.013,2.178,14.94,2.578,42.898,0.133,14.132,0.144,54.105,0.254,15.506,0.222,54.475,0.254,22.139,0.222,75.979,0.397,27.969,0.381,66.184,0.333,22.084,0.302,86.136,0.381,23.06,0.651,58.411,0.381,28.104,0.651,68.932,0.159,24.543,0.095
25.119,0.611,8.014,0.611,24.396,0.256,8.544,0.167,53.065,0.211,14.933,0.4,38.693,2.122,21.142,2.967,34.68,2.122,11.323,2.967,40.125,1.756,20.866,1.644,61.888,0.411,22.277,0.433,33.948,2.289,14.536,2.533,42.484,0.256,13.92,0.167,53.406,0.222,15.35,0.317,53.567,0.222,21.983,0.317,75.328,0.286,28.168,0.397,65.747,0.222,21.977,0.365,84.456,0.46,22.484,0.524,57.89,0.46,27.641,0.524,68.617,0.111,24.714,0.19
25.103,0.622,8.045,0.8,24.499,0.167,8.517,0.156,52.642,0.222,14.842,0.389,38.872,2.533,21.238,2.989,33.889,2.533,10.986,2.989,40.309,1.989,20.894,1.422,61.833,0.256,22.178,0.556,33.531,2.189,14.599,2.678,42.417,0.167,13.793,0.122,53.451,0.317,15.258,0.317,52.856,0.317,21.416,0.317,75.706,0.429,28.337,0.238,66.14,0.524,21.812,0.413,83.814,0.444,22.11,0.46,58.272,0.444,27.357,0.46,68.164,0.143,24.586,0.095
24.838,0.6,7.927,0.6,24.436,0.178,8.503,0.1,52.155,0.311,14.794,0.3,38.611,2.422,20.981,3,33.469,2.422,10.818,3,40.08,2.089,21.292,1.467,61.647,0.322,22.034,0.467,33.537,2.344,14.437,2.756,41.675,0.189,13.416,0.089,53.733,0.333,15.235,0.333,52.248,0.333,20.819,0.333,76.551,0.444,28.308,0.397,65.842,0.381,21.788,0.476,83.604,0.254,22.132,0.524,58.37,0.254,26.979,0.524,68.553,0.095,24.274,0.175
24.734,0.622,8.009,0.556,24.149,0.211,8.397,0.189,51.938,0.389,14.611,0.278,38.817,2.422,20.886,3.111,33.525,2.422,10.777,3.111,40.149,2.033,21.221,1.656,61.78,0.333,21.792,0.356,33.371,2.133,14.208,2.667,41.944,0.256,13.433,0.222,53.672,0.333,15.2,0.27,52.145,0.333,20.682,0.27,75.957,0.238,28.523,0.302,65.244,0.46,21.631,0.302,82.834,0.302,21.955,0.619,58.484,0.302,26.61,0.619,67.658,0.048,24.16,0.095
24.359,0.656,7.858,0.478,24.126,0.178,8.489,0.144,51.644,0.367,14.776,0.289,38.548,2.189,20.729,2.956,34.182,2.189,11.023,2.956,39.984,1.922,21.201,1.478,61.555,0.267,21.811,0.489,33.4,2,14.235,2.433,41.8,0.056,13.437,0.111,53.279,0.206,15.122,0.302,52.199,0.206,20.608,0.302,75.179,0.413,28.423,0.349,65.285,0.413,21.66,0.429,81.341,0.492,21.55,0.619,58.471,0.492,26.148,0.619,67.387,0.111,24.147,0.095
24.146,0.644,7.762,0.589,24.005,0.167,8.386,0.122,51.372,0.278,14.526,0.344,37.937,2.2,20.532,2.544,34.831,2.2,11.413,2.544,40.026,1.889,21.189,1.511,61.367,0.511,21.777,0.533,33.345,2.322,14.143,2.378,41.817,0.156,13.147,0.2,53.816,0.333,14.983,0.238,52.526,0.333,20.522,0.238,75.968,0.333,28.566,0.508,65.014,0.381,21.506,0.397,80.933,0.492,21.248,0.46,58.289,0.492,25.919,0.46,67.595,0.19,23.957,0.079
24.409,0.544,7.801,0.589,23.93,0.244,8.313,0.178,51.323,0.333,14.646,0.311,37.377,2.522,19.854,3.156,35.926,2.522,11.745,3.156,39.731,2.122,21.384,1.522,61.353,0.267,21.692,0.478,33.441,2.278,14.025,2.767,41.192,0.133,13.159,0.122,53.836,0.222,14.985,0.222,52.555,0.222,20.429,0.222,75.633,0.365,28.399,0.429,64.919,0.349,21.441,0.492,80.394,0.413,21.14,0.302,58.469,0.413,25.481,0.302,67.042,0.127,23.814,0.127
24.252,0.578,7.805,0.644,23.882,0.189,8.369,0.133,51.118,0.3,14.508,0.267,35.526,2.256,19.004,2.867,36.317,2.256,11.723,2.867,40.194,1.944,21.389,1.544,61.3,0.422,21.534,0.478,33.253,2.378,13.849,2.778,41.404,0.156,13.073,0.156,53.587,0.206,15.016,0.238,52.035,0.206,20.115,0.238,74.96,0.333,28.447,0.429,64.549,0.254,21.328,0.317,79.577,0.444,20.831,0.413,58.544,0.444,25.253,0.413,66.949,0.159,23.968,0.286
24.033,0.778,7.849,0.767,23.333,0.189,8.374,0.122,51.109,0.478,14.479,0.311,34.801,2.322,18.658,2.844,36.29,2.322,11.805,2.844,40.192,2,21.433,1.456,61.39,0.333,21.538,0.456,32.844,2.167,13.619,2.7,41.36,0.156,12.81,0.111,53.555,0.222,14.996,0.397,52.04,0.222,19.891,0.397,75.174,0.317,28.506,0.302,64.11,0.302,21.198,0.317,79.216,0.333,20.841,0.556,58.623,0.333,25.045,0.556,66.638,0.19,23.584,0.159
24.019,0.644,7.699,0.711,23.349,0.189,8.345,0.2,50.513,0.456,14.515,0.311,35.841,2.333,18.93,2.967,36.237,2.333,11.81,2.967,39.926,1.778,21.702,1.644,61.225,0.422,21.54,0.433,32.839,2.378,13.702,2.711,41.188,0.189,12.914,0.222,53.74,0.222,15.006,0.302,51.701,0.222,19.794,0.302,74.979,0.524,28.677,0.54,64.104,0.254,21.125,0.333,78.661,0.397,20.927,0.429,58.27,0.397,24.818,0.429,66.687,0.111,23.712,0.079
23.891,0.544,7.747,0.6,23.544,0.2,8.36,0.167,50.162,0.378,14.486,0.222,37.405,2.267,19.928,2.689,36.109,2.267,11.81,2.689,39.588,2.111,21.506,1.567,60.685,0.467,21.31,0.411,32.753,2.333,13.676,2.811,40.901,0.167,12.916,0.244,52.711,0.254,14.965,0.365,51.722,0.254,19.548,0.365,74.767,0.429,28.809,0.317,63.665,0.413,20.998,0.333,78.477,0.397,20.72,0.46,58.153,0.397,24.509,0.46,66.053,0.19,23.786,0.127
23.658,0.756,7.759,0.733,23.414,0.244,8.382,0.144,50.554,0.256,14.542,0.256,38.267,2.022,20.26,3.033,36.192,2.022,11.886,3.033,39.618,1.811,21.711,1.6,59.684,0.3,21.108,0.389,32.458,1.856,13.465,2.811,40.988,0.144,12.784,0.222,52.843,0.365,14.71,0.27,51.355,0.365,19.303,0.27,74.237,0.381,28.39,0.397,63.517,0.46,20.821,0.254,78.525,0.317,20.758,0.429,57.893,0.317,24.411,0.429,66.067,0.175,23.687,0.238
23.635,0.556,7.731,0.689,23.383,0.144,8.411,0.1,50.536,0.278,14.64,0.311,38.945,2.344,20.279,2.9,36.209,2.344,11.943,2.9,39.66,1.933,21.962,1.489,59.418,0.333,21.082,0.489,32.447,2.444,13.465,2.622,40.52,0.178,12.716,0.156,53.39,0.286,14.923,0.413,51.161,0.286,19.188,0.413,74.133,0.333,28.511,0.317,63.543,0.381,20.872,0.238,77.548,0.349,20.709,0.413,58.017,0.349,24.013,0.413,65.49,0.143,23.997,0.175
23.753,0.611,7.632,0.611,23.461,0.267,8.461,0.078,50.274,0.267,14.473,0.278,38.867,2.522,20.426,2.822,36.191,2.522,11.969,2.822,39.56,1.8,21.921,1.544,60.165,0.333,21.348,0.389,32.527,2.356,13.526,2.578,40.18,0.1,12.668,0.156,53.469,0.222,14.849,0.302,50.97,0.222,18.924,0.302,73.981,0.349,28.933,0.302,63.033,0.317,20.779,0.349,77.653,0.413,20.783,0.413,58.235,0.413,23.949,0.413,65.759,0.016,23.711,0.238
23.742,0.622,7.602,0.689,23.489,0.2,8.342,0.133,50.158,0.356,14.528,0.311,38.556,2.144,20.19,2.867,35.89,2.144,11.955,2.867,39.077,1.756,21.876,1.567,60.731,0.378,21.383,0.333,31.448,2.444,13.218,2.8,40.491,0.189,12.489,0.122,53.28,0.302,14.902,0.254,50.674,0.302,18.775,0.254,74.041,0.333,28.854,0.333,62.962,0.286,20.661,0.286,76.938,0.476,20.696,0.444,57.888,0.476,23.867,0.444,65.54,0.127,23.475,0.159
23.509,0.644,7.707,0.7,23.444,0.233,8.345,0.144,50.184,0.378,14.619,0.444,38.921,2.389,19.843,2.822,35.988,2.389,11.937,2.822,39.34,1.789,22,1.3,60.531,0.311,21.45,0.411,32.418,2.533,13.47,2.956,40.103,0.122,12.431,0.089,53.354,0.175,14.888,0.222,50.697,0.175,18.619,0.222,74.277,0.413,28.807,0.286,62.903,0.19,20.69,0.365,76.85,0.302,20.686,0.587,57.832,0.302,23.685,0.587,65.749,0.175,23.887,0.159
23.353,0.644,7.5,0.844,23.272,0.167,8.403,0.111,49.951,0.256,14.702,0.244,38.816,1.944,19.839,2.978,35.862,1.944,11.851,2.978,39.321,1.756,22.157,1.778,60.566,0.367,21.311,0.322,32.197,2.767,13.383,2.833,40.092,0.189,12.522,0.189,53.418,0.127,14.885,0.365,50.445,0.127,18.457,0.365,73.669,0.27,28.896,0.349,62.316,0.413,20.664,0.349,77.061,0.413,20.732,0.397,57.414,0.413,23.508,0.397,65.646,0.111,24.134,0.095
23.43,0.633,7.61,0.644,23.289,0.222,8.401,0.189,50.191,0.189,14.719,0.267,39.035,2.033,19.983,2.711,36.286,2.033,12.087,2.711,39.814,1.856,22.597,1.556,60.45,0.356,21.64,0.278,32.358,2.422,13.555,2.867,40.16,0.222,12.425,0.167,52.884,0.333,14.934,0.302,50.081,0.333,18.437,0.302,73.325,0.27,29.049,0.397,62.204,0.317,20.547,0.27,77.262,0.508,20.848,0.381,57.415,0.508,23.338,0.381,65.626,0.175,23.963,0.238
23.707,0.733,7.705,0.656,23.239,0.233,8.554,0.2,50.074,0.333,14.683,0.311,38.702,2.144,20.045,2.867,35.976,2.144,12.141,2.867,39.179,2.011,22.418,1.522,60.045,0.256,21.491,0.433,32.22,2.722,13.408,2.256,40.054,0.144,12.447,0.178,52.98,0.302,14.857,0.317,49.54,0.302,17.906,0.317,73.151,0.333,28.838,0.317,61.884,0.27,20.336,0.19,76.847,0.46,20.826,0.508,57.3,0.46,23.394,0.508,65.274,0.079,24.1,0.063
23.465,0.6,7.713,0.544,23.418,0.267,8.56,0.133,50.312,0.344,14.871,0.2,38.198,2.133,19.928,2.722,35.943,2.133,12.158,2.722,39.264,1.689,22.512,1.567,60.129,0.478,21.366,0.389,32.044,2.556,13.422,2.944,39.689,0.1,12.403,0.3,53.161,0.19,14.739,0.508,49.634,0.19,17.992,0.508,73.914,0.349,29.034,0.46,61.571,0.333,20.454,0.429,76.926,0.286,20.702,0.46,57.558,0.286,23.115,0.46,65.107,0.19,24.078,0.127
23.515,0.567,7.621,0.567,23.201,0.233,8.644,0.189,50.194,0.267,14.878,0.3,38.653,2.456,20.302,2.767,36.358,2.456,12.394,2.767,39.368,1.644,22.81,1.578,59.695,0.311,21.507,0.456,31.935,2.711,13.311,2.767,39.835,0.178,12.227,0.189,53.044,0.238,14.89,0.222,49.419,0.238,17.884,0.222,73.341,0.111,29.387,0.508,61.51,0.206,20.431,0.286,76.117,0.46,20.977,0.429,57.325,0.46,23.065,0.429,64.995,0.175,23.974,0.111
23.547,0.556,7.696,0.644,23.086,0.189,8.647,0.111,50.23,0.278,14.982,0.256,38.292,2.622,19.931,2.589,35.918,2.622,12.384,2.589,38.866,1.8,22.869,1.589,59.946,0.411,21.338,0.367,31.728,2.311,13.24,2.956,40.034,0.156,12.195,0.189,52.811,0.159,14.912,0.317,49.231,0.159,17.615,0.317,72.561,0.286,29.13,0.238,60.897,0.19,20.197,0.317,75.828,0.19,20.773,0.27,57.201,0.19,22.97,0.27,64.904,0.095,24.059,0.206
23.497,0.567,7.593,0.5,23.38,0.3,8.57,0.1,49.882,0.256,15.041,0.333,38.435,2.078,19.938,3.122,36.003,2.078,12.318,3.122,38.699,1.833,22.87,1.578,59.305,0.278,21.23,0.367,32.145,2.967,13.311,2.944,40.017,0.167,12.371,0.178,52.967,0.127,14.913,0.238,49.491,0.127,17.459,0.238,72.989,0.238,29.163,0.444,61.269,0.476,20.252,0.317,76.163,0.317,20.808,0.429,57.061,0.317,22.621,0.429,64.886,0.111,24.012,0.143
23.502,0.533,7.625,0.678,23.248,0.167,8.731,0.111,49.825,0.233,15.157,0.267,38.463,2.211,20.09,2.989,36.061,2.211,12.337,2.989,39.086,1.522,22.985,1.844,58.968,0.456,21.054,0.378,32.024,2.644,13.433,2.933,39.83,0.156,12.35,0.156,53.041,0.286,14.894,0.317,48.989,0.286,17.217,0.317,72.737,0.302,29.461,0.365,60.893,0.254,20.316,0.317,75.395,0.476,20.923,0.333,57.328,0.476,22.659,0.333,64.311,0.127,24.38,0.159
23.385,0.7,7.669,0.767,23.385,0.133,8.757,0.1,49.739,0.189,15.131,0.289,38.693,2.567,19.898,2.8,36.027,2.567,12.457,2.8,39.003,2.067,23.012,1.689,59.312,0.3,21.626,0.322,31.788,2.289,13.235,2.944,39.759,0.244,12.377,0.167,53.095,0.222,14.927,0.286,48.869,0.222,17.213,0.286,72.184,0.302,29.491,0.476,60.912,0.206,20.348,0.381,75.502,0.397,20.72,0.54,56.943,0.397,22.366,0.54,64.471,0.222,24.233,0.159
23.638,0.622,7.784,0.644,23.191,0.244,8.829,0.1,49.921,0.289,15.211,0.289,38.608,2.433,19.728,2.789,36.19,2.433,12.505,2.789,39.032,1.611,23.184,1.5,59.525,0.3,21.558,0.311,31.706,2.489,13.349,2.667,39.849,0.133,12.486,0.178,52.876,0.254,15.004,0.349,48.778,0.254,17.138,0.349,72.688,0.476,29.755,0.46,60.833,0.413,20.245,0.238,75.426,0.333,20.897,0.317,57.048,0.333,22.315,0.317,64.266,0.175,24.178,0.175
23.478,0.567,7.689,0.6,23.289,0.167,8.773,0.156,50.183,0.322,15.258,0.222,38.307,2.467,19.732,2.722,35.99,2.467,12.56,2.722,39.145,2.022,23.125,1.333,60.087,0.3,21.49,0.356,31.91,2.489,13.517,3.011,39.47,0.178,12.199,0.156,52.943,0.27,15.114,0.397,48.35,0.27,16.901,0.397,71.719,0.286,29.75,0.508,60.424,0.302,20.25,0.413,75.065,0.397,20.894,0.54,57.188,0.397,22.378,0.54,64.157,0.079,24.259,0.159
23.665,0.678,7.74,0.589,23.344,0.133,8.858,0.167,50.132,0.311,15.417,0.3,38.573,2.222,19.914,3.033,36.363,2.222,12.626,3.033,39.019,1.844,23.331,1.6,59.469,0.267,21.763,0.4,31.753,2.456,13.305,3.178,39.793,0.2,12.197,0.222,52.794,0.254,15.069,0.27,48.327,0.254,16.835,0.27,72.257,0.222,29.649,0.444,60.189,0.19,20.296,0.333,74.742,0.381,21.288,0.317,56.635,0.381,22.22,0.317,64.084,0.143,24.255,0.206
23.739,0.656,7.713,0.8,23.317,0.178,8.937,0.1,50.154,0.389,15.539,0.333,38.209,2.333,19.744,2.933,35.683,2.333,12.519,2.933,39.016,2.078,23.391,1.456,59,0.233,21.344,0.411,31.256,2.278,13.205,3,39.63,0.144,12.294,0.156,52.44,0.302,15.181,0.175,47.876,0.302,16.614,0.175,71.864,0.254,30.018,0.444,60.107,0.365,20.159,0.317,75.117,0.349,21.212,0.46,56.48,0.349,22.116,0.46,63.678,0.143,24.294,0.159
23.545,0.567,7.773,0.767,23.493,0.178,8.933,0.156,50.139,0.267,15.546,0.344,38.525,2.444,19.995,2.522,35.85,2.444,12.534,2.522,38.824,2.078,23.323,1.378,59.169,0.378,21.934,0.5,31.444,2.378,13.487,3.078,39.622,0.156,12.223,0.189,52.739,0.286,15.106,0.19,48.299,0.286,16.608,0.19,71.798,0.46,30.194,0.476,60.074,0.413,20.079,0.222,74.478,0.19,21.3,0.349,56.532,0.19,21.986,0.349,63.89,0.095,24.484,0.175
23.615,0.478,7.76,0.633,23.346,0.244,8.926,0.111,49.909,0.233,15.486,0.244,38.293,2.222,20.001,2.722,35.873,2.222,12.712,2.722,39.014,1.878,23.607,1.489,59.314,0.289,22.042,0.489,31.021,2.544,13.46,3.344,39.351,0.089,12.252,0.267,52.571,0.254,15.071,0.286,47.345,0.254,16.305,0.286,71.613,0.27,30.275,0.413,59.441,0.317,20.148,0.349,74.207,0.27,21.49,0.444,56.722,0.27,21.982,0.444,63.554,0.127,24.486,0.143
23.598,0.567,7.855,0.667,23.343,0.189,9.015,0.156,49.999,0.422,15.613,0.256,38.281,2.411,19.809,2.389,36.048,2.411,12.752,2.389,38.889,1.956,23.742,1.733,59.481,0.322,21.865,0.378,30.917,2.344,13.465,2.756,39.271,0.2,12.347,0.144,51.985,0.19,14.93,0.317,47.147,0.19,15.995,0.317,71.285,0.286,29.925,0.413,59.233,0.238,20.088,0.254,73.989,0.333,21.574,0.444,56.49,0.333,21.804,0.444,63.414,0.127,24.609,0.095
22.895,0.478,7.734,0.711,22.913,0.189,8.994,0.167,50.123,0.278,15.746,0.289,38.311,2.378,19.934,2.656,35.773,2.378,12.751,2.656,38.765,1.978,23.609,1.678,59.263,0.322,22.274,0.422,31.455,2.433,13.754,2.889,38.832,0.189,12.201,0.122,52.685,0.222,15.088,0.143,47.323,0.222,15.988,0.143,71.331,0.317,30.088,0.476,59.346,0.254,20.035,0.349,74.314,0.286,21.765,0.429,56.447,0.286,21.834,0.429,63.704,0.079,24.802,0.127
23.58,0.689,7.828,0.6,23.728,0.144,9.097,0.111,50.387,0.233,15.963,0.344,38.546,2.044,20.007,2.644,35.914,2.044,12.82,2.644,38.525,1.811,23.735,1.6,58.997,0.322,22.386,0.467,31.331,2.767,13.602,3.356,39.032,0.144,12.382,0.2,52.646,0.254,15.186,0.365,47.249,0.254,15.879,0.365,70.964,0.317,30.388,0.413,59.034,0.286,20.023,0.556,74.176,0.413,21.66,0.476,56.818,0.413,21.806,0.476,63.526,0.159,24.621,0.222
23.399,0.578,7.901,0.6,23.377,0.222,9.259,0.167,50.286,0.322,16.029,0.311,38.605,2.356,19.697,2.656,36.003,2.356,12.819,2.656,38.862,1.911,23.918,1.311,59.024,0.267,22.227,0.444,31.419,2.433,13.661,3.067,38.706,0.1,12.127,0.211,52.421,0.19,15.212,0.206,46.67,0.19,15.666,0.206,70.759,0.333,30.232,0.444,58.668,0.476,20.047,0.302,74.153,0.365,21.778,0.508,56.73,0.365,21.649,0.508,63.679,0.143,24.689,0.127
23.638,0.711,7.973,0.611,23.445,0.278,9.322,0.167,50.354,0.289,16.138,0.3,38.281,2.089,19.957,2.756,36.133,2.089,12.864,2.756,38.409,1.922,23.955,1.667,58.776,0.344,22.512,0.411,31.084,2.5,13.598,2.778,38.709,0.122,12.301,0.133,52.473,0.238,15.169,0.286,46.714,0.238,15.637,0.286,71.31,0.397,30.743,0.508,58.736,0.286,20.036,0.27,73.782,0.381,21.567,0.46,56.644,0.381,21.539,0.46,63.637,0.175,25.062,0.111
23.568,0.544,7.873,0.689,23.562,0.178,9.307,0.178,50.088,0.278,16.091,0.356,38.187,2.644,20.176,2.856,35.885,2.644,13.04,2.856,38.337,2.011,24.024,2.011,58.374,0.4,22.521,0.4,31.204,2.744,13.614,2.889,38.728,0.211,12.199,0.233,52.622,0.302,15.255,0.159,46.824,0.302,15.54,0.159,70.78,0.365,30.604,0.333,58.831,0.206,20.059,0.365,73.685,0.444,21.535,0.524,56.421,0.444,21.532,0.524,63.487,0.095,24.942,0.175
23.818,0.656,8.011,0.511,23.612,0.2,9.308,0.211,50.395,0.3,16.194,0.356,38.621,2.267,20.03,2.944,35.799,2.267,12.958,2.944,38.361,1.889,24.379,1.678,56.839,0.4,21.753,0.378,30.77,2.656,13.555,3.056,38.92,0.144,12.395,0.111,52.354,0.143,15.294,0.206,46.421,0.143,15.333,0.206,70.727,0.397,30.741,0.27,58.446,0.286,20.203,0.206,73.981,0.429,22.025,0.429,56.654,0.429,21.59,0.429,63.406,0.127,25.076,0.063
23.59,0.567,8.081,0.556,23.414,0.167,9.457,0.133,50.492,0.278,16.294,0.311,38.322,2.111,19.998,2.944,35.797,2.111,13.063,2.944,38.409,1.856,24.599,1.611,58.726,0.289,22.707,0.311,30.755,2.333,13.644,2.967,38.239,0.167,12.159,0.089,52.357,0.222,15.44,0.175,45.875,0.222,15.22,0.175,70.536,0.206,30.752,0.365,58.298,0.333,20.223,0.19,73.601,0.302,22.098,0.317,56.33,0.302,21.463,0.317,62.927,0.095,25.281,0.238
23.796,0.567,7.958,0.611,23.675,0.222,9.406,0.167,50.34,0.2,16.457,0.267,38.242,2.144,20.012,2.911,35.644,2.144,13.177,2.911,38.418,1.967,24.674,1.589,57.998,0.211,22.555,0.544,30.868,2.733,13.752,3.133,38.371,0.122,12.229,0.089,52.441,0.286,15.436,0.254,46.133,0.286,15.392,0.254,70.702,0.238,30.694,0.302,58.179,0.206,20.184,0.286,73.062,0.429,21.898,0.476,56.218,0.429,21.547,0.476,62.951,0.127,25.209,0.206
24.121,0.7,7.983,0.6,23.55,0.144,9.574,0.1,50.362,0.267,16.554,0.378,38.02,2.467,20.266,3.244,36.543,2.467,13.466,3.244,39.144,1.733,25.248,1.589,57.447,0.378,22.44,0.467,29.392,2.422,13.124,2.933,38.587,0.167,12.271,0.233,52.211,0.111,15.396,0.238,46.211,0.111,15.188,0.238,70.337,0.429,31.176,0.365,58.184,0.286,20.302,0.286,73.044,0.46,22.354,0.349,56.09,0.46,21.494,0.349,62.745,0.063,25.255,0.19
23.789,0.533,7.998,0.756,23.466,0.178,9.568,0.2,50.041,0.267,16.533,0.256,38.004,2.189,20.206,2.933,36.116,2.189,13.503,2.933,38.644,2.067,25.097,1.611,58.444,0.256,22.84,0.422,31.171,2.667,14.017,3.311,38.553,0.144,12.352,0.178,52.23,0.254,15.473,0.302,45.76,0.254,15.083,0.302,70.54,0.349,31.248,0.492,57.819,0.286,20.302,0.175,73.737,0.429,22.465,0.444,55.922,0.429,21.672,0.444,62.716,0.143,25.335,0.175
24.125,0.522,8.058,0.678,23.621,0.167,9.631,0.1,50.197,0.233,16.739,0.3,37.96,2.067,20.153,2.933,35.912,2.067,13.324,2.933,38.341,1.911,24.951,1.278,58.754,0.3,22.883,0.389,31.106,3,14.078,3.011,38.557,0.133,12.195,0.222,52.218,0.317,15.609,0.19,45.839,0.317,15.067,0.19,70.422,0.27,31.737,0.444,57.758,0.127,20.473,0.349,72.8,0.349,22.321,0.476,55.94,0.349,21.438,0.476,62.693,0.159,25.493,0.19
23.9,0.5,8.126,0.689,23.615,0.144,9.734,0.044,49.812,0.344,16.594,0.256,38.084,2.378,20.186,3.056,36.037,2.378,13.446,3.056,38.48,2.044,25.259,1.556,58.804,0.378,23.386,0.322,31.058,2.533,14.045,2.944,38.549,0.144,12.38,0.167,52.1,0.254,15.402,0.27,45.604,0.254,14.886,0.27,69.73,0.238,31.737,0.27,57.452,0.254,20.255,0.286,72.439,0.444,22.559,0.476,56.073,0.444,21.456,0.476,62.476,0.063,25.503,0.159
23.822,0.556,8.058,0.589,23.722,0.2,9.672,0.167,50.174,0.3,16.79,0.178,37.638,2.356,20.246,2.667,35.749,2.356,13.64,2.667,38.212,1.744,25.457,1.689,58.928,0.3,23.318,0.433,31.133,2.833,14.239,3.278,38.444,0.144,12.246,0.111,52.083,0.27,15.459,0.222,45.396,0.27,14.643,0.222,69.925,0.222,31.917,0.397,57.438,0.27,20.186,0.206,73.147,0.349,22.775,0.476,55.533,0.349,21.602,0.476,62.849,0.206,25.847,0.159
23.9,0.522,8.196,0.556,23.755,0.133,9.833,0.156,49.901,0.444,16.85,0.4,37.98,2.3,20.567,2.711,36.479,2.3,13.909,2.711,38.914,1.922,26.174,1.967,57.971,0.344,23.226,0.4,31.252,2.489,14.156,3.467,38.244,0.256,12.282,0.2,51.177,0.222,15.66,0.238,44.902,0.222,14.526,0.238,69.406,0.333,31.839,0.397,57.019,0.333,20.237,0.444,72.844,0.381,22.692,0.444,56.019,0.381,21.499,0.444,62.599,0.127,25.907,0.095
23.761,0.7,8.208,0.633,23.532,0.156,9.869,0.122,50.067,0.389,17.095,0.322,37.763,2.322,20.55,2.744,36.141,2.322,13.963,2.744,38.426,1.7,26.639,1.778,58.344,0.311,23.518,0.478,30.869,2.567,14.372,3.078,38.512,0.122,12.231,0.156,51.005,0.19,15.589,0.19,45.014,0.19,14.738,0.19,69.846,0.27,32.37,0.333,56.981,0.333,20.46,0.222,72.524,0.46,22.897,0.365,56.001,0.46,21.497,0.365,62.396,0.175,25.906,0.127
24.136,0.589,8.269,0.8,23.636,0.233,10.081,0.144,50.072,0.367,17.388,0.344,37.726,2.056,20.671,3,36.117,2.056,14.153,3,37.778,1.811,26.682,1.578,59.031,0.411,24.122,0.322,31.128,2.367,14.406,3.422,38.454,0.189,12.27,0.144,51.969,0.159,15.918,0.19,44.982,0.159,14.534,0.19,69.625,0.317,32.955,0.317,57.314,0.333,20.946,0.397,72.929,0.317,23.065,0.333,56.007,0.317,21.402,0.333,62.491,0.095,26.025,0.159
23.832,0.722,8.55,0.567,23.769,0.189,10.32,0.211,50.208,0.222,17.675,0.289,37.571,2.022,20.76,2.6,35.919,2.022,14.335,2.6,37.563,1.578,27.555,1.733,59.108,0.244,24.373,0.3,31.347,2.311,14.671,3.456,38.257,0.1,12.517,0.144,52.177,0.143,16.48,0.365,45.038,0.143,14.583,0.365,69.997,0.317,34.248,0.365,56.901,0.286,21.234,0.333,72.035,0.349,23.263,0.429,56.042,0.349,21.571,0.429,62.407,0.032,26.292,0.143
23.902,0.622,8.655,0.689,23.699,0.156,10.556,0.189,50.227,0.356,18.169,0.367,37.73,2.2,21.119,2.922,36.042,2.2,14.764,2.922,38.295,1.867,28.867,1.756,57.777,0.333,24.376,0.356,31.216,2.344,15.041,3.6,38.092,0.189,12.644,0.2,52.499,0.27,16.634,0.317,44.561,0.27,14.319,0.317,69.732,0.254,35.158,0.429,57.296,0.349,21.929,0.27,72.002,0.238,24.286,0.508,56.123,0.238,21.675,0.508,62.224,0.095,26.643,0.159
24.185,0.667,8.972,0.678,23.572,0.156,10.808,0.156,50.145,0.322,18.595,0.322,37.597,2.211,21.539,3.211,36.293,2.211,15.203,3.211,38.715,1.733,29.861,1.733,59.33,0.367,25.625,0.467,31.097,2.6,15.552,3.456,38.154,0.089,12.523,0.311,52.86,0.238,17.063,0.413,44.425,0.238,14.217,0.413,70.136,0.317,35.89,0.317,57.3,0.381,22.082,0.254,72.639,0.19,25.288,0.508,55.615,0.19,21.937,0.508,62.232,0.175,27.433,0.286
24.305,0.856,9.083,0.822,23.742,0.189,11.31,0.178,50.554,0.322,19.156,0.233,37.762,1.822,21.622,2.6,36.119,1.822,15.647,2.6,38.696,1.656,30.487,1.767,59.245,0.344,26.47,0.411,31.261,2.433,15.882,2.889,38.371,0.256,12.975,0.167,52.998,0.127,17.517,0.476,44.625,0.127,14.235,0.476,70.191,0.365,36.81,0.381,57.388,0.286,22.588,0.444,72.267,0.365,25.882,0.508,55.641,0.365,22.528,0.508,61.862,0.222,28.04,0.206
24.411,0.656,9.367,0.667,23.91,0.178,11.588,0.178,50.544,0.322,19.625,0.333,38.107,2.3,22.323,2.833,36.33,2.3,16.085,2.833,38.426,1.756,31.082,1.622,59.353,0.356,27.39,0.4,31.469,2.633,16.172,3.456,38.617,0.122,13.391,0.189,53.242,0.254,17.729,0.381,44.389,0.254,14.129,0.381,70.276,0.286,37.333,0.508,57.22,0.27,22.874,0.476,71.791,0.381,27.055,0.397,56.019,0.381,22.855,0.397,61.862,0.238,28.719,0.222
24.697,0.678,9.507,0.678,23.983,0.167,11.974,0.2,50.819,0.278,20.384,0.456,38.018,2.378,22.818,3.356,36.639,2.378,16.526,3.356,38.985,1.8,31.605,1.967,58.815,0.278,28.143,0.4,31.608,2.689,16.609,3.833,38.67,0.244,13.814,0.167,53.199,0.222,18.15,0.349,44.126,0.222,14.143,0.349,70.248,0.413,37.652,0.492,57.218,0.302,23.339,0.413,71.413,0.476,27.587,0.476,56.105,0.476,23.435,0.476,61.738,0.063,29.331,0.302
24.848,0.667,9.908,0.667,23.876,0.233,12.31,0.167,51.004,0.289,20.897,0.244,38.221,2.5,22.989,2.956,36.697,2.5,16.67,2.956,38.527,1.733,31.733,2.022,59.537,0.233,29.287,0.344,31.673,3.067,17.148,3.889,38.716,0.222,14.019,0.267,53.405,0.206,18.497,0.46,43.791,0.206,13.936,0.46,70.126,0.27,38.243,0.54,57.093,0.286,23.499,0.349,71.573,0.333,28.85,0.603,56.521,0.333,23.932,0.603,62.024,0.143,30.026,0.19
24.974,0.722,9.955,0.522,23.936,0.144,12.283,0.144,50.601,0.322,21.186,0.244,38.392,2.167,23.208,3.089,36.382,2.167,17.125,3.089,38.416,1.778,32.306,1.844,58.249,0.389,29.274,0.289,31.724,2.856,17.375,3.956,38.84,0.222,14.374,0.233,53.787,0.206,18.62,0.317,43.906,0.206,13.974,0.317,70.409,0.429,38.765,0.46,57.2,0.222,23.857,0.508,72.449,0.365,29.935,0.54,56.655,0.365,24.297,0.54,61.683,0.254,30.789,0.238
24.432,0.711,10.221,0.644,23.772,0.178,12.867,0.189,50.702,0.444,21.72,0.289,38.446,2,23.803,3.1,36.439,2,17.519,3.1,38.639,1.767,32.429,2.122,59.724,0.3,30.768,0.5,31.804,2.778,17.907,3.911,38.678,0.156,14.87,0.189,53.459,0.127,19.175,0.492,43.943,0.127,13.992,0.492,70.562,0.254,39.139,0.46,57.217,0.365,24.108,0.603,71.674,0.317,30.397,0.683,56.926,0.317,24.704,0.683,61.605,0.127,31.024,0.317
24.799,0.578,10.438,0.644,23.813,0.233,12.934,0.178,50.703,0.311,22.252,0.244,38.416,2.033,24.006,3.122,36.896,2.033,17.852,3.122,38.947,2.111,32.876,1.933,59.711,0.289,31.531,0.444,31.73,2.589,18.091,3.767,39.084,0.2,15.125,0.211,53.829,0.143,19.399,0.397,43.7,0.143,14.017,0.397,70.261,0.381,39.292,0.571,57.087,0.381,24.37,0.492,71.925,0.381,30.951,0.54,56.06,0.381,24.829,0.54,61.611,0.27,31.693,0.238
24.728,0.667,10.733,0.678,24.087,0.189,13.252,0.122,50.73,0.311,22.55,0.278,38.787,2.1,24.226,3.278,36.46,2.1,18.01,3.278,38.644,1.878,33.174,1.844,59.813,0.222,32.104,0.244,31.651,2.578,18.484,4.067,39.237,0.222,15.474,0.167,54.114,0.19,19.306,0.413,43.573,0.19,14.004,0.413,70.053,0.238,39.944,0.587,57.158,0.206,24.661,0.413,72.179,0.317,31.729,0.698,56.682,0.317,25.322,0.698,61.572,0.175,32.006,0.254
24.928,0.622,10.679,0.867,23.766,0.211,13.37,0.144,51.097,0.267,22.951,0.267,39.114,2.067,24.751,3.289,36.525,2.067,18.424,3.289,38.474,1.911,33.355,2.133,60.172,0.289,32.834,0.322,31.344,3.044,18.693,3.9,39.502,0.278,15.801,0.2,54.133,0.27,19.768,0.413,43.565,0.27,14.017,0.413,70.2,0.333,40.218,0.46,57.199,0.206,24.786,0.381,71.465,0.254,32.313,0.397,57.27,0.254,25.962,0.397,61.641,0.111,32.575,0.222
24.828,0.511,10.959,0.711,23.964,0.122,13.699,0.233,51.05,0.367,23.187,0.311,38.957,2.122,24.768,3.556,36.449,2.122,18.535,3.556,38.601,1.744,33.566,2.467,59.64,0.3,33.315,0.389,31.362,2.678,18.966,4.067,39.424,0.156,16.26,0.244,54.151,0.159,20.014,0.317,43.719,0.159,14.047,0.317,69.901,0.349,40.57,0.444,56.922,0.365,24.956,0.413,72.163,0.413,32.985,0.81,56.826,0.413,26.347,0.81,61.598,0.127,32.684,0.286
24.799,0.622,11.079,0.933,23.931,0.178,14.036,0.122,51.151,0.289,23.748,0.256,38.911,2.311,25.199,3.489,36.469,2.311,18.822,3.489,38.563,1.933,33.747,1.889,59.766,0.322,34.068,0.422,31.343,2.589,19.383,3.867,39.905,0.144,16.523,0.222,53.664,0.254,20.02,0.381,43.544,0.254,13.976,0.381,70.209,0.381,40.905,0.444,56.609,0.381,25.008,0.492,72.005,0.365,33.437,0.508,57.367,0.365,26.389,0.508,61.783,0.19,33.327,0.27
25.106,0.589,11.338,0.611,24.071,0.133,13.979,0.122,50.911,0.167,23.914,0.311,38.986,2.233,25.281,3.256,36.587,2.233,19.189,3.256,38.382,1.8,33.94,2.111,59.705,0.422,34.188,0.589,31.559,2.611,19.498,3.956,39.562,0.211,16.677,0.244,53.986,0.381,20.526,0.317,43.184,0.381,13.778,0.317,69.355,0.476,41.043,0.508,56.462,0.317,25.274,0.429,72.385,0.492,33.982,0.651,57.363,0.492,26.817,0.651,61.856,0.222,33.537,0.397
24.979,0.644,11.419,0.722,24.187,0.178,14.285,0.2,50.943,0.467,24.245,0.356,38.845,2.056,25.869,3.422,36.193,2.056,19.203,3.422,38.375,1.978,34.263,2.267,59.44,0.378,34.783,0.467,31.178,2.544,19.556,4.333,39.907,0.233,17.289,0.222,53.938,0.254,20.749,0.381,43.147,0.254,13.882,0.381,70.008,0.381,41.22,0.524,56.494,0.302,25.388,0.254,72.143,0.302,34.984,0.651,57.09,0.302,27.297,0.651,61.37,0.175,33.913,0.254
24.784,0.633,11.593,0.767,24.122,0.2,14.533,0.144,50.989,0.411,24.654,0.3,39.038,2.333,26.129,2.933,36.681,2.333,19.565,2.933,38.165,1.956,34.321,2.211,59.578,0.411,35.261,0.556,31.465,2.678,19.95,3.811,39.827,0.178,17.373,0.244,53.881,0.159,20.737,0.397,43.145,0.159,14.007,0.397,69.683,0.222,41.154,0.46,56.302,0.333,25.447,0.333,72.261,0.349,34.935,0.619,57.275,0.349,27.44,0.619,61.9,0.238,34.294,0.206
24.831,0.644,11.722,0.933,23.858,0.244,14.778,0.122,50.998,0.344,24.833,0.356,38.597,2.244,26.17,3.278,36.514,2.244,19.94,3.278,38.639,1.811,34.681,2.433,59.66,0.411,35.551,0.433,31.345,2.711,20.201,4.322,39.93,0.222,17.581,0.167,54.14,0.222,21.218,0.397,42.757,0.222,13.997,0.397,69.154,0.254,41.746,0.603,56.312,0.27,25.801,0.413,71.898,0.365,35.578,0.556,57.419,0.365,27.587,0.556,61.554,0.175,34.304,0.222
24.986,0.633,11.895,0.789,24.074,0.1,15.001,0.144,50.97,0.467,25.158,0.389,38.909,2.244,26.66,3.411,36.472,2.244,19.981,3.411,38.34,2.011,34.851,2.033,59.734,0.389,36.061,0.256,31.506,2.467,20.484,4.089,39.806,0.233,17.867,0.278,53.691,0.222,21.406,0.381,42.557,0.222,14.013,0.381,69.035,0.317,41.593,0.365,55.73,0.286,25.943,0.397,71.954,0.413,36.051,0.571,57.507,0.413,28.008,0.571,61.494,0.127,34.638,0.206
24.796,0.7,11.844,0.756,23.831,0.178,15.065,0.2,50.813,0.456,25.356,0.244,39.144,2.433,26.83,3.4,36.27,2.433,19.977,3.4,38.333,1.5,35.165,2.344,59.418,0.267,36.18,0.422,31.462,2.356,20.472,4.344,40.055,0.167,18.154,0.156,53.744,0.159,21.444,0.524,43.025,0.159,14.019,0.524,69.205,0.349,42.117,0.302,56.017,0.286,26.006,0.492,72.485,0.381,36.551,0.476,57.409,0.381,28.319,0.476,61.557,0.159,34.995,0.254
25.003,0.622,11.979,0.744,24.301,0.211,15.254,0.222,50.883,0.267,25.842,0.389,39.604,2.233,26.799,3.544,36.237,2.233,20.393,3.544,38.227,1.678,34.867,2.433,59.419,0.322,36.601,0.489,29.785,2.7,19.673,4.278,40.02,0.189,18.55,0.289,54.112,0.238,21.657,0.397,43.029,0.238,13.965,0.397,69.538,0.365,42.053,0.508,55.777,0.333,26.16,0.556,72.211,0.397,36.65,0.556,57.297,0.397,28.483,0.556,61.222,0.317,35.181,0.286
24.913,0.711,12.062,0.667,24,0.189,15.574,0.189,50.748,0.344,26.008,0.478,38.528,2.278,26.992,3.433,35.931,2.278,20.531,3.433,38.147,1.744,35.509,2.433,59.098,0.3,36.751,0.389,31.617,2.544,21.008,3.844,40.031,0.156,18.505,0.3,53.657,0.238,21.446,0.508,42.695,0.238,14,0.508,69.185,0.365,42.116,0.571,55.871,0.349,26.347,0.524,72.074,0.524,37.326,0.619,57.235,0.524,28.771,0.619,61.099,0.238,35.27,0.302
24.991,0.578,12.216,0.678,24.304,0.122,15.795,0.244,51.014,0.311,26.324,0.311,39.155,1.967,27.474,3.644,36.326,1.967,20.695,3.644,38.185,1.856,35.613,2.167,59.493,0.267,37.509,0.667,31.5,2.678,21.075,4.356,40.126,0.211,18.82,0.289,53.696,0.27,22.012,0.333,42.746,0.27,14.001,0.333,69.391,0.365,42.235,0.524,55.85,0.238,26.546,0.397,71.878,0.365,37.575,0.667,57.261,0.365,29.016,0.667,61.255,0.238,35.78,0.27
24.911,0.678,12.353,0.856,24.248,0.133,15.967,0.1,50.823,0.222,26.636,0.433,39.03,2.244,27.356,3.633,36.147,2.244,20.709,3.633,38.265,1.544,35.755,2.367,58.46,0.456,37.276,0.522,30.605,2.611,20.582,4.178,40.161,0.167,18.987,0.222,53.992,0.27,22.141,0.429,42.779,0.27,13.971,0.429,69.471,0.365,42.407,0.524,55.808,0.365,26.618,0.365,71.743,0.365,38.087,0.635,56.86,0.365,29.136,0.635,61.053,0.238,36.118,0.222
25.365,0.578,12.632,0.744,24.065,0.167,16.137,0.167,51.006,0.367,27.03,0.344,38.85,2.289,27.633,3.7,36.015,2.289,20.892,3.7,38.291,1.889,35.807,2.3,59.076,0.389,37.894,0.389,30.826,2.767,21.227,4.156,40.05,0.211,19.391,0.289,53.768,0.238,22.048,0.381,42.351,0.238,13.889,0.381,68.807,0.317,42.318,0.397,55.481,0.286,26.607,0.317,71.438,0.524,38.021,0.651,56.871,0.524,29.381,0.651,61.066,0.048,36.372,0.222
25.19,0.467,12.818,0.811,24.327,0.211,16.351,0.178,50.95,0.422,27.028,0.4,39.673,2.378,27.592,3.567,36.059,2.378,21.082,3.567,37.87,1.867,35.997,2.633,59.044,0.433,38.2,0.5,31.407,2.3,21.663,4.2,39.761,0.167,19.352,0.211,53.536,0.222,22.185,0.333,42.084,0.222,13.85,0.333,68.223,0.333,42.821,0.397,55.186,0.143,26.777,0.317,71.014,0.492,38.565,0.635,57,0.492,29.684,0.635,60.791,0.143,36.415,0.254
25.218,0.644,12.921,0.778,24.22,0.167,16.547,0.167,50.759,0.4,27.23,0.278,39.16,2.222,28.026,3.922,36.31,2.222,21.443,3.922,38.022,1.7,36.038,2.589,59.276,0.356,38.43,0.356,31.584,2.611,21.79,4,40.053,0.2,19.767,0.222,53.462,0.222,22.381,0.381,41.985,0.222,13.971,0.381,68.145,0.476,42.721,0.508,54.863,0.286,26.834,0.381,71.913,0.444,39.127,0.413,56.706,0.444,29.77,0.413,61.117,0.159,37.039,0.317
25.248,0.678,13.122,0.633,24.54,0.222,16.744,0.167,50.756,0.289,27.637,0.467,39.454,2.389,28.006,4.078,36.335,2.389,21.575,4.078,38.177,1.544,36.165,2.522,59.366,0.322,38.501,0.389,30.144,2.5,21.023,4.078,40.069,0.189,19.714,0.289,53.5,0.238,22.318,0.317,42.184,0.238,14.027,0.317,68.337,0.524,42.916,0.476,55.171,0.238,27.192,0.429,71.566,0.46,39.531,0.619,56.809,0.46,30.093,0.619,61.402,0.111,37.444,0.286
25.111,0.622,13.129,0.656,24.434,0.222,16.832,0.1,50.917,0.3,27.839,0.289,39.406,2.511,28.4,4.133,36.645,2.511,21.896,4.133,38.069,1.678,36.532,2.711,59.105,0.3,38.923,0.533,31.381,2.389,21.986,4.133,40.077,0.178,20.057,0.2,53.503,0.175,22.694,0.365,42.108,0.175,13.891,0.365,68.528,0.238,42.761,0.365,55.006,0.302,27.264,0.349,71.953,0.175,39.875,0.524,56.34,0.175,30.354,0.524,61.316,0.206,38.505,0.286
25.27,0.5,13.235,0.778,24.387,0.111,16.868,0.144,50.839,0.289,27.806,0.211,39.118,2.289,28.241,3.933,36.673,2.289,21.83,3.933,38.086,1.722,36.282,2.367,59.241,0.267,39.24,0.478,31.351,2.689,21.853,4.389,40.173,0.189,20.028,0.278,53.403,0.222,22.75,0.286,42.07,0.222,13.952,0.286,67.551,0.254,42.876,0.524,54.677,0.159,27.283,0.46,73.341,0.444,40.802,0.556,56.161,0.444,30.243,0.556,61.452,0.095,38.442,0.254
25.382,0.489,13.171,0.878,24.082,0.222,16.806,0.156,50.86,0.333,27.958,0.344,38.765,2.4,27.914,3.6,36.342,2.4,21.573,3.6,37.65,1.8,35.764,2.467,59.234,0.256,39.055,0.411,31.11,2.867,21.71,4.489,40.398,0.144,20.214,0.322,53.604,0.238,22.973,0.143,41.987,0.238,13.887,0.143,67.824,0.254,43.143,0.365,54.742,0.349,27.486,0.556,72.872,0.413,40.797,0.524,56.101,0.413,30.463,0.524,61.496,0.127,38.87,0.254
25.379,0.611,13.241,0.844,24.475,0.156,16.916,0.178,50.901,0.233,28.082,0.344,38.614,2.667,27.946,3.922,36.513,2.667,21.521,3.922,37.654,1.8,35.362,2.2,59.35,0.3,38.729,0.422,31.231,2.733,21.71,4.256,40.106,0.189,20.433,0.267,53.339,0.159,23.148,0.333,41.663,0.159,13.993,0.333,68.123,0.349,43.64,0.429,54.472,0.159,27.505,0.317,73.143,0.413,41.396,0.81,55.948,0.413,30.723,0.81,61.159,0.127,38.863,0.286
25.424,0.633,13.431,0.878,24.162,0.3,16.962,0.156,51.056,0.322,28.02,0.444,38.729,2.367,27.811,3.811,36.399,2.367,21.378,3.811,37.738,1.767,35.371,2.544,59.186,0.356,38.787,0.444,31.612,2.689,21.977,4.033,39.52,0.156,20.438,0.189,53.519,0.222,23.126,0.349,41.926,0.222,14.054,0.349,67.838,0.238,43.374,0.429,54.547,0.238,27.5,0.317,73.827,0.349,41.979,0.571,55.761,0.349,30.902,0.571,61.244,0.111,39.224,0.206
25.418,0.656,13.31,0.756,24.358,0.167,16.955,0.122,50.646,0.322,28.335,0.267,38.733,2.367,27.774,4.022,36.707,2.367,21.592,4.022,37.679,1.967,34.778,2.233,58.836,0.367,38.661,0.333,31.542,2.756,21.854,4.089,39.829,0.111,20.268,0.256,53.022,0.238,23.145,0.508,41.631,0.238,14.216,0.508,67.498,0.365,43.634,0.397,54.34,0.27,27.763,0.333,73.736,0.349,41.896,0.46,55.662,0.349,30.687,0.46,61.68,0.063,39.332,0.159
25.535,0.467,13.321,0.622,24.327,0.178,17.149,0.178,50.707,0.322,28.2,0.367,38.719,2.556,27.778,3.9,36.627,2.556,21.241,3.9,37.5,1.833,34.815,2.267,58.835,0.289,38.655,0.311,30.952,2.933,21.499,4.089,39.634,0.156,20.235,0.233,53.146,0.127,23.227,0.333,41.909,0.127,14.033,0.333,67.946,0.317,43.643,0.349,54.372,0.238,27.731,0.413,73.618,0.429,41.472,0.492,55.863,0.429,30.663,0.492,61.712,0.19,38.796,0.206
25.337,0.733,13.362,0.733,24.402,0.189,17.078,0.178,50.706,0.244,28.258,0.389,38.71,2.433,27.652,3.656,36.689,2.433,21.395,3.656,37.852,1.989,34.434,2.311,59.115,0.433,38.51,0.422,31.369,2.811,21.964,4.189,39.956,0.144,20.135,0.322,52.948,0.302,23.475,0.286,41.903,0.302,14.18,0.286,67.772,0.349,43.807,0.524,54.293,0.222,27.803,0.46,73.209,0.349,40.952,0.556,56.021,0.349,30.85,0.556,61.518,0.175,38.25,0.238
25.197,0.6,13.452,0.733,24.077,0.189,16.981,0.156,50.814,0.233,28.254,0.333,39.435,2.189,27.733,3.633,36.652,2.189,21.246,3.633,37.562,1.922,34.243,2.478,59.143,0.256,38.603,0.444,31.423,2.7,21.978,4.167,39.73,0.189,19.937,0.189,53.069,0.206,23.228,0.444,41.637,0.206,14.184,0.444,67.416,0.524,43.449,0.667,54.4,0.286,27.865,0.365,73.515,0.302,40.472,0.635,55.921,0.302,30.226,0.635,61.474,0.143,38.158,0.159
25.322,0.556,13.332,0.667,24.214,0.189,16.923,0.156,50.666,0.367,28.163,0.3,39.02,2.256,27.423,3.789,36.703,2.256,21.229,3.789,37.51,1.722,34.513,2.311,58.537,0.344,38.469,0.4,31.52,2.856,22.074,4.256,39.881,0.211,20.275,0.167,53.005,0.206,23.523,0.317,41.631,0.206,14.137,0.317,65.947,0.349,42.752,0.476,54.181,0.317,27.788,0.286,73.569,0.492,40.327,0.508,55.897,0.492,30.303,0.508,61.22,0.143,37.807,0.222
25.32,0.644,13.544,0.744,24.027,0.211,17.164,0.233,50.551,0.267,28.111,0.389,39.081,2.333,27.744,3.456,36.754,2.333,21.319,3.456,37.42,1.8,34.196,2.289,57.773,0.367,38.08,0.378,31.449,2.644,21.869,4.289,38.995,0.144,19.591,0.189,52.875,0.19,23.436,0.381,41.344,0.19,14.035,0.381,66.978,0.333,43.499,0.397,53.874,0.254,27.801,0.381,73.14,0.302,39.748,0.556,55.921,0.302,29.96,0.556,60.802,0.143,37.342,0.159
25.496,0.733,13.608,0.756,23.991,0.211,17.127,0.067,50.604,0.222,28.344,0.478,39.184,2.644,27.991,3.689,37.051,2.644,21.437,3.689,37.431,1.889,34.139,2.356,58.66,0.311,38.48,0.422,31.391,2.767,21.938,4.322,40.005,0.133,20.107,0.189,52.917,0.143,23.535,0.302,41.574,0.143,14.165,0.302,67.525,0.381,43.724,0.46,54.131,0.317,28.144,0.381,72.676,0.429,39.801,0.603,56.058,0.429,30.055,0.603,60.874,0.206,36.921,0.127
25.302,0.756,13.641,0.656,23.895,0.178,17.091,0.156,50.681,0.267,28.209,0.333,39.619,2.178,28.065,3.833,36.829,2.178,21.396,3.833,37.548,1.756,34.154,2.356,58.748,0.289,38.231,0.3,31.332,2.8,21.689,4.311,40.017,0.222,20.079,0.167,52.827,0.222,23.514,0.254,41.551,0.222,14.189,0.254,67.35,0.397,43.259,0.587,54.222,0.127,28.191,0.413,72.086,0.381,39.199,0.556,56.564,0.381,30.022,0.556,60.469,0.143,36.6,0.111
25.233,0.589,13.641,0.767,24.088,0.289,17.29,0.144,50.585,0.3,28.574,0.289,39.865,2.611,27.99,4.067,36.929,2.611,21.481,4.067,37.663,1.733,34.015,2.256,58.914,0.244,38.109,0.478,30.951,2.889,21.509,3.878,40.429,0.144,20.326,0.222,52.985,0.238,23.502,0.333,41.505,0.238,14.068,0.333,67.107,0.603,43.378,0.603,53.919,0.254,28.059,0.365,71.768,0.333,38.924,0.508,56.794,0.333,29.991,0.508,60.335,0.175,36.293,0.206
25.303,0.778,13.717,0.844,23.989,0.111,17.357,0.233,50.136,0.367,28.55,0.4,39.818,2.1,27.816,3.811,36.724,2.1,21.425,3.811,37.413,1.922,33.952,2.411,58.716,0.311,38.326,0.456,31.365,2.556,21.916,4.267,40.107,0.2,20.266,0.189,52.505,0.206,23.605,0.365,41.402,0.206,14.005,0.365,66.64,0.349,43.599,0.571,53.957,0.27,28.188,0.54,71.546,0.365,38.804,0.349,56.683,0.365,29.954,0.349,60.524,0.095,36.051,0.19
25.355,0.611,13.686,0.711,23.788,0.211,17.279,0.122,49.969,0.322,28.442,0.367,39.696,2.333,27.778,3.5,36.493,2.333,21.375,3.5,37.03,1.722,33.99,2.278,58.368,0.344,38.632,0.289,31.429,2.856,21.989,4.144,39.763,0.2,20.115,0.111,52.656,0.254,23.638,0.254,41.024,0.254,13.937,0.254,66.364,0.302,43.228,0.492,53.323,0.19,28.045,0.333,71.116,0.349,38.541,0.508,56.925,0.349,29.833,0.508,60.281,0.095,35.83,0.127
25.309,0.689,13.787,0.822,23.644,0.144,17.061,0.189,49.842,0.144,28.298,0.2,39.73,2.1,27.88,3.722,36.513,2.1,21.342,3.722,37.004,1.933,33.813,2.156,58.779,0.333,38.597,0.344,31.173,2.578,21.846,4.067,39.938,0.156,20.201,0.178,52.627,0.127,23.665,0.302,41.113,0.127,14.06,0.302,66.771,0.429,43.217,0.381,53.852,0.254,28.24,0.429,71.058,0.492,38.588,0.429,57.201,0.492,29.926,0.429,60.193,0.159,35.861,0.111
25.338,0.733,13.979,0.756,23.735,0.167,17.36,0.178,49.824,0.211,28.392,0.333,39.797,2.267,28.005,3.811,36.615,2.267,21.586,3.811,36.981,1.778,33.796,1.978,58.164,0.233,38.647,0.378,31.307,2.922,21.984,4.256,40.219,0.144,20.201,0.133,52.425,0.159,23.633,0.317,40.935,0.159,14.007,0.317,66.147,0.27,43.448,0.46,53.765,0.175,28.045,0.444,70.358,0.286,38.4,0.571,57.359,0.286,30.092,0.571,59.606,0.111,35.502,0.143
24.764,0.611,13.68,0.778,23.542,0.111,17.23,0.178,49.406,0.267,28.345,0.411,39.595,2.456,27.782,3.6,36.425,2.456,21.544,3.6,36.899,1.667,33.773,2.333,58.473,0.378,38.975,0.456,31.105,2.867,22.125,4.178,40.097,0.078,20.325,0.2,52.799,0.222,23.655,0.333,41.206,0.222,13.935,0.333,66.791,0.317,43.396,0.492,53.478,0.19,28.257,0.444,70.349,0.365,38.611,0.413,57.427,0.365,30.058,0.413,59.594,0.19,35.543,0.19
24.92,0.622,13.78,0.689,23.82,0.211,17.38,0.122,49.608,0.3,28.462,0.278,39.483,2.433,27.729,3.656,36.393,2.433,21.557,3.656,36.58,1.633,33.884,2.156,58.501,0.178,39.241,0.389,30.932,3.2,22.102,4.533,39.982,0.178,20.037,0.178,52.653,0.143,23.728,0.397,40.994,0.143,13.973,0.397,66.28,0.444,43.724,0.667,53.357,0.206,28.285,0.413,70.465,0.46,38.321,0.429,57.239,0.46,29.917,0.429,59.68,0.175,35.363,0.206
25.064,0.756,13.848,0.811,23.425,0.156,17.275,0.156,49.42,0.344,28.707,0.367,39.603,2.189,27.99,3.778,36.557,2.189,21.591,3.778,36.735,1.667,33.816,2.322,58.433,0.389,39.198,0.267,30.854,2.767,21.864,4.389,40.002,0.167,19.986,0.156,52.449,0.159,23.808,0.492,40.765,0.159,13.941,0.492,66.577,0.286,43.244,0.556,53.263,0.302,28.15,0.254,69.827,0.349,38.074,0.317,57.688,0.349,29.972,0.317,59.597,0.19,35.369,0.254
24.616,0.544,13.635,0.944,23.486,0.211,17.36,0.167,49.295,0.278,28.602,0.222,39.784,2.189,27.903,3.367,35.958,2.189,21.728,3.367,36.642,1.811,33.734,2.044,58.274,0.356,39.391,0.378,30.787,2.8,22.249,4.044,40.032,0.133,20.297,0.167,52.519,0.111,23.754,0.286,40.815,0.111,13.848,0.286,66.145,0.302,43.516,0.571,53.025,0.317,28.225,0.206,69.809,0.413,38.723,0.524,57.044,0.413,30.108,0.524,59.324,0.127,35.439,0.254
25.14,0.633,13.935,0.756,23.283,0.167,17.408,0.167,49.134,0.289,28.605,0.289,39.883,2.7,27.862,3.356,36.361,2.7,21.677,3.356,36.212,1.689,33.652,2.078,58.709,0.311,39.443,0.467,30.86,3.078,21.988,4.244,39.942,0.222,20.048,0.156,52.597,0.238,23.784,0.222,40.832,0.238,13.863,0.222,66.377,0.317,43.342,0.444,53.326,0.238,28.417,0.286,69.239,0.429,38.321,0.508,57.215,0.429,30.028,0.508,59.582,0.254,35.267,0.19
24.818,0.622,13.941,0.644,23.279,0.167,17.472,0.078,48.776,0.3,28.483,0.311,39.687,2.144,27.717,3.333,36.429,2.144,21.548,3.333,36.333,1.956,33.699,2.344,58.813,0.222,39.764,0.344,30.405,2.556,21.768,4.244,40.17,0.144,20.089,0.244,52.584,0.111,23.884,0.206,41.009,0.111,13.881,0.206,66.48,0.302,43.634,0.683,53.348,0.254,28.438,0.365,69.597,0.333,38.29,0.54,57.673,0.333,29.937,0.54,59.318,0.127,35.351,0.206
24.975,0.556,13.823,0.611,23.395,0.122,17.55,0.122,48.937,0.233,28.815,0.267,40.013,2.556,27.799,3.456,36.442,2.556,21.863,3.456,36.491,1.556,33.998,2.089,58.736,0.233,39.75,0.389,30.56,2.989,21.782,3.856,40.221,0.167,19.933,0.167,52.525,0.206,23.851,0.556,40.93,0.206,13.722,0.556,65.96,0.175,43.506,0.476,52.952,0.206,28.391,0.286,69.162,0.302,38.551,0.524,57.413,0.302,30.035,0.524,58.892,0.143,35.116,0.206
24.903,0.611,14.135,0.8,23.21,0.156,17.411,0.211,48.859,0.311,28.793,0.278,40.198,2.278,27.76,3.622,36.074,2.278,21.935,3.622,36.37,2.011,33.518,2.289,58.587,0.267,39.96,0.278,30.49,3.256,21.876,4.1,39.883,0.156,19.98,0.189,52.095,0.127,23.846,0.27,40.429,0.127,13.646,0.27,65.666,0.333,43.163,0.524,52.617,0.206,28.253,0.302,68.459,0.365,38.683,0.635,57.665,0.365,30.334,0.635,58.986,0.175,35.149,0.095
24.983,0.711,14.077,0.878,23.022,0.167,17.495,0.167,48.647,0.233,28.976,0.311,39.919,2.644,28.021,3.578,36.506,2.644,22.07,3.578,36.618,1.867,34.12,2.089,58.439,0.389,40.158,0.333,30.539,3.022,21.94,4.267,39.718,0.178,19.729,0.233,52.546,0.175,23.881,0.238,40.601,0.175,13.848,0.238,65.724,0.27,43.631,0.556,52.872,0.238,28.607,0.476,68.858,0.365,38.15,0.444,57.931,0.365,30.253,0.444,58.769,0.095,35.204,0.222
24.975,0.678,13.934,0.889,23.121,0.189,17.448,0.056,48.626,0.256,29.003,0.267,39.916,2.522,27.875,3.322,36.207,2.522,22.059,3.322,36.208,1.767,33.761,2.456,58.506,0.356,40.219,0.356,30.235,2.622,22.023,4.211,40.067,0.189,19.918,0.122,52.532,0.159,24.146,0.254,40.741,0.159,13.806,0.254,66.065,0.302,43.628,0.508,53.078,0.19,28.664,0.556,68.503,0.365,38.45,0.333,57.838,0.365,30.189,0.333,59.036,0.159,35.145,0.19
24.965,0.567,14.199,0.733,22.995,0.156,17.468,0.156,48.242,0.3,29.093,0.3,40.001,2.311,27.876,3.589,35.951,2.311,21.977,3.589,36.012,1.967,33.928,2.1,58.28,0.322,40.083,0.456,30.697,2.556,22.103,3.833,40.114,0.133,19.871,0.156,52.828,0.175,24.197,0.254,40.756,0.175,13.748,0.254,65.622,0.365,43.628,0.587,52.663,0.238,28.656,0.254,68.558,0.302,38.485,0.46,57.655,0.302,30.363,0.46,59.086,0.079,35.105,0.19
25.154,0.578,14.191,0.767,23.06,0.156,17.651,0.111,48.396,0.344,29.097,0.311,40.122,2.733,28.107,3.6,35.986,2.733,21.979,3.6,36.002,1.567,33.514,2.222,58.058,0.311,40.126,0.4,30.664,2.678,22.378,4.122,40.186,0.133,19.98,0.211,52.411,0.206,23.956,0.333,40.501,0.206,13.65,0.333,65.92,0.286,43.554,0.429,52.665,0.238,28.714,0.397,68.288,0.238,38.962,0.508,57.812,0.238,30.599,0.508,58.754,0.19,34.873,0.175
25.037,0.733,14.322,0.956,23.036,0.133,17.818,0.189,48.162,0.333,29.241,0.344,40.138,2.311,27.931,3.178,35.411,2.311,21.858,3.178,35.837,1.744,33.659,1.9,58.323,0.333,40.359,0.356,30.323,2.711,22.008,4.033,39.719,0.222,19.709,0.178,52,0.111,24.142,0.27,40.044,0.111,13.539,0.27,65.694,0.349,43.717,0.508,52.48,0.333,28.699,0.365,67.876,0.27,38.452,0.46,58.032,0.27,30.477,0.46,58.417,0.222,34.801,0.349
24.773,0.811,14.341,0.956,22.853,0.2,17.709,0.167,48.244,0.267,29.334,0.344,39.919,2.489,28.001,3.3,35.348,2.489,21.921,3.3,35.751,2.011,33.708,1.956,58.376,0.344,40.255,0.311,30.625,2.878,22.178,4.156,39.751,0.111,19.708,0.122,52.58,0.19,24.164,0.492,40.478,0.19,13.743,0.492,65.305,0.302,43.881,0.492,52.556,0.254,28.933,0.19,67.084,0.492,38.735,0.333,58.298,0.492,30.55,0.333,58.563,0.143,35.017,0.175
24.742,0.622,14.401,0.833,23.215,0.133,17.695,0.156,48.197,0.289,29.301,0.356,40.176,2.622,28.476,3.333,34.983,2.622,21.841,3.333,35.571,1.522,33.81,2.144,58.43,0.267,40.495,0.367,30.5,2.844,22.035,4.022,39.762,0.2,19.85,0.233,52.236,0.206,24.181,0.365,40.339,0.206,13.579,0.365,65.727,0.381,43.702,0.492,51.273,0.206,28.157,0.349,67.561,0.286,38.897,0.444,58.168,0.286,30.402,0.444,58.435,0.206,34.895,0.206
24.944,0.644,14.43,0.789,22.763,0.178,17.707,0.122,47.943,0.211,29.045,0.267,39.88,2.367,27.768,3.556,35.65,2.367,21.964,3.556,35.655,1.622,33.742,2.222,57.944,0.333,40.442,0.3,30.443,2.378,22.149,4.244,39.987,0.222,20.042,0.178,52.298,0.127,24.24,0.349,40.442,0.127,13.53,0.349,65.695,0.349,43.934,0.46,52.733,0.286,28.817,0.365,67.324,0.365,38.599,0.46,57.941,0.365,30.841,0.46,58.453,0.238,35.073,0.19
24.707,0.6,14.379,0.989,22.922,0.178,17.677,0.133,47.702,0.333,29.261,0.344,40.203,2.478,28.083,3.211,35.55,2.478,21.998,3.211,35.539,1.867,34.093,2.311,57.937,0.344,40.557,0.389,30.21,2.756,22.109,4.311,39.981,0.122,19.787,0.1,52.332,0.238,24.433,0.206,40.533,0.238,13.534,0.206,65.129,0.429,43.703,0.54,52.516,0.333,28.967,0.413,67.143,0.238,38.795,0.413,57.843,0.238,30.589,0.413,58.504,0.19,35.056,0.127
24.851,0.7,14.314,0.789,22.802,0.133,17.714,0.189,47.467,0.4,29.322,0.4,40.316,2.356,28.383,3.222,35.531,2.356,22.276,3.222,35.609,1.633,33.633,2.244,58.262,0.267,41.1,0.367,30.272,2.733,22.211,4.178,40.106,0.144,20.013,0.144,52.166,0.095,24.265,0.429,40.244,0.095,13.492,0.429,64.82,0.444,43.94,0.365,52.109,0.27,28.87,0.413,67.21,0.444,39.105,0.444,58.231,0.444,30.815,0.444,58.249,0.111,35.087,0.175
24.76,0.744,14.468,0.8,22.502,0.167,17.586,0.189,47.449,0.311,29.233,0.367,40.233,2.444,28.616,3.156,35.185,2.444,22.303,3.156,35.089,1.911,33.624,2.067,57.113,0.311,40.457,0.333,30.067,3.211,22.223,3.767,40.037,0.156,19.941,0.111,52.067,0.254,24.444,0.254,40.192,0.254,13.559,0.254,65.123,0.286,43.884,0.444,52.192,0.206,28.91,0.381,67.073,0.349,39.377,0.54,58.206,0.349,30.755,0.54,58.347,0.143,35.044,0.238
24.843,0.678,14.525,0.767,22.586,0.244,17.667,0.1,46.815,0.222,29.107,0.389,40.045,2.511,28.317,3.389,35.375,2.511,22.34,3.389,35.443,1.744,33.941,2.111,58.123,0.289,41.263,0.367,30.204,2.711,22.292,4.067,39.927,0.233,20.357,0.167,52.449,0.222,24.441,0.333,40.091,0.222,13.487,0.333,65.311,0.397,43.94,0.349,52.082,0.222,29.061,0.349,67.156,0.587,39.446,0.587,58.181,0.587,30.886,0.587,57.841,0.159,35.335,0.111
24.544,0.711,14.427,1,22.573,0.256,17.935,0.1,46.881,0.267,29.13,0.256,39.809,2.578,28.234,2.733,35.205,2.578,22.297,2.733,35.161,1.667,33.809,2.022,58.201,0.289,41.317,0.367,30.262,2.456,22.407,3.989,39.855,0.156,20.008,0.144,52.237,0.143,24.439,0.286,39.957,0.143,13.567,0.286,65.189,0.238,44.253,0.381,52.09,0.27,28.862,0.381,66.813,0.206,39.357,0.698,58.305,0.206,30.719,0.698,58.368,0.143,35.658,0.159
24.261,0.778,14.578,0.733,22.542,0.233,17.933,0.2,47.084,0.3,29.438,0.389,39.73,2.633,28.474,3.156,35.182,2.633,22.308,3.156,35.496,1.589,33.949,2.2,58.033,0.367,41.626,0.511,30.278,2.633,22.386,4,40.068,0.278,20.097,0.211,52.324,0.127,24.426,0.397,40.168,0.127,13.536,0.397,65.639,0.254,44.018,0.46,52.018,0.27,29.045,0.302,66.985,0.413,39.539,0.603,58.147,0.413,31.171,0.603,58.492,0.175,35.474,0.254
24.574,0.678,14.481,0.611,22.376,0.167,17.884,0.133,46.93,0.256,29.427,0.4,40.413,2.589,28.343,3.233,35.224,2.589,22.35,3.233,35.053,1.9,33.935,2.133,57.891,0.211,41.331,0.322,29.993,2.411,22.34,4.556,39.998,0.256,20.232,0.2,52.054,0.175,24.572,0.349,40.114,0.175,13.589,0.349,65.218,0.349,44.564,0.635,51.972,0.222,29.251,0.349,66.688,0.302,39.501,0.381,58.314,0.302,30.894,0.381,58.019,0.27,35.752,0.175
24.552,0.611,14.616,0.956,22.573,0.144,18.083,0.278,46.693,0.378,29.461,0.311,40.157,2.333,28.476,3.278,35.246,2.333,22.318,3.278,35.371,1.633,34.113,1.911,58.132,0.367,41.742,0.411,29.869,3.067,22.356,4.122,40.224,0.189,19.982,0.156,52.038,0.19,24.698,0.127,39.901,0.19,13.587,0.127,64.946,0.27,44.17,0.587,51.69,0.175,29.257,0.492,66.763,0.476,39.742,0.444,58.235,0.476,31.305,0.444,58.226,0.206,35.482,0.175
24.42,0.633,14.86,0.667,22.283,0.189,17.845,0.144,46.528,0.233,29.273,0.367,39.983,2.456,28.759,3.111,35.471,2.456,22.624,3.111,35.389,1.711,33.801,2.044,58.069,0.311,42.071,0.367,30.068,2.678,22.472,4.344,40.113,0.189,20.164,0.211,52.374,0.206,24.758,0.444,39.775,0.206,13.542,0.444,65.262,0.317,44.27,0.429,51.474,0.27,29.207,0.651,65.625,0.317,39.645,0.603,58.244,0.317,31.18,0.603,58.237,0.222,35.554,0.111
23.979,0.589,14.638,0.767,22.094,0.144,17.818,0.167,46.177,0.244,29.455,0.233,39.777,2.544,28.209,2.889,35.208,2.544,22.506,2.889,34.973,1.778,33.854,1.833,57.944,0.4,41.374,0.367,29.794,2.756,22.273,4.122,40.129,0.2,20.352,0.122,52.365,0.27,24.62,0.365,39.782,0.27,13.48,0.365,64.685,0.317,44.382,0.492,51.741,0.27,29.264,0.317,65.887,0.333,39.985,0.381,58.1,0.333,31.286,0.381,57.91,0.143,35.783,0.079
24.177,0.633,14.633,0.744,22.059,0.133,17.761,0.156,46.393,0.3,29.657,0.333,40.256,2.422,28.431,3.089,34.904,2.422,22.346,3.089,35.002,1.656,33.84,2.089,58.087,0.311,41.672,0.356,29.74,2.989,22.191,4.156,40.07,0.167,20.196,0.222,52.193,0.143,24.914,0.444,39.487,0.143,13.481,0.444,64.423,0.476,44.305,0.413,51.594,0.286,29.262,0.302,66.061,0.397,40.114,0.556,58.086,0.397,31.205,0.556,58.112,0.206,35.854,0.302
24.353,0.6,14.748,0.9,21.851,0.189,17.978,0.178,46.094,0.211,29.474,0.422,40.274,2.678,28.703,3.411,34.681,2.678,22.354,3.411,35.041,1.778,33.734,2,58.317,0.422,41.961,0.389,29.58,2.789,22.257,4.667,40.171,0.211,20.495,0.2,52.04,0.143,24.822,0.46,39.494,0.143,13.34,0.46,63.99,0.302,44.438,0.444,50.897,0.175,29.277,0.413,65.551,0.397,40.047,0.667,57.982,0.397,31.262,0.667,58.114,0.095,35.848,0.222
24.335,0.667,14.797,0.8,21.756,0.111,17.812,0.156,45.994,0.333,29.422,0.3,39.923,2.578,28.661,2.822,34.448,2.578,22.243,2.822,34.764,1.656,33.923,2.111,57.641,0.356,42.088,0.344,29.473,2.844,22.314,4.167,39.845,0.133,20.332,0.2,52.187,0.206,24.865,0.254,39.365,0.206,13.424,0.254,64.225,0.254,44.276,0.476,50.926,0.206,29.355,0.333,66.061,0.46,40.574,0.54,57.692,0.46,31.665,0.54,58.054,0.222,36.437,0.175
24.233,0.489,14.701,0.722,21.807,0.178,17.709,0.178,45.646,0.344,29.466,0.244,40.221,2.744,28.751,3.167,34.763,2.744,22.43,3.167,34.889,1.511,33.834,2.044,57.729,0.289,42.239,0.2,29.495,2.7,22.49,4.289,40.01,0.2,20.407,0.233,51.938,0.127,24.9,0.429,39.297,0.127,13.359,0.429,64.158,0.381,44.69,0.587,50.887,0.349,29.299,0.429,65.663,0.381,40.524,0.429,57.785,0.381,31.381,0.429,58.011,0.127,36.33,0.127
24.115,0.5,14.758,0.622,21.557,0.156,17.735,0.156,45.509,0.289,29.536,0.378,40.193,2.733,28.891,3.333,34.608,2.733,22.471,3.333,34.524,1.589,33.794,2.156,57.74,0.278,42.293,0.356,29.46,3.022,22.336,4.589,39.961,0.178,20.525,0.133,51.836,0.238,24.941,0.381,39.234,0.238,13.416,0.381,63.798,0.238,44.224,0.571,50.857,0.317,29.377,0.365,64.981,0.302,40.542,0.524,57.434,0.302,31.162,0.524,57.883,0.143,36.031,0.206
24.092,0.667,14.704,0.756,21.606,0.256,17.991,0.167,45.629,0.289,29.557,0.311,40.054,2.6,28.472,2.911,34.216,2.6,22.303,2.911,34.336,1.656,33.915,2.456,57.219,0.422,42.108,0.367,29.559,2.856,22.449,4.367,39.916,0.2,20.27,0.156,52.056,0.159,25.071,0.302,39.264,0.159,13.356,0.302,64.172,0.27,44.832,0.492,50.912,0.095,29.564,0.476,64.908,0.286,40.569,0.635,57.632,0.286,31.804,0.635,57.685,0.143,36.268,0.222
24.132,0.5,14.815,0.9,21.559,0.111,17.878,0.189,45.406,0.344,29.738,0.3,39.785,2.522,28.755,3.011,34.285,2.522,22.543,3.011,34.662,1.778,33.724,1.944,56.837,0.433,42.053,0.411,29.434,3.056,22.462,4.656,40.065,0.156,20.176,0.211,51.759,0.095,25.003,0.619,39.243,0.095,13.387,0.619,64.029,0.254,44.848,0.556,50.723,0.206,29.583,0.397,64.659,0.302,40.633,0.476,57.988,0.302,31.528,0.476,57.918,0.095,36.167,0.238
24.265,0.522,14.933,0.911,21.68,0.144,17.957,0.156,45.179,0.278,29.668,0.211,39.572,2.689,28.66,2.8,34.339,2.689,22.375,2.8,34.502,1.822,34.074,1.956,57.195,0.278,42.368,0.378,29.329,2.789,22.44,4.222,39.989,0.189,20.303,0.167,51.86,0.175,25.085,0.381,39,0.175,13.355,0.381,63.495,0.27,44.877,0.444,50.675,0.19,29.484,0.365,64.523,0.317,40.692,0.508,57.895,0.317,31.625,0.508,57.802,0.206,36.506,0.206
24.169,0.589,15.145,0.933,21.612,0.244,18.008,0.144,45.047,0.3,29.837,0.289,39.947,2.3,28.667,3.133,34.151,2.3,22.453,3.133,34.303,1.844,33.898,2.322,57.561,0.256,42.519,0.389,29.426,2.778,22.543,4.089,39.612,0.167,20.387,0.133,51.676,0.159,25.164,0.365,39.075,0.159,13.279,0.365,63.732,0.317,44.904,0.492,50.666,0.19,29.616,0.381,64.045,0.429,41.041,0.413,57.774,0.429,31.65,0.413,57.506,0.27,36.073,0.333
24.098,0.522,15.047,0.522,21.648,0.189,17.676,0.178,45.006,0.233,29.722,0.278,40.183,2.467,28.974,3.311,33.971,2.467,22.481,3.311,34.12,1.711,33.821,2.022,57.358,0.3,42.597,0.456,29.387,2.922,22.62,4.311,39.896,0.2,20.276,0.2,51.841,0.111,25.098,0.254,38.702,0.111,13.254,0.254,63.592,0.397,44.824,0.683,50.665,0.238,29.617,0.524,63.573,0.365,40.423,0.54,57.903,0.365,31.701,0.54,56.69,0.143,36.303,0.111
