Pgd_1-488,Pgd_1-BG,Pgd_1-568,Pgd_1-BG,Pgd_2-488,Pgd_2-BG,Pgd_2-568,Pgd_2-BG,Pgd_3-488,Pgd_3-BG,Pgd_3-568,Pgd_3-BG,Pgd_4-488,Pgd_4-BG,Pgd_4-568,Pgd_4-BG,Pgd_5-488,Pgd_5-BG,Pgd_5-568,Pgd_5-BG,Pgd_6-488,Pgd_6-BG,Pgd_6-568,Pgd_6-BG,Pgd_7-488,Pgd_7-BG,Pgd_7-568,Pgd_7-BG,Pgd_8-488,Pgd_8-BG,Pgd_8-568,Pgd_8-BG,Pgd_9-488,Pgd_9-BG,Pgd_9-568,Pgd_9-BG,Pgd_10-488,Pgd_10-BG,Pgd_10-568,Pgd_10-BG,Pgd_11-488,Pgd_11-BG,Pgd_11-568,Pgd_11-BG,Pgd_12-488,Pgd_12-BG,Pgd_12-568,Pgd_12-BG,Pgd_13-488,Pgd_13-BG,Pgd_13-568,Pgd_13-BG,Pgd_14-488,Pgd_14-BG,Pgd_14-568,Pgd_14-BG
34.773,0.194,15.143,0.213,36.095,0.194,10.925,0.213,30.482,1.667,10.931,0.694,21.986,1.667,6.975,0.694,30.403,0.407,15.447,0.472,37.806,0.407,16.035,0.472,21.534,0.306,13.751,0.38,84.644,0.463,43.234,1.046,76.84,3.759,34.189,4.259,42.065,0.175,32.043,0.325,33.013,0.2,15.054,0.4,31.752,0.375,14.053,0.525,38.837,0.375,21.62,0.525,27.335,0.312,16.913,0.125
23.265,0.25,9.911,0.213,26.585,0.25,7.57,0.213,30.246,2.065,11.134,0.593,21.882,2.065,6.889,0.593,30.606,0.333,14.976,0.454,38.394,0.333,15.934,0.454,27.398,0.204,15.81,0.5,83.847,0.38,42.851,1.009,77.094,4.389,33.982,4.12,58.581,0.15,38.649,0.262,39.778,0.25,14.76,0.275,49.04,0.625,13.824,0.488,62.302,0.625,21.611,0.488,43.603,0.637,16.657,0.25
31.599,0.241,14.053,0.241,35.587,0.241,10.729,0.241,30.305,1.917,11.158,0.519,21.902,1.917,6.872,0.519,30.478,0.352,14.81,0.519,38.414,0.352,15.51,0.519,29.145,0.306,15.951,0.333,83.263,0.546,42.167,1.083,76.092,3.991,33.68,3.972,78.26,0.188,47.264,0.287,52.392,0.375,18.19,0.325,49.628,0.575,17.307,0.625,61.568,0.575,26.84,0.625,43.762,0.438,20.743,0.387
28.087,0.259,12.522,0.176,35.261,0.259,10.43,0.176,30.367,1.954,11.287,0.519,21.994,1.954,6.822,0.519,30.482,0.306,14.433,0.426,38.294,0.306,15.152,0.426,29.603,0.241,15.674,0.398,80.489,0.444,40.44,1.093,75.548,4.065,33.311,4.407,82.364,0.275,49.496,0.363,51.365,0.237,18.117,0.3,49.383,0.463,17.444,0.562,61.88,0.463,26.65,0.562,43.616,0.525,20.671,0.325
34.261,0.296,14.892,0.213,35.47,0.296,10.233,0.213,30.516,2.148,11.443,0.583,21.765,2.148,6.966,0.583,30.299,0.315,14.179,0.528,38.563,0.315,14.943,0.528,30.067,0.315,15.408,0.352,76.767,0.426,38.743,0.981,74.527,4.093,32.888,4.259,83.514,0.225,50.474,0.287,52.375,0.275,18.064,0.35,48.6,0.488,17.026,0.55,63.019,0.488,27.061,0.55,43.431,0.375,20.494,0.325
34.11,0.231,14.437,0.222,35.211,0.231,10.251,0.222,30.608,2.065,11.252,0.713,21.849,2.065,6.931,0.713,30.52,0.361,14.177,0.333,38.486,0.361,14.861,0.333,30.357,0.241,15.046,0.38,75.003,0.435,37.292,1.074,74.596,3.898,32.814,4.222,83.493,0.138,50.547,0.3,51.682,0.287,17.919,0.275,48.691,0.5,17.663,0.938,61.895,0.5,26.912,0.938,43.607,0.512,20.465,0.363
34.34,0.241,14.54,0.222,35.039,0.241,10.023,0.222,30.46,1.889,11.233,0.546,21.691,1.889,6.838,0.546,30.06,0.278,13.932,0.5,38.854,0.278,14.55,0.5,30.499,0.296,14.618,0.398,75.466,0.398,37.838,1.102,74.654,4.157,32.56,4,84.226,0.162,50.141,0.237,50.37,0.275,17.551,0.3,48.037,0.562,17.416,0.55,46.812,0.562,20.758,0.55,43.406,0.438,20.246,0.312
34.409,0.278,14.398,0.241,35.022,0.278,9.969,0.241,30.287,1.972,11.378,0.556,21.78,1.972,6.955,0.556,30.225,0.398,13.723,0.528,38.81,0.398,14.296,0.528,30.376,0.213,14.2,0.38,75.053,0.417,37.039,1.009,73.687,3.954,32.041,3.954,83.929,0.15,50.009,0.2,51.176,0.2,17.647,0.387,47.676,0.575,17.135,0.575,62.023,0.575,26.627,0.575,42.926,0.425,19.953,0.213
34.196,0.269,14.3,0.204,34.974,0.269,9.698,0.204,30.359,2.167,11.308,0.593,21.652,2.167,6.746,0.593,30.181,0.38,13.646,0.537,38.68,0.38,14.232,0.537,30.361,0.269,13.85,0.296,76.288,0.593,36.69,0.889,73.905,4.009,31.839,4.38,84.073,0.213,49.856,0.225,51.217,0.375,17.649,0.175,47.127,0.512,17.069,0.613,61.397,0.512,26.563,0.613,21.688,0.425,9.563,0.387
33.984,0.176,13.958,0.185,35.093,0.176,9.562,0.185,30.724,2.074,11.406,0.454,16.188,2.074,5.159,0.454,30.162,0.444,13.625,0.565,38.622,0.444,14.167,0.565,29.752,0.296,13.277,0.361,76.169,0.315,37.252,1.065,73.213,3.981,31.202,4.241,83.703,0.138,49.04,0.287,51.102,0.188,17.486,0.213,46.537,0.488,16.832,0.663,61.978,0.488,27.039,0.663,41.914,0.375,19.26,0.162
33.539,0.25,13.509,0.102,34.684,0.25,9.503,0.102,30.66,2.083,11.319,0.602,21.38,2.083,6.91,0.602,30.183,0.472,13.691,0.491,38.962,0.472,13.994,0.491,30.096,0.269,13.072,0.426,76.846,0.343,37.202,0.87,72.362,4.083,30.595,3.963,81.135,0.25,47.237,0.438,45.701,0.262,15.91,0.287,32.884,0.425,11.673,0.488,61.21,0.425,26.749,0.488,42.529,0.438,19.613,0.387
33.589,0.269,13.637,0.157,33.328,0.269,9.079,0.157,31.241,0.676,11.397,0.37,21.399,0.676,6.822,0.37,30.196,0.306,13.373,0.315,38.776,0.306,13.828,0.315,30.452,0.231,12.751,0.417,77.29,0.38,37.546,1.083,71.52,3.972,30.027,3.648,79.55,0.262,45.819,0.237,50.13,0.363,17.239,0.4,44.898,0.463,16.176,0.4,62.113,0.463,27.113,0.4,42.604,0.312,19.308,0.162
32.893,0.204,13.285,0.222,34.019,0.204,8.961,0.222,31.673,1.787,11.497,0.5,21.4,1.787,6.687,0.5,30.15,0.361,13.239,0.426,38.946,0.361,13.811,0.426,30.307,0.296,12.316,0.454,75.53,0.481,36.358,1.037,70.779,3.676,29.297,3.907,77.518,0.262,43.741,0.2,50.366,0.237,17.183,0.225,45.217,0.538,16.361,0.6,61.161,0.538,26.47,0.6,42.591,0.5,19.247,0.287
32.439,0.213,13.048,0.213,33.582,0.213,8.765,0.213,31.544,1.935,11.552,0.694,21.068,1.935,6.677,0.694,29.936,0.278,13.252,0.398,38.72,0.278,13.632,0.398,30.292,0.333,12.239,0.343,77.532,0.361,36.71,0.935,69.142,3.444,28.53,3.898,77.689,0.188,43.738,0.312,50.064,0.3,17.148,0.363,44.294,0.55,16.477,0.637,60.519,0.55,26.361,0.637,42.121,0.463,19.019,0.287
32.452,0.157,12.887,0.315,33.305,0.157,8.622,0.315,32.137,1.694,11.707,0.481,21.195,1.694,6.67,0.481,30.076,0.352,13.209,0.398,38.846,0.352,13.602,0.398,30.651,0.194,11.949,0.241,75.892,0.398,36.109,1.065,67.392,3.769,27.568,4.083,78.016,0.275,43.579,0.25,49.285,0.2,17.194,0.275,43.389,0.438,16.204,0.613,60.851,0.438,26.844,0.613,41.339,0.45,18.961,0.4
31.973,0.231,12.8,0.167,32.771,0.231,8.485,0.167,32.091,1.852,11.831,0.565,20.912,1.852,6.73,0.565,29.763,0.324,13.022,0.324,38.925,0.324,13.343,0.324,30.667,0.194,11.8,0.25,75.333,0.444,35.465,0.815,66.596,3.75,27.194,3.593,80.123,0.15,45.349,0.275,48.457,0.2,17.096,0.325,43.08,0.375,16.215,0.525,60.136,0.375,26.914,0.525,41.536,0.387,18.894,0.325
31.889,0.204,12.423,0.167,32.712,0.204,8.305,0.167,32.545,1.63,11.819,0.574,21.122,1.63,6.801,0.574,30.178,0.333,12.911,0.435,38.694,0.333,13.267,0.435,30.911,0.231,11.679,0.352,73.83,0.417,35.148,0.852,64.693,3.519,26.265,3.5,81.157,0.237,46.399,0.237,48.958,0.225,17.174,0.325,43.045,0.412,16.133,0.488,59.696,0.412,26.58,0.488,41.532,0.275,18.755,0.25
31.392,0.296,12.216,0.213,32.192,0.296,8.136,0.213,32.523,1.667,12.043,0.472,21.242,1.667,6.687,0.472,29.626,0.435,12.958,0.454,38.79,0.435,13.486,0.454,31.063,0.231,11.727,0.287,72.731,0.435,34.4,0.824,64.25,3.917,26.102,3.667,80.364,0.213,46.118,0.225,48.699,0.275,17.189,0.387,41.985,0.525,15.99,0.525,60.393,0.525,27.086,0.525,41.421,0.412,18.675,0.262
31.164,0.231,11.928,0.167,32.001,0.231,8.182,0.167,32.751,2.009,11.96,0.528,20.824,2.009,6.806,0.528,30.091,0.324,13.019,0.481,38.725,0.324,13.298,0.481,31.111,0.287,11.56,0.389,72.097,0.435,34.071,0.852,62.642,3.741,25.472,3.574,79.601,0.138,45.945,0.262,48.228,0.188,17.119,0.325,42.1,0.463,16.018,0.712,60.667,0.463,27.174,0.712,41.118,0.387,18.607,0.213
30.547,0.278,11.829,0.333,31.598,0.278,7.882,0.333,33.054,1.648,12.023,0.454,20.91,1.648,6.63,0.454,29.833,0.259,12.849,0.426,38.567,0.259,13.416,0.426,31.367,0.306,11.447,0.37,71.275,0.417,33.691,0.843,61.739,4.009,25.059,3.398,78.819,0.188,45.61,0.188,47.39,0.25,17.012,0.25,41.977,0.475,16.017,0.4,60.502,0.475,27.146,0.4,40.858,0.463,18.601,0.325
30.477,0.269,11.656,0.194,31.26,0.269,7.711,0.194,33.127,1.741,11.951,0.546,20.696,1.741,6.913,0.546,29.694,0.426,12.808,0.37,38.828,0.426,13.331,0.37,31.507,0.259,11.394,0.306,70.1,0.454,32.716,0.852,60.494,3.759,24.514,3.278,78.435,0.1,45.651,0.312,47.597,0.275,17.129,0.363,41.447,0.525,16.156,0.613,60.019,0.525,27.294,0.613,40.989,0.338,18.398,0.175
30.328,0.278,11.405,0.287,30.954,0.278,7.514,0.287,33.449,1.713,12.01,0.546,20.717,1.713,6.746,0.546,29.71,0.278,12.879,0.509,38.637,0.278,13.209,0.509,31.296,0.269,11.212,0.343,68.595,0.463,32.408,0.667,59.793,3.537,24.062,3.222,77.727,0.287,45.365,0.125,46.899,0.262,17.024,0.325,41.155,0.35,15.98,0.725,59.556,0.35,27.284,0.725,40.772,0.45,18.328,0.287
29.844,0.315,11.352,0.25,30.977,0.315,7.48,0.25,33.717,1.537,12.357,0.389,20.42,1.537,6.775,0.389,29.55,0.343,12.871,0.481,38.432,0.343,13.173,0.481,31.341,0.231,11.188,0.306,64.237,0.38,30.158,0.824,58.793,3.611,23.798,3.278,77.334,0.125,45.141,0.15,47.136,0.325,17.115,0.2,40.142,0.512,15.922,0.587,60.486,0.512,27.535,0.587,40.32,0.488,18.229,0.175
29.48,0.241,10.968,0.222,30.153,0.241,7.392,0.222,34.093,1.676,12.175,0.472,20.58,1.676,6.784,0.472,29.685,0.324,12.723,0.38,38.55,0.324,13.257,0.38,31.579,0.241,11.096,0.324,64.614,0.435,30.479,0.713,58.148,3.769,23.325,3.444,76.983,0.15,44.861,0.25,46.792,0.225,17.298,0.262,40.053,0.525,15.648,0.6,59.883,0.525,27.593,0.6,40.306,0.3,18.015,0.237
28.879,0.185,10.999,0.259,29.907,0.185,7.218,0.259,34.288,1.611,12.395,0.509,20.532,1.611,6.71,0.509,29.534,0.324,12.784,0.259,38.6,0.324,13.114,0.259,31.688,0.222,11.058,0.361,66.846,0.435,31.867,0.88,57.529,3.5,23.341,3.037,76.559,0.325,44.793,0.25,46.85,0.162,17.272,0.262,39.914,0.325,15.974,0.45,59.239,0.325,27.361,0.45,40.112,0.325,17.919,0.225
28.972,0.231,11.104,0.25,29.731,0.231,7.187,0.25,34.461,1.685,12.396,0.5,20.388,1.685,6.74,0.5,29.782,0.435,12.668,0.398,38.326,0.435,13.126,0.398,31.555,0.204,11.05,0.315,67.138,0.407,31.829,0.824,57.273,3.093,22.917,3.028,76.308,0.112,44.828,0.25,46.57,0.225,17.479,0.213,39.9,0.375,16.105,0.438,59.14,0.375,27.57,0.438,40.094,0.438,18.006,0.162
28.763,0.296,10.786,0.204,29.664,0.296,7.17,0.204,34.577,1.75,12.506,0.528,20.376,1.75,6.879,0.528,29.833,0.389,12.477,0.25,38.576,0.389,13.248,0.25,31.701,0.204,10.898,0.306,65.897,0.352,32.035,0.778,56.719,3.444,22.789,3.102,66.614,0.225,38.282,0.2,46.609,0.213,17.497,0.325,39.534,0.3,15.794,0.438,58.745,0.3,27.714,0.438,39.98,0.312,17.827,0.3
28.504,0.25,10.529,0.269,29.247,0.25,7.018,0.269,34.574,1.435,12.639,0.417,20.095,1.435,6.853,0.417,29.45,0.259,12.665,0.361,38.413,0.259,13.175,0.361,31.421,0.25,10.703,0.352,65.65,0.463,30.91,0.898,56.217,3.556,22.533,2.963,75.42,0.237,44.685,0.275,46.046,0.25,17.356,0.325,38.835,0.463,15.742,0.412,58.699,0.463,27.744,0.412,39.808,0.363,17.916,0.225
28.366,0.241,10.485,0.204,29.148,0.241,6.978,0.204,34.458,1.713,12.489,0.37,20.28,1.713,6.804,0.37,29.56,0.417,12.567,0.435,38.653,0.417,13.005,0.435,31.757,0.333,10.902,0.306,65.471,0.37,30.911,0.981,56.043,3.556,22.432,2.889,74.906,0.125,44.417,0.3,45.727,0.213,17.476,0.375,38.636,0.3,15.682,0.438,58.358,0.3,27.798,0.438,39.435,0.4,17.793,0.138
27.972,0.157,10.326,0.204,28.791,0.157,6.859,0.204,34.152,1.648,12.778,0.519,20.436,1.648,6.877,0.519,29.57,0.333,12.691,0.324,38.394,0.333,13.013,0.324,31.387,0.157,10.741,0.333,65.329,0.361,31.028,0.657,55.581,3.241,22.393,3.102,74.814,0.213,44.753,0.237,45.816,0.2,17.343,0.3,38.688,0.463,16.149,0.55,58.756,0.463,27.907,0.55,39.363,0.35,17.662,0.262
27.53,0.287,10.34,0.204,28.72,0.287,6.803,0.204,34.645,1.843,12.778,0.343,20.185,1.843,6.987,0.343,29.243,0.315,12.639,0.519,38.515,0.315,13.02,0.519,31.48,0.157,10.645,0.324,64.609,0.389,30.691,0.685,55.175,3.417,22.247,3.194,73.66,0.188,43.984,0.225,45.851,0.213,17.624,0.312,38.337,0.312,15.966,0.488,58.364,0.312,27.887,0.488,39.068,0.375,17.585,0.237
27.854,0.204,10.289,0.213,28.285,0.204,6.816,0.213,34.873,1.63,12.962,0.435,20.225,1.63,6.91,0.435,29.322,0.259,12.413,0.417,38.332,0.259,13.291,0.417,31.152,0.25,10.58,0.315,63.741,0.25,30.427,0.833,54.279,3.593,22.086,3,64.26,0.087,37.699,0.312,45.462,0.237,17.661,0.3,38.093,0.312,15.949,0.5,57.438,0.312,27.998,0.5,39.029,0.387,17.648,0.225
27.812,0.176,10.165,0.222,28.577,0.176,6.8,0.222,34.875,1.602,12.992,0.38,20.178,1.602,7.025,0.38,29.612,0.222,12.564,0.472,38.179,0.222,13.054,0.472,31.287,0.278,10.565,0.38,62.452,0.343,30.399,0.759,53.836,3.62,22.016,2.907,68.443,0.125,40.357,0.3,45.187,0.237,17.611,0.325,37.831,0.262,15.793,0.425,57.885,0.262,28.313,0.425,39.006,0.237,17.429,0.237
27.591,0.241,10.219,0.222,28.149,0.241,6.734,0.222,34.765,1.898,13.117,0.352,20.229,1.898,6.959,0.352,29.696,0.269,12.543,0.324,38.227,0.269,13.281,0.324,31.355,0.157,10.496,0.343,62.713,0.417,30.268,0.759,53.351,3.917,21.789,3.481,73.289,0.2,44.805,0.35,45.578,0.2,17.77,0.237,37.039,0.387,15.868,0.237,58.166,0.387,28.199,0.237,38.931,0.375,17.58,0.188
27.574,0.241,10.2,0.259,28.129,0.241,6.644,0.259,34.987,1.852,12.998,0.537,20.163,1.852,7.072,0.537,29.319,0.296,12.55,0.38,38.326,0.296,13.183,0.38,31.485,0.157,10.568,0.241,62.74,0.315,30.194,0.806,53.629,3.722,21.896,3,73.214,0.275,44.947,0.213,44.496,0.325,17.67,0.287,37.13,0.387,15.777,0.338,57.305,0.387,28.289,0.338,38.78,0.312,17.428,0.1
27.272,0.204,10.107,0.194,27.685,0.204,6.601,0.194,34.69,1.444,13.205,0.361,20.247,1.444,7.1,0.361,29.553,0.343,12.276,0.324,38.525,0.343,13.167,0.324,31.611,0.185,10.516,0.38,62.694,0.37,30.497,0.778,53.456,3.25,21.752,3.176,73.034,0.287,45.25,0.162,44.727,0.237,17.721,0.4,37.348,0.412,15.75,0.387,56.851,0.412,28.12,0.387,38.75,0.412,17.263,0.188
26.92,0.12,9.986,0.231,28.027,0.12,6.671,0.231,35.05,1.676,13.292,0.426,20.196,1.676,7.137,0.426,29.338,0.333,12.555,0.454,37.651,0.333,12.798,0.454,31.318,0.194,10.497,0.259,62.461,0.398,30.139,0.694,53.044,3.472,21.862,3.185,72.883,0.175,45.292,0.262,44.637,0.237,17.869,0.25,36.784,0.363,16.227,0.35,57.312,0.363,28.429,0.35,38.752,0.375,17.198,0.138
27.225,0.231,10.053,0.157,27.774,0.231,6.667,0.157,35.232,1.63,13.46,0.454,20.096,1.63,7.157,0.454,29.37,0.352,12.367,0.343,38.14,0.352,13.15,0.343,31.256,0.213,10.538,0.269,62.602,0.37,30.414,0.824,53.205,3.546,21.816,3.046,72.945,0.25,45.456,0.237,43.293,0.275,17.642,0.287,36.543,0.35,15.985,0.375,56.811,0.35,28.475,0.375,38.169,0.275,17.398,0.262
27.304,0.213,9.97,0.139,27.601,0.213,6.619,0.139,35.23,1.509,13.509,0.454,20.215,1.509,7.157,0.454,29.224,0.361,12.648,0.296,38.362,0.361,13.339,0.296,31.433,0.222,10.481,0.315,63.012,0.444,30.189,0.676,53.249,3.519,21.879,3.278,73.382,0.15,45.91,0.3,44.247,0.213,17.948,0.312,36.573,0.237,16.225,0.5,57.306,0.237,28.507,0.5,38.349,0.338,17.224,0.225
27.156,0.25,9.962,0.204,27.555,0.25,6.476,0.204,35.176,1.602,13.475,0.417,19.998,1.602,7.212,0.417,29.476,0.389,12.551,0.278,37.75,0.389,13.397,0.278,31.319,0.25,10.53,0.343,63.185,0.306,30.834,0.796,53.304,3.491,22.175,3.241,73.386,0.175,46.344,0.262,44.342,0.262,18.09,0.275,35.765,0.312,15.831,0.262,56.62,0.312,28.788,0.262,38.217,0.338,17.069,0.25
27.195,0.222,10.088,0.222,27.635,0.222,6.484,0.222,35.402,1.546,13.622,0.491,20.079,1.546,7.294,0.491,29.265,0.343,12.451,0.352,37.69,0.343,13.372,0.352,31.379,0.259,10.579,0.389,62.709,0.454,30.858,0.944,52.847,3.324,22.015,3.241,72.593,0.2,46.056,0.237,43.277,0.162,17.758,0.3,36.07,0.225,15.947,0.287,56.214,0.225,28.768,0.287,38.089,0.375,17.061,0.15
27.354,0.176,10.068,0.148,27.629,0.176,6.56,0.148,35.037,1.63,13.826,0.435,20.4,1.63,7.416,0.435,29.305,0.278,12.302,0.352,37.799,0.278,13.341,0.352,31.331,0.259,10.466,0.361,63.053,0.417,30.333,0.843,53.41,3.528,22.15,2.963,72.897,0.287,46.651,0.213,44.208,0.237,18.153,0.188,35.29,0.15,15.837,0.35,56.635,0.15,29.157,0.35,37.926,0.25,17.177,0.287
27.082,0.148,10.176,0.176,27.512,0.148,6.462,0.176,35.182,1.343,13.719,0.5,20.168,1.343,7.398,0.5,29.254,0.324,12.543,0.435,37.58,0.324,13.351,0.435,31.318,0.25,10.468,0.296,63.066,0.343,30.871,0.787,53.241,4.009,22.204,2.843,73.154,0.162,47.039,0.225,43.887,0.262,18.454,0.387,35.335,0.162,15.954,0.475,56.347,0.162,29.093,0.475,37.968,0.338,16.953,0.213
27.312,0.222,10.143,0.185,27.907,0.222,6.552,0.185,34.966,1.722,13.785,0.583,20.21,1.722,7.523,0.583,29.365,0.222,12.468,0.463,37.897,0.222,13.359,0.463,31.556,0.37,10.498,0.222,62.568,0.398,30.644,0.722,53.413,3.935,22.287,2.796,72.675,0.225,46.865,0.213,43.954,0.312,18.498,0.338,35.324,0.312,15.958,0.363,56.14,0.312,29.204,0.363,37.846,0.3,17.015,0.2
27.601,0.259,10.196,0.25,27.57,0.259,6.761,0.25,35.018,1.454,13.914,0.417,20.495,1.454,7.518,0.417,29.283,0.278,12.528,0.398,37.712,0.278,13.554,0.398,31.55,0.296,10.505,0.278,62.43,0.444,30.439,0.704,53.321,3.935,22.353,3.241,72.987,0.213,47.706,0.287,43.502,0.287,18.61,0.237,35.4,0.237,16.049,0.3,56.283,0.237,29.716,0.3,37.549,0.2,17.122,0.2
27.614,0.148,10.092,0.111,27.353,0.148,6.545,0.111,34.847,1.741,13.969,0.481,20.58,1.741,7.644,0.481,29.187,0.231,12.602,0.463,37.707,0.231,13.404,0.463,31.297,0.13,10.557,0.324,62.131,0.444,30.875,0.731,52.87,4.13,22.331,3.204,72.77,0.15,47.565,0.287,43.728,0.262,18.598,0.35,35.143,0.25,16.255,0.363,55.79,0.25,29.362,0.363,37.457,0.287,16.952,0.213
27.605,0.287,10.198,0.185,24.597,0.287,6.088,0.185,35.154,1.426,14.06,0.426,20.28,1.426,7.751,0.426,29.355,0.343,12.551,0.37,37.575,0.343,13.549,0.37,31.624,0.213,10.715,0.315,61.867,0.481,30.547,0.796,52.743,3.769,22.298,2.963,72.342,0.162,47.683,0.188,43.416,0.338,18.719,0.3,34.884,0.3,15.936,0.35,55.751,0.3,29.473,0.35,37.454,0.312,16.792,0.213
27.227,0.167,10.079,0.12,26.516,0.167,6.339,0.12,34.779,1.731,14.109,0.407,20.405,1.731,7.86,0.407,29.126,0.333,12.619,0.37,38.021,0.333,13.633,0.37,31.42,0.167,10.697,0.231,61.422,0.398,30.705,0.861,52.659,3.843,22.405,2.694,72.345,0.2,47.839,0.275,43.434,0.275,18.865,0.312,34.428,0.3,16.43,0.287,55.68,0.3,29.783,0.287,37.297,0.425,16.815,0.237
27.443,0.194,10.1,0.13,24.941,0.194,6.279,0.13,35.245,1.907,14.283,0.481,20.252,1.907,7.771,0.481,29.26,0.296,12.53,0.38,37.7,0.296,13.459,0.38,31.537,0.259,10.742,0.333,61.489,0.315,30.506,0.694,52.662,4.213,22.436,2.981,72.37,0.138,48.064,0.312,43.069,0.213,18.774,0.237,34.331,0.338,15.925,0.475,55.119,0.338,29.801,0.475,37.199,0.25,16.758,0.162
27.446,0.139,10.13,0.139,25.58,0.139,6.115,0.139,35.057,1.667,14.406,0.509,20.482,1.667,7.764,0.509,29.356,0.296,12.557,0.463,37.989,0.296,13.605,0.463,31.362,0.315,10.732,0.407,61.905,0.352,30.703,0.759,52.678,3.806,22.571,3.102,72.32,0.162,48.105,0.3,43.216,0.275,18.939,0.338,34.6,0.325,16.193,0.412,55.115,0.325,29.797,0.412,37.18,0.35,16.624,0.225
27.171,0.204,9.984,0.213,26.118,0.204,6.333,0.213,34.826,1.648,14.223,0.491,20.649,1.648,7.906,0.491,29.116,0.306,12.463,0.343,37.811,0.306,13.59,0.343,31.182,0.194,10.747,0.343,61.202,0.38,30.743,0.713,52.192,3.611,22.423,2.898,71.971,0.237,48.505,0.3,42.78,0.3,19.052,0.287,34.581,0.237,16.235,0.25,54.974,0.237,29.908,0.25,36.956,0.25,16.644,0.188
27.268,0.157,10.065,0.083,26.016,0.157,6.179,0.083,34.994,1.806,14.351,0.481,20.554,1.806,7.921,0.481,29.267,0.259,12.687,0.491,37.921,0.259,13.797,0.491,31.142,0.185,10.878,0.435,60.591,0.333,30.776,0.694,51.911,3.63,22.532,3.139,71.702,0.225,48.38,0.2,42.813,0.338,19.265,0.225,33.288,0.275,16.273,0.3,54.842,0.275,30.164,0.3,36.387,0.262,16.388,0.225
27.499,0.222,10.206,0.222,26.417,0.222,6.41,0.222,33.952,1.546,14.13,0.361,20.432,1.546,7.957,0.361,29.043,0.315,12.409,0.407,37.76,0.315,13.625,0.407,31.228,0.241,10.789,0.37,61.059,0.398,31.166,0.907,52.141,3.972,22.552,3.056,71.91,0.3,48.861,0.2,42.521,0.275,19.14,0.4,33.908,0.275,16.335,0.35,54.861,0.275,30.072,0.35,36.558,0.525,16.579,0.162
27.423,0.13,10.211,0.12,26.624,0.13,6.499,0.12,34.451,1.435,14.534,0.519,20.395,1.435,8.067,0.519,29.223,0.287,12.552,0.37,37.484,0.287,13.762,0.37,31.439,0.204,10.794,0.352,61.564,0.407,30.515,0.75,52.204,3.907,22.665,3.056,71.883,0.1,48.802,0.175,42.151,0.15,18.94,0.25,33.678,0.287,16.255,0.25,54.51,0.287,30.105,0.25,36.604,0.237,16.539,0.25
27.561,0.167,10.263,0.241,27.44,0.167,6.752,0.241,34.586,1.722,14.691,0.444,19.482,1.722,7.847,0.444,28.934,0.37,12.585,0.333,37.442,0.37,13.886,0.333,31.323,0.25,11.029,0.306,60.994,0.37,31.068,0.565,50.9,3.565,22.34,3.037,71.929,0.175,49.007,0.363,42.118,0.25,19.358,0.363,33.471,0.25,16.557,0.312,53.704,0.25,29.931,0.312,36.513,0.237,16.329,0.175
27.483,0.213,10.288,0.306,27.25,0.213,6.756,0.306,35.048,1.611,14.933,0.481,20.022,1.611,8.041,0.481,29.296,0.389,12.671,0.398,37.547,0.389,14.053,0.398,31.361,0.185,10.867,0.269,61.156,0.306,30.911,0.704,51.949,4.056,22.747,3.37,71.284,0.175,49.438,0.325,42.405,0.175,19.471,0.237,33.615,0.188,16.139,0.387,53.948,0.188,29.961,0.387,36.27,0.375,16.472,0.287
27.505,0.231,10.244,0.176,27.036,0.231,6.75,0.176,34.849,1.657,14.942,0.463,20.27,1.657,8.288,0.463,29.07,0.37,12.72,0.398,37.392,0.37,14.028,0.398,31.045,0.194,11.036,0.37,60.656,0.426,31.04,0.694,49.756,4.222,21.577,3.194,71.228,0.087,49.086,0.125,42.005,0.213,19.48,0.237,33.646,0.325,16.694,0.363,53.986,0.325,30.265,0.363,36.183,0.375,16.448,0.25
27.463,0.185,10.136,0.361,27.285,0.185,6.799,0.361,33.774,1.574,14.857,0.426,20.495,1.574,8.216,0.426,29.219,0.259,12.838,0.435,37.543,0.259,14.091,0.435,31.084,0.222,10.987,0.287,60.761,0.389,31.257,0.713,51.529,3.519,22.759,3.324,71.258,0.237,49.499,0.225,41.255,0.262,19.403,0.275,33.024,0.375,16.538,0.262,53.807,0.375,30.207,0.262,36.398,0.2,16.383,0.287
27.095,0.139,10.072,0.306,27.412,0.139,6.75,0.306,34.14,1.731,14.832,0.407,20.582,1.731,8.487,0.407,29.192,0.25,12.785,0.352,37.447,0.25,14.278,0.352,30.955,0.139,10.981,0.259,60.277,0.343,31.175,0.769,51.425,4.093,22.818,3.324,71.175,0.112,49.555,0.312,42.116,0.3,19.811,0.287,33.227,0.3,16.466,0.3,53.143,0.3,30.581,0.3,36.177,0.213,16.422,0.237
27.365,0.194,10.183,0.176,27.237,0.194,6.78,0.176,34.491,1.704,15.091,0.537,20.462,1.704,8.318,0.537,29.152,0.333,12.779,0.398,36.884,0.333,14.028,0.398,31.137,0.194,10.992,0.269,60.185,0.333,31.245,0.602,51.082,3.741,22.874,3.12,71.133,0.162,49.685,0.275,42.107,0.325,19.916,0.35,32.768,0.338,16.48,0.387,53.47,0.338,30.724,0.387,35.897,0.325,16.366,0.225
27.66,0.167,10.229,0.185,27.532,0.167,6.92,0.185,34.793,1.583,15.21,0.315,20.443,1.583,8.472,0.315,29.129,0.287,12.93,0.435,37.432,0.287,14.454,0.435,31.042,0.204,11.052,0.435,59.665,0.426,31.533,0.722,51.254,3.741,22.897,3.13,70.732,0.138,49.875,0.312,41.848,0.175,20.031,0.25,32.516,0.2,16.328,0.275,53.533,0.2,30.613,0.275,36.207,0.338,16.291,0.237
27.665,0.074,10.24,0.222,27.353,0.074,6.763,0.222,34.314,1.639,15.032,0.454,20.393,1.639,8.458,0.454,29.187,0.278,12.82,0.444,37.437,0.278,14.447,0.444,31.136,0.185,11.186,0.343,60.42,0.389,31.133,0.667,50.888,3.972,22.897,3.148,70.524,0.175,49.677,0.188,41.455,0.162,19.919,0.275,32.452,0.25,16.538,0.213,53.239,0.25,30.72,0.213,35.898,0.275,16.253,0.25
27.567,0.157,10.316,0.139,27.352,0.157,6.868,0.139,34.613,1.583,15.287,0.583,20.385,1.583,8.52,0.583,28.908,0.315,12.965,0.352,37.549,0.315,14.469,0.352,31.219,0.139,11.332,0.306,60.354,0.37,31.489,0.639,51.146,3.796,23.075,3.093,71.103,0.262,50.372,0.213,41.462,0.325,20.136,0.2,32.612,0.2,16.769,0.188,53.053,0.2,30.938,0.188,35.848,0.262,16.448,0.162
27.594,0.185,10.334,0.13,27.22,0.185,6.855,0.13,34.497,1.611,15.579,0.389,20.433,1.611,8.668,0.389,29.034,0.287,13.033,0.491,37.403,0.287,14.582,0.491,31.493,0.231,11.166,0.324,60.477,0.287,31.515,0.648,51.486,3.907,23.299,2.981,70.885,0.175,50.501,0.188,40.859,0.25,19.819,0.287,32.488,0.312,16.709,0.237,52.715,0.312,30.863,0.237,35.587,0.3,16.196,0.112
27.478,0.167,10.234,0.148,27.13,0.167,6.922,0.148,34.729,1.657,15.62,0.481,20.612,1.657,8.688,0.481,29.074,0.324,13.068,0.306,37.224,0.324,14.704,0.306,31.322,0.213,11.29,0.361,59.743,0.343,31.462,0.843,51.18,4.148,23.161,3.13,70.801,0.25,50.647,0.225,41.484,0.175,20.228,0.225,32.645,0.2,16.679,0.237,52.846,0.2,31.146,0.237,35.582,0.25,16.288,0.175
27.396,0.25,10.263,0.222,27.269,0.25,6.83,0.222,34.952,1.583,15.611,0.426,20.423,1.583,8.636,0.426,29.38,0.278,12.993,0.472,37.036,0.278,15.017,0.472,31.308,0.241,11.341,0.213,60.341,0.315,31.389,0.731,51.023,4.111,23.405,3.315,70.919,0.225,50.978,0.15,41.683,0.2,20.406,0.275,32.245,0.213,16.863,0.138,52.879,0.213,31.078,0.138,35.5,0.338,16.424,0.15
27.375,0.176,10.295,0.231,26.853,0.176,6.852,0.231,34.728,1.769,15.704,0.546,20.675,1.769,8.865,0.546,29.195,0.269,13.249,0.435,37.034,0.269,15.374,0.435,31.431,0.25,11.563,0.231,59.853,0.352,31.875,0.713,50.706,3.87,23.493,3.194,70.584,0.25,51.585,0.175,41.253,0.312,21.286,0.262,31.986,0.162,17.209,0.213,51.945,0.162,31.664,0.213,35.392,0.262,16.431,0.162
27.582,0.231,10.545,0.278,27.323,0.231,7.06,0.278,34.609,1.62,15.91,0.426,20.559,1.62,8.937,0.426,29.14,0.25,13.421,0.352,36.977,0.25,15.817,0.352,31.187,0.296,11.709,0.389,60.663,0.287,31.731,0.537,51.44,3.796,23.637,2.926,70.97,0.15,53.768,0.225,41.154,0.2,22.347,0.237,31.537,0.188,17.596,0.213,51.56,0.188,32.204,0.213,34.965,0.3,16.566,0.213
27.843,0.13,10.875,0.213,27.529,0.13,7.105,0.213,34.371,1.63,16.782,0.472,20.275,1.63,9.21,0.472,29.37,0.278,13.773,0.435,36.997,0.278,16.263,0.435,31.272,0.25,12.055,0.38,60.17,0.333,33.283,0.574,51.139,3.815,24.367,3.056,70.738,0.188,58.246,0.225,41.695,0.275,23.179,0.45,31.354,0.225,18.143,0.338,52.392,0.225,33.313,0.338,34.984,0.3,16.715,0.225
27.752,0.176,11.053,0.259,27.176,0.176,7.283,0.259,34.318,1.426,17.317,0.528,20.598,1.426,9.517,0.528,29.513,0.324,14.078,0.324,36.874,0.324,17.075,0.324,31.264,0.343,12.492,0.435,59.816,0.269,34.256,0.806,50.997,4.009,25.118,2.981,70.695,0.225,62.419,0.375,41.713,0.175,23.886,0.4,30.463,0.2,18.197,0.3,52.096,0.2,33.986,0.3,35.117,0.25,17.001,0.262
27.778,0.111,11.347,0.287,27.051,0.111,7.477,0.287,33.832,1.62,17.686,0.528,20.909,1.62,9.979,0.528,29.564,0.287,14.654,0.426,37.017,0.287,17.708,0.426,31.233,0.25,13.096,0.278,59.528,0.324,34.919,0.769,50.93,3.843,25.949,3.065,70.261,0.325,65.939,0.25,41.709,0.25,24.655,0.325,30.736,0.237,18.614,0.287,52.108,0.237,34.736,0.287,34.998,0.312,16.946,0.338
27.84,0.213,11.696,0.194,27.266,0.213,7.708,0.194,34.832,1.509,19.163,0.509,20.796,1.509,10.484,0.509,29.847,0.278,14.86,0.343,37.192,0.278,18.239,0.343,30.971,0.204,13.343,0.352,59.364,0.407,36.304,0.565,50.757,3.704,27.109,2.769,70.086,0.3,69.454,0.338,41.18,0.175,24.883,0.4,30.526,0.188,19.214,0.338,51.844,0.188,35.028,0.338,35.253,0.275,17.12,0.225
27.74,0.213,11.94,0.204,27.074,0.213,7.828,0.204,34.843,1.556,19.776,0.389,21.094,1.556,10.629,0.389,29.786,0.278,15.28,0.5,37.263,0.278,18.684,0.5,31.528,0.278,14.006,0.389,59.172,0.398,37.156,0.648,50.969,3.889,28.129,3.741,70.208,0.125,72.295,0.35,41.824,0.213,25.659,0.375,30.161,0.188,19.122,0.363,51.615,0.188,35.765,0.363,35.238,0.287,17.374,0.237
28.33,0.25,12.24,0.287,27.166,0.25,8,0.287,33.727,1.583,19.71,0.583,21.09,1.583,11.085,0.583,29.865,0.333,15.586,0.306,37.328,0.333,19.249,0.306,31.537,0.222,14.256,0.407,59.728,0.444,38.544,0.759,51.353,3.778,29.401,2.778,70.614,0.138,75.33,0.363,41.811,0.262,26.138,0.35,30.525,0.225,19.887,0.237,51.812,0.225,36.342,0.237,35.213,0.35,17.556,0.275
28.236,0.231,12.522,0.13,27.233,0.231,8.17,0.13,34.821,1.389,20.787,0.546,21.092,1.389,11.394,0.546,29.776,0.37,15.932,0.528,37.539,0.37,19.505,0.528,31.454,0.306,14.568,0.398,60.201,0.278,39.193,0.787,51.119,3.676,29.979,3.185,70.587,0.188,77.014,0.3,41.161,0.275,25.665,0.412,29.987,0.188,19.723,0.375,51.788,0.188,36.846,0.375,34.986,0.287,17.488,0.325
28.24,0.148,12.688,0.269,27.096,0.148,8.366,0.269,35.196,1.731,21.696,0.62,21.172,1.731,11.801,0.62,30.184,0.25,16.154,0.435,37.123,0.25,19.981,0.435,31.905,0.343,15.063,0.426,60.517,0.463,40.938,0.806,51.16,4.361,31.146,3.148,70.978,0.237,78.714,0.325,41.934,0.188,26.745,0.463,29.643,0.25,19.92,0.35,51.397,0.25,36.858,0.35,35.012,0.262,17.588,0.312
28.133,0.259,12.9,0.231,26.989,0.259,8.588,0.231,35.124,1.63,22.042,0.38,21.143,1.63,12.058,0.38,30.108,0.296,16.434,0.472,37.383,0.296,20.042,0.472,31.753,0.333,15.385,0.389,60.197,0.398,41.495,0.87,51.434,4.25,31.972,3.352,71.003,0.25,80.082,0.287,42.222,0.225,27.207,0.25,29.988,0.275,20.275,0.287,51.491,0.275,37.298,0.287,35.079,0.3,17.765,0.312
28.178,0.185,13.193,0.194,27.362,0.185,8.698,0.194,34.797,1.694,22.385,0.537,21.183,1.694,12.347,0.537,29.858,0.38,16.641,0.519,37.077,0.38,20.193,0.519,31.869,0.306,15.496,0.509,60.66,0.407,42.466,0.741,51.552,3.907,32.665,3.315,70.938,0.15,81.599,0.325,41.988,0.225,27.11,0.35,29.786,0.338,20.299,0.45,51.308,0.338,37.473,0.45,35.148,0.25,17.767,0.25
28.365,0.222,13.487,0.333,27.165,0.222,9.04,0.333,34.927,1.806,22.867,0.63,21.214,1.806,12.398,0.63,30.026,0.269,16.949,0.426,37.012,0.269,20.833,0.426,31.051,0.185,15.597,0.481,60.662,0.435,43.557,0.796,51.95,3.852,33.603,3.63,71.257,0.35,83.051,0.363,41.142,0.275,26.925,0.338,29.519,0.213,20.299,0.35,50.983,0.213,37.661,0.35,34.891,0.363,17.823,0.5
28.399,0.25,13.671,0.333,27.602,0.25,9.213,0.333,35.046,1.583,23.184,0.639,20.984,1.583,12.748,0.639,29.795,0.278,17.028,0.5,37.242,0.278,20.811,0.5,30.645,0.241,15.35,0.472,60.888,0.389,45.063,0.907,52.246,4.167,34.135,3.463,71.157,0.237,83.49,0.338,41.997,0.338,27.769,0.287,29.121,0.162,20.116,0.312,51.194,0.162,37.964,0.312,35.093,0.275,18.017,0.325
28.44,0.148,13.913,0.324,27.32,0.148,9.255,0.324,34.634,1.63,23.338,0.611,21.046,1.63,12.885,0.611,30.074,0.259,17.302,0.407,37.261,0.259,21.326,0.407,31.864,0.204,16.48,0.5,60.71,0.38,45.363,0.593,52.113,3.889,34.522,3.315,71.28,0.213,84.622,0.325,41.95,0.287,27.752,0.412,29.188,0.3,20.17,0.363,50.758,0.3,38.074,0.363,34.988,0.363,17.998,0.3
28.39,0.222,14.011,0.222,27.3,0.222,9.355,0.222,34.921,1.694,23.551,0.731,21.114,1.694,13.03,0.731,29.97,0.296,17.3,0.565,37.419,0.296,21.436,0.565,32.086,0.287,16.743,0.546,61.071,0.417,45.897,0.861,52.242,3.824,35.277,3.472,71.431,0.2,85.629,0.4,41.457,0.262,27.784,0.4,29.124,0.225,20.447,0.262,50.623,0.225,38.315,0.262,34.845,0.287,17.974,0.375
28.48,0.093,14.079,0.269,27.578,0.093,9.522,0.269,35.032,1.759,23.814,0.583,21.019,1.759,13.308,0.583,29.699,0.287,17.823,0.491,36.9,0.287,21.823,0.491,32.003,0.324,16.815,0.38,61.072,0.315,47.106,0.667,52.67,3.972,36.098,3.481,71.502,0.162,86.398,0.35,41.378,0.125,27.645,0.363,28.783,0.213,20.532,0.363,49.756,0.213,37.718,0.363,34.64,0.275,18.172,0.275
28.193,0.287,14.115,0.324,27.523,0.287,9.684,0.324,35.04,1.907,24.07,0.593,21.081,1.907,13.674,0.593,29.881,0.269,18.007,0.38,37.142,0.269,22.144,0.38,32.194,0.287,17.073,0.472,60.705,0.296,47.649,0.787,52.574,4.417,36.293,3.417,71.335,0.338,86.844,0.338,41.345,0.225,28.092,0.287,28.498,0.213,20.587,0.25,50.358,0.213,38.198,0.25,34.676,0.2,17.986,0.375
27.903,0.259,14.465,0.185,27.371,0.259,9.845,0.185,34.883,1.667,24.109,0.713,21.17,1.667,13.518,0.713,30.042,0.278,18.306,0.38,37.164,0.278,21.962,0.38,32.001,0.269,17.328,0.435,61.737,0.398,47.916,0.852,52.56,3.926,36.841,3.481,71.552,0.237,87.234,0.3,41.184,0.35,27.856,0.4,28.925,0.213,20.698,0.4,49.901,0.213,38.393,0.4,34.608,0.25,18.187,0.275
28.275,0.157,14.566,0.269,27.47,0.157,9.925,0.269,34.862,1.843,24.491,0.787,21.305,1.843,13.921,0.787,29.891,0.324,18.46,0.519,36.999,0.324,22.576,0.519,31.869,0.194,17.593,0.389,60.96,0.38,48.29,0.806,52.201,4.176,36.768,3.472,70.997,0.35,86.877,0.338,40.454,0.35,27.673,0.262,28.698,0.312,20.851,0.363,49.634,0.312,38.283,0.363,34.305,0.275,18.126,0.4
27.932,0.343,14.485,0.231,27.499,0.343,10.153,0.231,34.77,1.917,24.56,0.759,21.208,1.917,13.704,0.759,29.919,0.296,18.692,0.472,36.972,0.296,22.675,0.472,32.003,0.213,17.664,0.417,60.55,0.352,48.166,0.704,52.023,4.241,37.194,3.519,70.853,0.237,87.358,0.312,41.079,0.213,28.292,0.3,28.296,0.312,20.829,0.4,49.385,0.312,38.784,0.4,34.291,0.338,18.155,0.363
28.197,0.213,14.911,0.278,27.494,0.213,10.216,0.278,34.646,1.667,24.632,0.519,21.4,1.667,13.697,0.519,30.083,0.278,18.834,0.454,36.993,0.278,22.908,0.454,31.901,0.13,17.644,0.444,60.887,0.407,49.125,0.769,52.676,3.963,37.906,3.157,71.221,0.2,88.305,0.312,40.993,0.275,28.248,0.4,28.212,0.287,20.819,0.438,49.603,0.287,38.626,0.438,34.579,0.175,18.135,0.287
28.374,0.241,14.969,0.25,27.87,0.241,10.442,0.25,34.651,1.75,25.152,0.556,20.968,1.75,14.096,0.556,29.852,0.333,18.985,0.583,36.907,0.333,23.032,0.583,31.624,0.176,17.894,0.37,60.883,0.398,49.547,0.824,52.512,4.185,38.058,3.556,71.482,0.237,88.964,0.375,41.163,0.188,28.37,0.387,27.95,0.2,20.863,0.363,49.696,0.2,39.091,0.363,34.454,0.175,18.349,0.225
28.618,0.259,15.21,0.315,27.51,0.259,10.456,0.315,34.4,1.639,25.254,0.491,21.17,1.639,14.197,0.491,29.491,0.324,18.973,0.463,36.759,0.324,23.477,0.463,31.925,0.269,18.135,0.472,61.936,0.417,49.794,0.806,52.936,4.194,38.728,3.907,71.68,0.35,89.413,0.237,40.973,0.213,28.71,0.3,28.104,0.3,20.879,0.312,49.211,0.3,38.984,0.312,34.343,0.312,18.371,0.312
28.618,0.185,15.325,0.241,27.779,0.185,10.7,0.241,34.683,1.898,25.179,0.546,20.915,1.898,14.196,0.546,29.638,0.306,19.237,0.491,36.882,0.306,23.472,0.491,31.825,0.306,18.175,0.417,61.076,0.546,50.937,0.917,52.201,4.454,38.822,3.324,71.162,0.175,89.607,0.425,40.947,0.162,28.681,0.4,27.665,0.312,20.552,0.463,49.056,0.312,38.825,0.463,34.165,0.225,18.331,0.275
28.703,0.194,15.331,0.213,27.889,0.194,10.822,0.213,34.655,1.731,25.578,0.769,21.043,1.731,14.318,0.769,29.791,0.269,19.243,0.546,36.733,0.269,23.587,0.546,31.875,0.278,18.278,0.472,61.476,0.38,51.118,0.889,52.538,4.046,38.974,3.435,71.142,0.338,90.209,0.475,40.964,0.225,28.724,0.363,28.015,0.225,20.913,0.4,48.984,0.225,39.243,0.4,34.06,0.3,18.496,0.3
28.715,0.102,15.434,0.361,27.971,0.102,10.797,0.361,34.714,2.046,25.675,0.593,21.063,2.046,14.466,0.593,29.92,0.315,19.59,0.509,36.742,0.315,23.525,0.509,31.609,0.25,18.484,0.444,60.929,0.38,50.807,0.769,52.246,3.991,39.271,3.602,70.72,0.25,90.137,0.312,40.72,0.3,28.47,0.387,27.871,0.188,20.813,0.338,49.125,0.188,39.016,0.338,34.097,0.225,18.36,0.387
28.78,0.157,15.802,0.25,28.19,0.157,11.004,0.25,34.669,1.759,25.733,0.759,21.419,1.759,14.668,0.759,30.001,0.287,19.707,0.472,36.882,0.287,23.901,0.472,32.139,0.287,18.721,0.444,61.25,0.37,52.135,0.741,52.234,4.12,39.493,3.556,71.203,0.213,90.623,0.488,40.416,0.175,28.705,0.375,27.616,0.312,20.872,0.312,48.972,0.312,39.411,0.312,34.225,0.25,18.486,0.2
28.745,0.176,15.807,0.213,28.115,0.176,11.052,0.213,34.29,1.722,25.768,0.62,21.252,1.722,14.598,0.62,29.801,0.333,19.877,0.611,36.917,0.333,24.149,0.611,32.016,0.306,18.766,0.537,61.263,0.389,52.229,0.722,52.478,4.287,39.899,3.833,71.012,0.138,90.897,0.275,40.328,0.213,28.575,0.475,27.464,0.237,20.726,0.338,48.508,0.237,39.309,0.338,33.868,0.2,18.568,0.25
28.872,0.259,16.19,0.231,28.586,0.259,11.4,0.231,34.434,2.148,26.165,0.759,20.986,2.148,14.784,0.759,29.959,0.361,19.809,0.565,36.653,0.361,24.686,0.565,31.947,0.231,18.966,0.315,60.371,0.333,52.691,0.611,52.008,4.13,39.967,3.574,70.851,0.262,90.831,0.25,40.557,0.262,28.645,0.312,27.449,0.287,20.966,0.262,48.429,0.287,39.342,0.262,33.291,0.363,18.11,0.35
28.862,0.185,16.196,0.306,28.256,0.185,11.355,0.306,34.236,1.981,26.069,0.731,20.916,1.981,14.79,0.731,29.557,0.269,19.864,0.481,36.718,0.269,24.424,0.481,32.116,0.222,19.01,0.602,60.354,0.389,53.125,0.713,51.909,4.111,40.432,3.972,70.669,0.175,91.62,0.25,40.221,0.287,29.06,0.425,26.567,0.225,20.265,0.363,48.347,0.225,39.848,0.363,33.805,0.262,18.522,0.325
28.792,0.25,16.248,0.324,28.026,0.25,11.325,0.324,34.286,2.37,26.275,0.63,21.113,2.37,15.217,0.63,29.625,0.324,19.871,0.63,36.724,0.324,23.877,0.63,32.047,0.222,19.157,0.324,60.815,0.389,53.506,0.843,52.519,4.287,40.756,3.657,70.847,0.175,92.142,0.425,40.298,0.237,28.959,0.438,27.212,0.175,20.957,0.363,48.082,0.175,39.661,0.363,33.831,0.3,18.514,0.213
28.934,0.25,16.12,0.37,28.285,0.25,11.512,0.37,34.292,2.176,26.113,0.685,21.096,2.176,14.964,0.685,29.75,0.38,19.704,0.417,36.754,0.38,24.073,0.417,32.104,0.241,18.81,0.296,60.734,0.361,53.896,0.972,52.036,3.861,40.75,3.463,70.837,0.087,90.947,0.387,39.925,0.225,28.829,0.338,26.277,0.237,20.207,0.275,47.701,0.237,39.794,0.275,33.635,0.175,18.83,0.237
28.802,0.259,16.092,0.231,28.269,0.259,11.375,0.231,34.071,1.917,26.226,0.648,21.247,1.917,15.145,0.648,29.762,0.352,19.664,0.565,36.747,0.352,23.662,0.565,32.279,0.306,19.077,0.5,60.901,0.426,53.87,0.833,51.811,4.417,40.44,3.833,70.465,0.2,88.896,0.338,40.177,0.175,28.732,0.438,26.964,0.225,21.056,0.35,47.438,0.225,39.643,0.35,33.347,0.3,18.622,0.237
28.749,0.176,16.163,0.287,27.98,0.176,11.461,0.287,34.042,2.093,26.042,0.657,21.137,2.093,14.948,0.657,29.339,0.296,19.439,0.481,36.584,0.296,23.682,0.481,31.795,0.213,18.835,0.389,60.394,0.306,53.717,1.056,51.811,4.287,39.877,3.991,69.83,0.287,87.405,0.275,40.007,0.138,28.99,0.262,27.098,0.312,21.083,0.412,47.496,0.312,39.825,0.412,33.623,0.213,18.653,0.188
28.501,0.139,16.341,0.287,27.818,0.139,11.416,0.287,34.077,1.852,26.131,0.815,21.423,1.852,15.025,0.815,29.41,0.389,19.55,0.454,36.698,0.389,23.324,0.454,31.727,0.204,18.815,0.222,61.04,0.333,53.302,0.843,51.761,3.926,39.82,4.037,70.452,0.188,86.759,0.35,39.564,0.125,28.734,0.338,27.489,0.262,21.135,0.4,47.343,0.262,40.099,0.4,33.785,0.25,18.806,0.188
28.819,0.194,16.104,0.269,27.924,0.194,11.474,0.269,34.374,1.667,25.998,0.611,21.397,1.667,15.041,0.611,29.385,0.269,19.455,0.62,36.82,0.269,23.361,0.62,32.095,0.278,18.922,0.315,60.773,0.389,52.472,0.796,51.582,4.037,39.095,3.759,70.328,0.112,85.715,0.312,39.799,0.15,29.103,0.25,26.979,0.4,20.914,0.287,47.128,0.4,39.574,0.287,33.275,0.287,18.799,0.138
28.599,0.204,16.206,0.315,27.878,0.204,11.466,0.315,33.946,1.731,25.943,0.704,21.26,1.731,15.139,0.704,29.123,0.361,19.286,0.519,36.563,0.361,22.955,0.519,32.082,0.241,19.016,0.389,60.851,0.38,52.393,0.824,50.562,3.796,38.438,3.574,70.191,0.237,85.044,0.45,39.668,0.15,28.911,0.338,26.971,0.2,21.02,0.325,47.307,0.2,39.796,0.325,33.514,0.15,18.883,0.237
28.353,0.287,16.016,0.278,27.986,0.287,11.39,0.278,33.868,1.741,25.887,0.769,21.303,1.741,15.152,0.769,29.352,0.407,19.265,0.481,36.401,0.407,22.848,0.481,31.606,0.241,18.936,0.269,61.318,0.38,52.537,0.694,52.163,3.741,39.099,3.731,70.789,0.162,85.65,0.287,39.915,0.138,28.934,0.338,27.065,0.338,20.96,0.287,47.596,0.338,39.667,0.287,33.424,0.25,18.812,0.325
27.985,0.139,15.96,0.259,27.862,0.139,11.417,0.259,34.187,1.815,26.006,0.639,21.331,1.815,15.132,0.639,29.332,0.472,19.276,0.519,36.772,0.472,23.099,0.519,31.806,0.222,18.799,0.361,61.83,0.463,52.654,0.889,52.464,4.389,39.298,3.648,71.091,0.325,85.462,0.275,39.899,0.237,28.878,0.412,26.986,0.225,21.229,0.35,47.085,0.225,39.41,0.35,33.46,0.2,18.815,0.2
28.082,0.157,15.845,0.278,27.887,0.157,11.502,0.278,33.906,1.759,26.026,0.602,21.424,1.759,15.02,0.602,28.973,0.37,18.984,0.528,36.641,0.37,22.839,0.528,31.959,0.343,18.817,0.287,61.722,0.407,51.843,0.787,52.384,4.38,39.039,3.769,70.761,0.188,84.791,0.363,39.572,0.2,28.899,0.438,26.819,0.225,20.608,0.262,47.093,0.225,39.626,0.262,33.383,0.2,18.855,0.375
28.245,0.25,15.883,0.213,28.144,0.25,11.535,0.213,32.807,1.685,25.459,0.62,21.273,1.685,15.255,0.62,29.032,0.315,19.216,0.509,36.445,0.315,23.09,0.509,31.97,0.148,18.939,0.306,61.588,0.398,52.641,0.833,52.201,4.157,38.91,4.204,70.955,0.213,84.847,0.25,39.653,0.188,28.829,0.425,26.794,0.262,20.892,0.338,47.278,0.262,40.139,0.338,33.32,0.225,18.962,0.162
27.951,0.176,15.845,0.278,27.904,0.176,11.408,0.278,33.796,1.917,25.984,0.722,21.337,1.917,15.197,0.722,28.69,0.38,19.124,0.63,36.509,0.38,22.931,0.63,32.05,0.269,18.943,0.417,61.931,0.343,52.232,0.852,53.117,4.083,39.283,3.861,71.613,0.262,85.648,0.287,39.528,0.237,28.921,0.25,26.955,0.338,21.019,0.312,46.855,0.338,39.513,0.312,33.407,0.25,18.924,0.3
27.723,0.157,15.618,0.287,27.982,0.157,11.398,0.287,34.291,1.87,25.955,0.667,21.384,1.87,15.169,0.667,28.981,0.435,18.919,0.528,36.829,0.435,22.895,0.528,32.21,0.185,19.043,0.343,62.598,0.435,53.212,0.704,53.053,4.111,39.507,4.287,71.475,0.188,85.108,0.3,39.497,0.15,28.687,0.387,26.794,0.262,20.835,0.587,46.929,0.262,39.581,0.587,33.376,0.2,18.984,0.162
27.519,0.204,15.56,0.324,27.674,0.204,11.331,0.324,34.05,1.713,26.01,0.833,21.46,1.713,15.026,0.833,28.434,0.435,18.926,0.556,36.435,0.435,22.848,0.556,32.169,0.25,19.056,0.306,62.734,0.444,52.562,0.713,53.363,4.046,39.575,3.694,71.484,0.125,85.042,0.275,39.463,0.15,28.974,0.338,26.887,0.325,20.925,0.425,46.547,0.325,40.061,0.425,33.13,0.325,18.922,0.287
27.351,0.231,15.684,0.324,27.799,0.231,11.406,0.324,33.886,1.722,25.741,0.491,21.063,1.722,15.186,0.491,28.738,0.324,18.778,0.602,36.541,0.324,22.769,0.602,32.372,0.241,19.063,0.231,62.737,0.361,52.717,0.667,53.154,4.481,39.472,4.5,71.647,0.188,84.734,0.338,39.045,0.287,28.749,0.325,26.646,0.3,20.657,0.512,46.566,0.3,39.816,0.512,33.124,0.225,18.785,0.15
27.21,0.241,15.571,0.213,27.57,0.241,11.3,0.213,34.053,1.722,25.784,0.704,20.883,1.722,15.324,0.704,28.263,0.389,18.526,0.565,36.539,0.389,23.06,0.565,32.109,0.176,19.173,0.37,62.726,0.38,52.033,0.778,52.976,4.139,38.891,4.241,70.877,0.25,83.166,0.262,38.929,0.262,28.676,0.425,26.627,0.287,21.001,0.463,46.062,0.287,38.946,0.463,32.785,0.225,18.598,0.287
26.832,0.148,15.299,0.315,27.537,0.148,11.355,0.315,33.793,1.824,25.709,0.815,21.028,1.824,15.251,0.815,28.029,0.426,18.485,0.593,36.674,0.426,23.073,0.593,31.081,0.213,18.536,0.463,62.795,0.407,51.447,0.722,53.281,4.361,39.443,4.426,71.529,0.15,84.918,0.25,39.173,0.3,28.38,0.2,26.42,0.375,20.797,0.438,46.084,0.375,39.396,0.438,32.905,0.25,18.789,0.287
26.537,0.194,15.29,0.269,27.381,0.194,11.163,0.269,33.775,1.88,25.531,0.676,21.134,1.88,15.012,0.676,27.774,0.407,18.473,0.583,36.69,0.407,22.62,0.583,32.103,0.287,19.048,0.472,62.396,0.296,51.862,0.722,52.965,4.315,39.308,4.148,71.464,0.287,84.608,0.2,39.063,0.2,28.654,0.325,26.37,0.2,20.424,0.538,45.777,0.2,38.693,0.538,33.104,0.15,18.89,0.387
26.626,0.25,15.204,0.269,27.41,0.25,11.346,0.269,33.753,1.657,25.668,0.667,21.17,1.657,15.239,0.667,27.921,0.361,18.602,0.556,36.06,0.361,22.757,0.556,32.074,0.287,19.272,0.278,62.196,0.454,51.801,0.667,52.879,4.278,39.238,3.991,71.47,0.213,84.049,0.325,39.222,0.237,28.651,0.35,26.606,0.275,20.988,0.562,45.854,0.275,39.336,0.562,32.942,0.275,18.711,0.213
26.349,0.241,15.225,0.269,27.176,0.241,11.187,0.269,33.723,1.713,25.686,0.685,20.991,1.713,15.249,0.685,27.891,0.454,18.377,0.648,36.713,0.454,22.645,0.648,32.008,0.231,19.38,0.315,62.634,0.444,52.103,0.88,53.413,4.361,39.387,4.222,72.073,0.287,84.518,0.338,39.106,0.188,28.465,0.262,25.93,0.387,20.448,0.562,45.721,0.387,39.271,0.562,32.796,0.138,18.622,0.312
26.351,0.213,15.053,0.278,27.281,0.213,11.214,0.278,33.631,1.611,25.463,0.602,21.079,1.611,15.014,0.602,27.783,0.444,18.349,0.63,36.503,0.444,22.898,0.63,32.305,0.222,19.189,0.398,62.243,0.315,51.704,0.741,53.109,4.315,39.385,4.741,71.71,0.25,83.859,0.375,38.658,0.15,28.568,0.363,26.21,0.363,20.52,0.575,46.045,0.363,39.305,0.575,32.821,0.338,18.739,0.338
26.112,0.278,14.955,0.315,27.146,0.278,11.193,0.315,33.442,1.676,25.673,0.778,20.816,1.676,15.265,0.778,27.593,0.278,18.394,0.463,36.506,0.278,22.873,0.463,32.074,0.176,19.327,0.306,62.242,0.333,52.021,0.796,52.411,4.241,39.075,4.593,71.314,0.375,83.224,0.287,38.808,0.25,28.48,0.262,26.143,0.325,20.594,0.5,45.84,0.325,38.961,0.5,32.764,0.25,18.697,0.3
26.065,0.269,14.788,0.389,27.09,0.269,11.255,0.389,33.582,1.833,25.574,0.694,20.538,1.833,15.031,0.694,27.682,0.407,18.292,0.574,36.436,0.407,22.951,0.574,32.027,0.241,19.19,0.241,62.326,0.5,52.154,0.704,52.883,4.194,39.048,4.185,71.228,0.162,83.12,0.175,38.93,0.2,28.521,0.338,26.247,0.3,20.523,0.5,45.207,0.3,38.922,0.5,32.876,0.175,18.94,0.237
25.919,0.157,14.762,0.315,27.177,0.157,11.12,0.315,33.243,1.667,25.572,0.648,20.768,1.667,15.254,0.648,27.479,0.389,18.247,0.491,36.599,0.389,22.767,0.491,31.961,0.306,19.197,0.435,62.749,0.463,51.714,0.769,52.583,4.065,39.257,4.102,71.146,0.25,82.636,0.237,38.651,0.112,28.378,0.363,26.235,0.3,20.589,0.613,45.723,0.3,38.765,0.613,32.747,0.2,18.731,0.3
25.767,0.269,14.789,0.361,27.174,0.269,11.273,0.361,33.198,1.63,25.405,0.509,20.675,1.63,15.232,0.509,27.411,0.352,18.355,0.63,36.183,0.352,22.815,0.63,31.951,0.204,19.166,0.333,62.441,0.472,51.826,0.852,52.632,4.324,39,3.963,71.293,0.262,82.366,0.087,38.676,0.225,28.212,0.312,25.382,0.412,20.382,0.575,45.511,0.412,39.148,0.575,32.817,0.175,18.772,0.375
25.746,0.185,14.836,0.398,27.34,0.185,11.13,0.398,32.923,1.657,25.588,0.593,20.659,1.657,14.991,0.593,27.228,0.398,18.155,0.62,36.526,0.398,22.991,0.62,31.244,0.194,18.745,0.306,62.568,0.481,51.974,0.815,52.612,3.991,38.918,4.5,70.947,0.15,82.275,0.237,38.553,0.15,28.211,0.312,25.899,0.387,20.306,0.587,45.092,0.387,38.902,0.587,32.627,0.237,18.641,0.587
24.793,0.204,14.183,0.37,26.991,0.204,11.117,0.37,33.061,1.787,25.396,0.815,20.578,1.787,15.255,0.815,27.439,0.463,18.282,0.694,36.596,0.463,22.7,0.694,31.949,0.222,19.356,0.324,62.713,0.38,51.959,0.694,52.407,4.241,39.048,4.38,70.498,0.213,81.748,0.325,38.272,0.3,28.246,0.275,26.011,0.3,20.494,0.675,45.699,0.3,39.241,0.675,32.487,0.25,18.764,0.325
25.59,0.241,14.648,0.343,26.902,0.241,11.216,0.343,32.703,2.028,25.242,0.676,20.429,2.028,15.11,0.676,27.316,0.444,18.036,0.472,36.524,0.444,22.784,0.472,32.102,0.204,19.261,0.278,61.786,0.481,51.556,0.685,52.226,3.889,38.677,4.065,70.232,0.287,80.958,0.35,38.438,0.15,28.373,0.325,25.406,0.438,19.836,0.825,45.058,0.438,38.746,0.825,32.636,0.237,18.611,0.538
25.393,0.204,14.531,0.306,27.175,0.204,11.153,0.306,32.692,1.741,25.237,0.62,20.334,1.741,14.972,0.62,27.201,0.426,18.039,0.565,35.96,0.426,22.878,0.565,32.111,0.259,19.471,0.315,61.779,0.361,51.458,0.833,52.021,3.954,38.73,4.222,69.895,0.312,80.502,0.3,38.203,0.3,27.993,0.188,25.694,0.463,20.388,0.8,45.111,0.463,39.105,0.8,32.595,0.225,18.822,0.363
25.469,0.194,14.547,0.324,27.021,0.194,11.162,0.324,32.6,1.657,25.187,0.815,20.327,1.657,15.232,0.815,27.037,0.426,18.035,0.491,36.197,0.426,22.809,0.491,32.082,0.269,19.332,0.324,61.416,0.454,51.677,0.657,51.766,3.981,38.804,4.167,69.464,0.262,79.969,0.275,38.07,0.213,28.035,0.312,25.536,0.412,20.104,0.688,45.04,0.412,39.09,0.688,32.587,0.175,18.8,0.463
25.301,0.269,14.443,0.343,27.313,0.269,11.092,0.343,32.479,1.824,25.348,0.676,20.336,1.824,15.061,0.676,27.249,0.5,17.945,0.519,36.48,0.5,22.852,0.519,32.115,0.315,19.364,0.398,61.753,0.333,51.757,0.556,51.822,3.954,38.982,4.185,70.029,0.162,80.344,0.213,37.998,0.287,28.265,0.35,25.476,0.375,20.479,0.587,44.526,0.375,39.091,0.587,32.414,0.175,18.61,0.387
25.182,0.231,14.455,0.389,27.063,0.231,11.144,0.389,32.648,1.815,25.265,0.574,20.412,1.815,15.166,0.574,26.863,0.407,17.737,0.556,36.298,0.407,22.874,0.556,32.044,0.287,19.42,0.25,61.839,0.454,51.304,0.824,52.128,3.815,39.231,4.407,69.91,0.175,80.631,0.237,37.883,0.25,28.29,0.275,25.635,0.425,20.585,0.587,44.7,0.425,39.31,0.587,32.406,0.237,18.625,0.488
25.227,0.306,14.36,0.407,27.152,0.306,11.114,0.407,32.406,1.769,25.295,0.602,20.173,1.769,15.169,0.602,26.817,0.528,17.953,0.565,36.435,0.528,22.986,0.565,32.132,0.287,19.529,0.37,61.983,0.361,51.906,0.88,52.205,4,39.43,4.194,70.445,0.262,80.548,0.387,38.009,0.262,28.122,0.338,25.545,0.375,20.362,0.475,45.046,0.375,39.733,0.475,32.176,0.188,18.777,0.5
25.025,0.269,14.197,0.343,26.82,0.269,11.223,0.343,32.269,1.648,25.227,0.713,20.199,1.648,15.252,0.713,26.678,0.398,17.887,0.593,36.259,0.398,22.733,0.593,32.183,0.222,19.566,0.454,61.674,0.398,51.762,0.639,51.821,3.917,39.331,4.287,70.176,0.138,80.584,0.3,37.852,0.213,28.225,0.35,25.48,0.363,20.182,0.575,44.582,0.363,39.013,0.575,32.422,0.213,18.607,0.55
24.896,0.25,14.232,0.306,27.071,0.25,11.122,0.306,32.271,1.935,25.226,0.694,20.22,1.935,14.887,0.694,26.743,0.463,17.781,0.519,35.983,0.463,23.034,0.519,31.904,0.296,19.371,0.278,61.81,0.491,52.495,0.704,52.233,4.13,39.589,4.241,70.431,0.325,80.41,0.287,37.794,0.138,27.978,0.312,25.256,0.375,20.232,0.45,44.46,0.375,38.953,0.45,32.203,0.3,18.65,0.363
24.642,0.213,14.006,0.259,26.834,0.213,11.129,0.259,32.012,1.889,25.027,0.657,20.039,1.889,15.191,0.657,26.843,0.537,17.999,0.639,36.484,0.537,23.124,0.639,31.755,0.167,19.422,0.398,62.731,0.37,52.259,0.75,52.74,3.935,39.849,4.194,71.07,0.213,80.625,0.25,37.467,0.213,28.155,0.425,24.978,0.363,20.179,0.587,44.266,0.363,39.023,0.587,31.923,0.25,18.556,0.538
24.324,0.213,14.111,0.287,26.676,0.213,11.083,0.287,31.865,1.917,25.053,0.685,20.171,1.917,14.956,0.685,26.547,0.491,17.95,0.639,36.156,0.491,23.137,0.639,31.891,0.287,19.396,0.269,62.692,0.509,51.927,0.806,52.608,4.046,39.862,4.231,70.665,0.2,80.263,0.35,37.862,0.3,28.126,0.363,25.061,0.387,19.961,0.7,44.729,0.387,39.312,0.7,31.951,0.138,18.638,0.425
24.529,0.194,13.877,0.315,26.731,0.194,11.182,0.315,31.857,1.676,25.198,0.602,19.775,1.676,15.013,0.602,26.598,0.361,17.884,0.667,35.937,0.361,23.22,0.667,32.102,0.157,19.556,0.37,62.318,0.352,52.39,0.824,52.549,4.065,40.063,4.407,70.836,0.237,80.271,0.25,37.499,0.237,28.164,0.375,25.205,0.512,20.058,0.613,44.015,0.512,38.82,0.613,31.886,0.162,18.744,0.538
24.669,0.231,14.057,0.361,26.863,0.231,11.05,0.361,31.772,1.926,24.82,0.639,19.972,1.926,14.961,0.639,26.625,0.481,18.041,0.611,36.277,0.481,23.18,0.611,31.865,0.25,19.497,0.528,62.481,0.472,52.47,0.898,52.04,3.954,39.706,4.648,69.955,0.312,79.31,0.275,37.701,0.2,27.894,0.312,24.975,0.338,20.318,0.688,43.958,0.338,38.962,0.688,32.112,0.25,18.654,0.338
24.462,0.083,13.867,0.435,26.687,0.083,11.144,0.435,31.831,1.685,24.827,0.528,19.762,1.685,14.759,0.528,26.359,0.417,18.061,0.63,35.918,0.417,23.14,0.63,31.948,0.315,19.526,0.398,62.04,0.343,52.138,0.731,52.489,3.454,40.019,4.602,70.68,0.312,79.902,0.325,37.456,0.15,27.953,0.525,24.645,0.425,20.141,0.675,43.718,0.425,38.666,0.675,31.939,0.2,18.676,0.438
24.344,0.259,13.899,0.287,26.63,0.259,11.036,0.287,31.626,2.093,24.973,0.75,19.746,2.093,14.999,0.75,26.367,0.454,17.943,0.611,36.496,0.454,23.486,0.611,31.846,0.25,19.647,0.306,62.548,0.481,52.09,0.731,52.527,3.944,39.947,4.593,70.289,0.3,79.832,0.262,37.361,0.2,28.161,0.25,24.769,0.438,20.04,0.65,43.277,0.438,38.589,0.65,31.966,0.162,18.596,0.463
24.256,0.278,13.813,0.352,26.152,0.278,11.072,0.352,31.347,1.694,24.99,0.611,19.572,1.694,14.849,0.611,26.522,0.407,18.152,0.574,36.361,0.407,23.31,0.574,32.078,0.25,19.512,0.435,62.691,0.556,52.593,0.676,52.506,4.046,40.274,4.444,70.365,0.213,79.203,0.287,37.11,0.125,27.891,0.412,24.287,0.363,20.176,0.825,43.782,0.363,38.645,0.825,31.838,0.262,18.656,0.325
23.963,0.306,13.858,0.287,26.376,0.306,10.982,0.287,31.25,1.88,24.703,0.583,19.325,1.88,14.883,0.583,26.168,0.463,18.031,0.611,36.148,0.463,23.267,0.611,32.071,0.241,19.643,0.333,62.481,0.454,52.467,0.657,52.083,3.778,40.043,4.667,69.896,0.175,78.674,0.3,37.255,0.213,28.153,0.5,24.533,0.35,20.264,0.725,43.631,0.35,38.623,0.725,32.006,0.275,18.819,0.4
23.903,0.213,13.773,0.352,26.356,0.213,10.908,0.352,31.153,1.833,24.786,0.639,19.167,1.833,14.858,0.639,26.353,0.444,17.9,0.731,36.51,0.444,23.392,0.731,32.175,0.176,19.738,0.315,62.717,0.407,52.122,0.815,51.894,3.954,40.181,4.546,70.442,0.138,78.931,0.237,37.359,0.162,27.864,0.35,24.525,0.45,20.154,0.587,43.075,0.45,38.475,0.587,31.823,0.225,18.614,0.525
23.639,0.278,13.657,0.444,26.111,0.278,10.946,0.444,31.081,1.565,24.821,0.602,19.542,1.565,14.669,0.602,26.199,0.389,17.957,0.648,36.257,0.389,23.261,0.648,32.044,0.287,19.788,0.38,62.25,0.398,52.485,0.824,51.048,4.148,39.085,4.861,70.139,0.15,78.184,0.225,36.758,0.125,27.815,0.512,23.96,0.488,19.556,0.825,42.992,0.488,38.13,0.825,31.652,0.3,18.601,0.438
23.928,0.25,13.664,0.389,26.388,0.25,11.089,0.389,31.033,1.713,24.726,0.639,19.343,1.713,14.609,0.639,26.241,0.491,17.857,0.528,36.167,0.491,23.347,0.528,32.098,0.241,19.818,0.361,62.699,0.5,52.593,0.806,50.365,4.009,38.512,4.556,69.571,0.262,78.226,0.262,36.61,0.225,27.86,0.438,23.953,0.412,19.483,0.775,42.418,0.412,38.163,0.775,31.813,0.213,18.687,0.438
23.544,0.241,13.564,0.398,26.077,0.241,11.098,0.398,30.614,1.898,24.527,0.63,19.025,1.898,14.563,0.63,26.081,0.417,17.845,0.611,35.882,0.417,23.12,0.611,32.194,0.259,19.98,0.481,62.317,0.343,52.305,0.75,51.67,4.093,39.835,4.519,69.691,0.262,78.103,0.237,36.608,0.15,27.476,0.287,24.149,0.387,19.845,0.875,42.8,0.387,38.889,0.875,31.665,0.262,18.516,0.45
23.223,0.185,13.53,0.343,25.974,0.185,10.994,0.343,30.617,1.62,24.712,0.796,18.961,1.62,14.56,0.796,26.123,0.426,18.012,1.019,35.878,0.426,23.34,1.019,32.11,0.37,19.963,0.296,62.474,0.407,52.569,0.556,51.527,3.565,39.834,4.269,69.507,0.138,77.641,0.3,36.774,0.188,27.56,0.312,24.021,0.538,19.719,0.863,42.408,0.538,38.278,0.863,31.309,0.2,18.488,0.575
23.23,0.241,13.453,0.398,25.867,0.241,11.023,0.398,30.7,1.565,24.602,0.769,18.913,1.565,14.474,0.769,25.798,0.583,17.92,0.778,36.126,0.583,23.608,0.778,31.85,0.25,19.853,0.361,62.005,0.361,52.125,0.75,51.483,3.769,39.922,4.481,69.103,0.175,77.47,0.312,36.409,0.175,27.713,0.3,23.739,0.438,20.025,0.837,42.116,0.438,38.149,0.837,31.222,0.275,18.508,0.287
23.281,0.25,13.442,0.278,26.108,0.25,11.036,0.278,30.509,1.796,24.492,0.63,18.824,1.796,14.473,0.63,25.818,0.444,17.949,0.713,35.911,0.444,23.324,0.713,32.063,0.213,20.064,0.435,63.154,0.426,52.373,0.833,51.614,4.046,40.033,4.38,69.603,0.125,77.138,0.25,36.986,0.138,27.735,0.525,23.757,0.525,19.905,0.75,42.287,0.525,38,0.75,31.422,0.3,18.65,0.463
23.283,0.306,13.431,0.278,26.065,0.306,10.982,0.278,30.172,1.741,24.673,0.583,18.891,1.741,14.485,0.583,25.567,0.546,17.924,0.676,35.955,0.546,23.568,0.676,32.021,0.231,19.936,0.361,62.145,0.38,52.423,0.75,51.523,3.935,40.009,5.028,68.919,0.138,76.699,0.237,36.722,0.188,27.912,0.363,23.776,0.4,19.747,0.863,42.031,0.4,38.022,0.863,31.47,0.162,18.61,0.512
23.465,0.361,13.449,0.343,25.957,0.361,10.912,0.343,30.462,1.731,24.411,0.769,18.822,1.731,14.448,0.769,25.716,0.417,18.022,0.713,36.151,0.417,23.42,0.713,32.195,0.287,20.086,0.352,62.261,0.472,52.575,0.815,51.447,3.769,40.018,4.472,68.82,0.213,76.344,0.387,36.572,0.188,27.906,0.312,23.348,0.475,20.061,0.875,41.983,0.475,38.3,0.875,31.152,0.262,18.506,0.538
23.154,0.231,13.505,0.37,25.83,0.231,11.03,0.37,29.991,1.843,24.389,0.63,18.592,1.843,14.28,0.63,25.58,0.509,17.986,0.759,35.984,0.509,23.47,0.759,32.097,0.296,20.028,0.37,62.25,0.444,52.205,0.759,51.238,3.898,39.924,4.593,68.896,0.162,76.276,0.3,36.648,0.188,27.786,0.312,23.354,0.438,19.763,0.762,41.733,0.438,38.307,0.762,31.285,0.225,18.474,0.55
