G6Pdh_1-488,G6Pdh_1-BG,G6Pdh_1-568,G6Pdh_1-BG,G6Pdh_2-488,G6Pdh_2-BG,G6Pdh_2-568,G6Pdh_2-BG,G6Pdh_3-488,G6Pdh_3-BG,G6Pdh_3-568,G6Pdh_3-BG,G6Pdh_4-488,G6Pdh_4-BG,G6Pdh_4-568,G6Pdh_4-BG,G6Pdh_5-488,G6Pdh_5-BG,G6Pdh_5-568,G6Pdh_5-BG,G6Pdh_6-488,G6Pdh_6-BG,G6Pdh_6-568,G6Pdh_6-BG,G6Pdh_7-488,G6Pdh_7-BG,G6Pdh_7-568,G6Pdh_7-BG,G6Pdh_8-488,G6Pdh_8-BG,G6Pdh_8-568,G6Pdh_8-BG,G6Pdh_9-488,G6Pdh_9-BG,G6Pdh_9-568,G6Pdh_9-BG,G6Pdh_10-488,G6Pdh_10-BG,G6Pdh_10-568,G6Pdh_10-BG,G6Pdh_1-488,G6Pdh_1-BG,G6Pdh_1-568,G6Pdh_1-BG,G6Pdh_2-488,G6Pdh_2-BG,G6Pdh_2-568,G6Pdh_2-BG,G6Pdh_3-488,G6Pdh_3-BG,G6Pdh_3-568,G6Pdh_3-BG,G6Pdh_4-488,G6Pdh_4-BG,G6Pdh_4-568,G6Pdh_4-BG,G6Pdh_5-488,G6Pdh_5-BG,G6Pdh_5-568,G6Pdh_5-BG
16.419,0.093,4.551,0.27,21.079,0.093,9.162,0.27,16.839,0.659,17.639,0.525,13.512,0.591,12.747,0.93,11.101,0.591,12.21,0.93,36.794,0.295,19.413,0.539,40.322,0.295,16.971,0.539,21.713,0.041,12.529,0.114,19.785,0.041,11.1,0.114,13.932,0.075,8.909,0.13,24.089,0.452,12.687,0.843,20.642,0.452,15.252,0.843,12.977,0.101,11.226,0.114,13.178,0.101,9.786,0.114,23.897,0.181,17.115,0.233
18.044,0.084,4.971,0.232,22.472,0.084,9.596,0.232,16.93,0.645,17.328,0.614,13.438,0.645,12.513,0.955,11.142,0.645,12.096,0.955,36.919,0.37,18.891,0.482,40.643,0.37,16.606,0.482,21.538,0.039,12.209,0.116,19.573,0.039,10.961,0.116,13.841,0.059,8.613,0.123,23.612,0.412,12.338,0.689,21.119,0.412,15.021,0.689,13.173,0.092,11.01,0.141,13.231,0.092,9.658,0.141,23.937,0.138,16.945,0.267
18.21,0.116,4.941,0.241,22.38,0.116,9.653,0.241,16.864,0.63,17.278,0.564,13.344,0.555,12.271,0.92,11.13,0.555,11.949,0.92,37.536,0.439,18.95,0.832,40.911,0.439,16.433,0.832,21.501,0.052,12.161,0.114,19.388,0.052,10.948,0.114,13.813,0.059,8.518,0.127,23.739,0.403,12.354,0.704,21.239,0.403,15.056,0.704,13.339,0.104,10.942,0.121,13.154,0.104,9.434,0.121,23.918,0.11,17.304,0.255
17.631,0.077,4.923,0.255,22.356,0.077,9.498,0.255,16.825,0.598,17.002,0.484,13.236,0.536,12.061,0.984,11.07,0.536,11.867,0.984,37.452,0.423,18.56,0.841,39.52,0.423,15.678,0.841,21.195,0.061,11.996,0.136,19.199,0.061,10.954,0.136,13.69,0.064,8.475,0.127,23.867,0.381,12.572,0.716,21.283,0.381,15.379,0.716,13.264,0.083,10.898,0.116,13.238,0.083,9.409,0.116,23.95,0.163,17.224,0.249
17.724,0.077,4.889,0.234,22.157,0.077,9.451,0.234,16.858,0.559,16.778,0.582,13.189,0.589,11.882,0.9,11.101,0.589,11.801,0.9,37.796,0.43,18.365,0.655,39.202,0.43,15.433,0.655,21.058,0.064,11.832,0.107,18.983,0.064,10.885,0.107,13.679,0.08,8.516,0.102,23.774,0.399,12.765,0.702,21.22,0.399,15.733,0.702,13.125,0.11,10.782,0.116,13.126,0.11,9.159,0.116,23.804,0.135,17.391,0.308
17.712,0.075,4.857,0.252,22.238,0.075,9.392,0.252,16.732,0.609,16.731,0.55,13.077,0.53,11.729,0.905,11.123,0.53,11.754,0.905,37.226,0.386,17.673,0.945,40.172,0.386,15.564,0.945,20.898,0.032,11.641,0.125,18.84,0.032,10.824,0.125,13.676,0.064,8.438,0.127,23.867,0.387,13.117,0.708,21.219,0.387,16.101,0.708,12.948,0.092,10.663,0.117,13.034,0.092,8.967,0.117,23.5,0.142,17.546,0.295
17.568,0.089,4.798,0.275,22.066,0.089,9.208,0.275,16.674,0.566,16.365,0.55,12.943,0.548,11.577,0.9,11.132,0.548,11.702,0.9,36.78,0.375,17.345,0.816,40.054,0.375,15.227,0.816,20.713,0.059,11.525,0.093,18.758,0.059,10.745,0.093,13.607,0.057,8.292,0.111,23.718,0.391,13.349,0.702,21.261,0.391,16.388,0.702,12.836,0.083,10.525,0.108,12.813,0.083,8.769,0.108,23.383,0.157,17.632,0.302
17.461,0.07,4.737,0.266,22.132,0.07,9.084,0.266,16.552,0.486,16.257,0.505,12.844,0.552,11.277,0.907,11.171,0.552,11.378,0.907,36.617,0.327,16.791,0.95,38.917,0.327,14.587,0.95,20.592,0.048,11.27,0.118,18.567,0.048,10.524,0.118,13.674,0.077,8.158,0.107,23.604,0.387,13.48,0.628,21.289,0.387,16.473,0.628,12.618,0.089,10.363,0.12,12.737,0.089,8.516,0.12,23.509,0.136,16.692,0.286
17.473,0.089,4.661,0.216,22.027,0.089,8.784,0.216,16.625,0.591,16.063,0.548,12.632,0.507,11.029,0.97,11.105,0.507,11.22,0.97,36.965,0.357,16.412,0.855,38.91,0.357,14.273,0.855,20.435,0.064,10.987,0.118,18.396,0.064,10.341,0.118,13.493,0.066,7.921,0.13,23.563,0.401,13.381,0.581,21.329,0.401,16.495,0.581,12.669,0.086,10.287,0.09,12.747,0.086,8.446,0.09,24.205,0.135,16.176,0.262
17.369,0.057,4.559,0.223,22.095,0.057,8.597,0.223,16.553,0.561,15.678,0.484,12.68,0.543,10.68,0.868,11.163,0.543,10.924,0.868,36.429,0.373,16.097,0.834,39.486,0.373,14.28,0.834,20.466,0.039,10.868,0.086,18.377,0.039,10.195,0.086,13.343,0.075,7.767,0.111,23.457,0.342,13.263,0.604,21.292,0.342,16.456,0.604,12.88,0.098,10.38,0.129,12.776,0.098,8.487,0.129,24.093,0.141,15.794,0.259
17.66,0.055,4.464,0.245,22.26,0.055,8.373,0.245,16.413,0.584,15.3,0.477,12.429,0.53,10.361,0.936,11.152,0.53,10.688,0.936,36.348,0.398,15.463,0.811,39.726,0.398,13.916,0.811,20.386,0.036,10.595,0.105,18.428,0.036,10.091,0.105,13.308,0.043,7.617,0.13,23.433,0.29,13.233,0.613,21.444,0.29,16.403,0.613,12.928,0.089,10.196,0.121,12.68,0.089,8.354,0.121,23.649,0.136,15.852,0.287
17.672,0.059,4.387,0.284,22.165,0.059,8.164,0.284,16.625,0.468,14.953,0.564,12.532,0.582,10.082,0.977,11.233,0.582,10.415,0.977,36.265,0.364,15.046,0.72,39.441,0.364,13.536,0.72,20.339,0.041,10.438,0.084,18.434,0.041,9.925,0.084,13.283,0.068,7.471,0.13,23.372,0.382,13.118,0.591,21.476,0.382,16.249,0.591,13.11,0.093,10.071,0.153,12.776,0.093,8.312,0.153,23.568,0.141,15.734,0.219
17.546,0.107,4.289,0.218,22.154,0.107,7.997,0.218,16.551,0.561,14.488,0.516,12.296,0.539,9.602,0.98,11.202,0.539,10.195,0.98,36.13,0.334,14.678,0.798,39.9,0.334,13.587,0.798,20.356,0.048,10.203,0.132,18.196,0.048,9.797,0.132,13.13,0.064,7.34,0.148,23.211,0.339,13.147,0.56,21.667,0.339,16.289,0.56,13.085,0.086,10.024,0.124,12.792,0.086,8.309,0.124,23.516,0.13,15.499,0.268
17.473,0.111,4.184,0.243,22.111,0.111,7.653,0.243,16.462,0.548,14.137,0.441,12.17,0.505,9.368,1,11.208,0.505,9.971,1,35.956,0.334,14.269,0.786,39.407,0.334,13.146,0.786,20.224,0.052,10.039,0.116,18.163,0.052,9.69,0.116,12.98,0.061,7.185,0.118,23.115,0.316,13.102,0.557,21.696,0.316,16.344,0.557,13.44,0.098,9.945,0.124,12.806,0.098,8.235,0.124,23.619,0.136,15.354,0.277
17.437,0.061,4.146,0.266,21.947,0.061,7.555,0.266,16.527,0.516,13.838,0.532,12.132,0.564,9.055,0.934,11.252,0.564,9.821,0.934,35.626,0.37,13.85,0.98,39.873,0.37,13.195,0.98,19.914,0.05,9.779,0.095,17.962,0.05,9.603,0.095,12.969,0.066,7.102,0.105,23.065,0.293,13.138,0.55,21.764,0.293,16.358,0.55,13.235,0.093,9.953,0.133,12.69,0.093,8.164,0.133,23.565,0.114,15.12,0.273
17.415,0.082,4.099,0.214,21.975,0.082,7.366,0.214,16.485,0.484,13.499,0.545,11.993,0.55,8.79,0.875,11.198,0.55,9.593,0.875,36.262,0.407,13.855,0.759,40.387,0.407,13.084,0.759,19.947,0.05,9.645,0.093,17.89,0.05,9.509,0.093,12.9,0.048,7.041,0.114,22.807,0.286,13.186,0.527,21.736,0.286,16.442,0.527,13.31,0.102,9.737,0.157,12.659,0.102,8.031,0.157,23.572,0.142,14.942,0.276
17.3,0.07,4.025,0.277,21.772,0.07,7.234,0.277,16.39,0.455,13.242,0.445,12.062,0.523,8.541,0.923,11.209,0.523,9.48,0.923,35.761,0.448,13.481,0.952,39.613,0.448,12.761,0.952,19.795,0.052,9.506,0.098,17.846,0.052,9.442,0.098,12.834,0.055,6.964,0.141,22.795,0.289,13.213,0.624,21.851,0.289,16.59,0.624,13.249,0.092,9.71,0.13,12.554,0.092,7.961,0.13,23.882,0.148,14.609,0.212
17.301,0.052,4.005,0.218,21.809,0.052,7.169,0.218,16.388,0.47,12.87,0.398,11.964,0.566,8.293,0.991,11.177,0.566,9.284,0.991,35.876,0.414,13.306,0.823,40.217,0.414,12.877,0.823,19.65,0.039,9.429,0.114,17.728,0.039,9.457,0.114,12.69,0.043,6.994,0.105,22.769,0.284,13.383,0.523,21.811,0.284,16.848,0.523,12.966,0.077,9.657,0.11,12.465,0.077,7.863,0.11,23.814,0.117,14.235,0.253
17.355,0.089,3.995,0.252,21.823,0.089,6.978,0.252,16.4,0.498,12.781,0.507,11.734,0.573,8.112,0.927,11.217,0.573,9.155,0.927,35.82,0.359,13.089,0.757,40.226,0.359,12.819,0.757,19.459,0.045,9.095,0.111,17.541,0.045,9.312,0.111,12.751,0.057,6.929,0.116,22.563,0.289,13.502,0.492,21.879,0.289,16.984,0.492,13.134,0.107,9.552,0.114,12.505,0.107,7.744,0.114,23.862,0.159,14.203,0.24
17.216,0.052,3.974,0.234,21.619,0.052,6.919,0.234,16.354,0.486,12.431,0.473,11.708,0.527,7.932,0.966,11.283,0.527,9.019,0.966,35.579,0.391,12.83,0.693,39.83,0.391,12.669,0.693,19.344,0.02,8.988,0.139,17.2,0.02,9.266,0.139,12.702,0.052,6.935,0.107,22.337,0.308,13.642,0.536,21.962,0.308,17.136,0.536,12.838,0.102,9.337,0.13,12.35,0.102,7.5,0.13,23.927,0.129,14.027,0.268
17.206,0.059,3.978,0.223,21.559,0.059,6.779,0.223,16.284,0.423,12.188,0.436,11.625,0.559,7.755,0.977,11.187,0.559,8.951,0.977,35.477,0.352,12.758,0.53,40.337,0.352,12.809,0.53,19.201,0.034,8.947,0.068,17.101,0.034,9.252,0.068,12.594,0.066,6.942,0.084,22.191,0.261,13.764,0.548,21.992,0.261,17.366,0.548,12.65,0.064,9.147,0.127,12.221,0.064,7.399,0.127,23.895,0.116,13.912,0.219
17.092,0.075,3.915,0.22,21.554,0.075,6.67,0.22,16.17,0.457,12.035,0.436,11.424,0.541,7.475,0.93,11.249,0.541,8.805,0.93,35.066,0.361,12.597,0.614,40.481,0.361,12.538,0.614,19.058,0.043,8.768,0.077,16.881,0.043,9.29,0.077,12.504,0.048,6.872,0.095,22.093,0.301,13.849,0.468,21.973,0.301,17.564,0.468,12.49,0.095,9.065,0.111,12.142,0.095,7.144,0.111,23.979,0.116,13.719,0.259
17.196,0.08,3.91,0.239,21.503,0.08,6.566,0.239,16.098,0.473,11.83,0.432,11.29,0.568,7.4,0.92,11.226,0.568,8.812,0.92,34.568,0.35,12.365,0.584,40.098,0.35,12.763,0.584,18.861,0.045,8.81,0.075,16.724,0.045,9.302,0.075,12.432,0.039,6.878,0.148,21.781,0.276,13.924,0.498,22.036,0.276,17.714,0.498,12.606,0.064,8.941,0.166,12.032,0.064,7.014,0.166,23.943,0.105,13.619,0.256
16.859,0.066,3.872,0.25,21.218,0.066,6.471,0.25,16.016,0.45,11.497,0.45,11.054,0.475,7.194,0.861,11.29,0.475,8.753,0.861,34.507,0.314,12.272,0.541,40.982,0.314,12.753,0.541,18.595,0.039,8.635,0.141,16.617,0.039,9.292,0.141,12.319,0.052,6.832,0.118,21.766,0.274,14.108,0.468,21.957,0.274,17.921,0.468,12.451,0.098,8.823,0.111,12.005,0.098,7.014,0.111,23.869,0.123,13.63,0.224
16.961,0.043,3.831,0.227,21.109,0.043,6.357,0.227,15.986,0.489,11.525,0.448,11.202,0.534,7.147,0.948,11.358,0.534,8.685,0.948,34.242,0.33,12.161,0.55,39.973,0.33,12.712,0.55,18.593,0.043,8.497,0.098,16.555,0.043,9.256,0.098,12.305,0.041,6.933,0.107,21.518,0.24,14.261,0.413,21.946,0.24,18.154,0.413,12.333,0.059,8.772,0.123,11.805,0.059,6.855,0.123,23.929,0.117,13.411,0.234
17.023,0.073,3.849,0.223,21.132,0.073,6.276,0.223,15.903,0.398,11.235,0.443,10.952,0.518,6.945,0.939,11.31,0.518,8.596,0.939,33.767,0.307,12.072,0.495,40.754,0.307,12.693,0.495,18.434,0.041,8.405,0.114,16.369,0.041,9.155,0.114,12.174,0.066,6.851,0.118,21.369,0.241,14.604,0.449,21.95,0.241,18.351,0.449,12.179,0.074,8.695,0.123,11.777,0.074,6.761,0.123,24.001,0.139,13.468,0.206
17.084,0.055,3.862,0.239,21.228,0.055,6.246,0.239,15.864,0.393,11.123,0.436,10.953,0.525,6.918,0.955,11.282,0.525,8.581,0.955,33.665,0.264,12.019,0.477,40.784,0.264,12.84,0.477,18.269,0.052,8.387,0.12,16.32,0.052,9.24,0.12,12.038,0.068,6.862,0.12,21.24,0.249,14.711,0.455,21.972,0.249,18.575,0.455,12.026,0.068,8.566,0.139,11.629,0.068,6.628,0.139,23.793,0.13,13.456,0.261
17.088,0.066,3.877,0.248,21.253,0.066,6.22,0.248,15.951,0.42,11.091,0.42,10.89,0.491,6.8,0.943,11.282,0.491,8.521,0.943,33.687,0.327,11.956,0.484,40.263,0.327,12.688,0.484,18.264,0.039,8.322,0.093,16.048,0.039,9.29,0.093,11.854,0.036,6.804,0.125,21.178,0.28,14.867,0.452,21.928,0.28,18.718,0.452,12.051,0.062,8.546,0.133,11.552,0.062,6.566,0.133,23.669,0.11,13.441,0.231
17.134,0.055,3.868,0.245,21.319,0.055,6.075,0.245,15.752,0.37,10.951,0.45,10.806,0.527,6.771,0.875,11.259,0.527,8.528,0.875,33.362,0.314,11.9,0.468,40.033,0.314,12.795,0.468,17.885,0.041,8.28,0.13,15.738,0.041,9.308,0.13,11.776,0.036,6.873,0.111,20.818,0.255,14.939,0.425,22.015,0.255,18.759,0.425,11.827,0.071,8.514,0.126,11.5,0.071,6.478,0.126,23.689,0.127,13.463,0.271
17.105,0.066,3.948,0.207,21.149,0.066,6.06,0.207,15.807,0.466,10.913,0.414,10.646,0.489,6.586,0.864,11.312,0.489,8.479,0.864,33.089,0.309,11.678,0.55,40.653,0.309,13.055,0.55,17.741,0.043,8.271,0.102,15.551,0.043,9.304,0.102,11.64,0.045,6.846,0.139,20.676,0.28,15.026,0.4,21.843,0.28,18.988,0.4,11.691,0.092,8.465,0.11,11.394,0.092,6.341,0.11,23.575,0.148,13.498,0.241
16.933,0.05,3.899,0.214,20.865,0.05,5.976,0.214,15.748,0.441,10.735,0.407,10.524,0.486,6.554,0.909,11.295,0.486,8.462,0.909,32.753,0.334,11.695,0.466,40.432,0.334,12.81,0.466,17.585,0.055,8.283,0.111,15.396,0.055,9.336,0.111,11.608,0.045,6.868,0.114,20.467,0.207,15.316,0.401,21.845,0.207,19.162,0.401,11.783,0.062,8.311,0.129,11.298,0.062,6.288,0.129,23.546,0.154,13.574,0.255
16.948,0.052,3.836,0.202,20.612,0.052,5.869,0.202,15.739,0.441,10.71,0.455,10.544,0.527,6.42,0.85,11.362,0.527,8.397,0.85,32.698,0.248,11.599,0.384,40.775,0.248,13.042,0.384,17.551,0.036,8.273,0.091,15.551,0.036,9.39,0.091,11.636,0.055,6.933,0.116,20.404,0.25,15.349,0.373,21.874,0.25,19.302,0.373,11.719,0.083,8.382,0.102,11.267,0.083,6.254,0.102,23.551,0.13,13.393,0.237
16.938,0.061,3.952,0.211,20.605,0.061,5.81,0.211,15.633,0.395,10.586,0.357,10.54,0.543,6.402,0.968,11.338,0.543,8.39,0.968,32.421,0.37,11.596,0.425,41.092,0.37,13.123,0.425,17.563,0.043,8.271,0.095,15.302,0.043,9.385,0.095,11.521,0.05,6.944,0.13,20.245,0.222,15.513,0.399,21.824,0.222,19.538,0.399,11.71,0.083,8.251,0.117,11.192,0.083,6.104,0.117,23.297,0.119,13.476,0.283
17.053,0.064,3.958,0.243,20.728,0.064,5.76,0.243,15.588,0.366,10.363,0.436,10.334,0.52,6.217,0.882,11.311,0.52,8.293,0.882,32.405,0.225,11.584,0.352,40.991,0.225,13.269,0.352,17.349,0.039,8.266,0.107,15.318,0.039,9.439,0.107,11.466,0.059,6.98,0.116,20.159,0.236,15.643,0.413,21.843,0.236,19.597,0.413,11.737,0.079,8.387,0.127,11.26,0.079,6.148,0.127,23.57,0.107,13.255,0.25
16.972,0.077,3.909,0.214,20.516,0.077,5.694,0.214,15.413,0.359,10.37,0.405,10.34,0.566,6.251,0.891,11.241,0.566,8.285,0.891,32.222,0.261,11.521,0.402,40.811,0.261,13.223,0.402,17.256,0.034,8.268,0.091,14.985,0.034,9.513,0.091,11.364,0.057,7.048,0.127,19.968,0.253,15.587,0.399,21.77,0.253,19.669,0.399,11.551,0.11,8.291,0.13,11.088,0.11,6.074,0.13,23.424,0.121,13.301,0.261
16.989,0.07,3.975,0.209,20.561,0.07,5.713,0.209,15.455,0.343,10.298,0.309,10.232,0.57,6.172,0.893,11.349,0.57,8.328,0.893,31.336,0.245,11.191,0.35,40.946,0.245,13.143,0.35,17.188,0.027,8.255,0.107,14.786,0.027,9.478,0.107,11.269,0.039,7.035,0.136,19.792,0.261,15.705,0.468,21.775,0.261,19.776,0.468,11.443,0.076,8.179,0.102,11.02,0.076,6.007,0.102,23.304,0.116,13.23,0.252
17.098,0.043,4.008,0.218,20.496,0.043,5.598,0.218,15.412,0.37,10.246,0.45,10.262,0.648,6.081,0.973,11.337,0.648,8.262,0.973,31.743,0.302,11.426,0.409,40.929,0.302,13.353,0.409,16.881,0.036,8.148,0.102,14.602,0.036,9.295,0.102,11.393,0.027,7.098,0.164,19.767,0.274,15.718,0.418,21.838,0.274,19.917,0.418,11.425,0.052,8.16,0.119,10.942,0.052,5.934,0.119,23.23,0.108,13.354,0.287
17.236,0.077,3.966,0.227,20.475,0.077,5.602,0.227,15.339,0.402,10.106,0.427,10.2,0.511,6.086,1.002,11.303,0.511,8.246,1.002,31.152,0.293,11.242,0.409,40.578,0.293,13.411,0.409,16.866,0.045,8.232,0.136,14.537,0.045,9.44,0.136,11.167,0.041,7.123,0.118,19.558,0.234,15.794,0.378,21.793,0.234,19.983,0.378,11.379,0.077,8.015,0.126,10.936,0.077,5.862,0.126,23.171,0.133,13.256,0.225
17.401,0.064,4.05,0.198,20.686,0.064,5.644,0.198,15.624,0.42,10.276,0.443,10.257,0.586,6.055,0.891,11.332,0.586,8.267,0.891,31.373,0.255,11.415,0.375,40.844,0.255,13.603,0.375,16.707,0.039,8.206,0.111,14.366,0.039,9.418,0.111,11.242,0.059,7.146,0.12,19.4,0.203,15.832,0.394,21.699,0.203,20.15,0.394,11.119,0.052,7.959,0.136,10.863,0.052,5.754,0.136,23.226,0.113,13.217,0.264
17.337,0.061,4.078,0.241,20.528,0.061,5.584,0.241,15.607,0.341,10.156,0.382,10.251,0.48,6.082,0.95,11.348,0.48,8.201,0.95,31.293,0.218,11.429,0.311,40.91,0.218,13.676,0.311,16.648,0.043,8.243,0.098,14.094,0.043,9.487,0.098,11.229,0.041,7.272,0.123,19.27,0.206,15.913,0.376,21.687,0.206,20.272,0.376,11.127,0.067,7.967,0.126,10.836,0.067,5.729,0.126,23.109,0.135,13.307,0.279
17.296,0.098,4.127,0.207,20.505,0.098,5.51,0.207,15.467,0.352,10.033,0.405,10.229,0.539,6.03,0.957,11.303,0.539,8.123,0.957,31.101,0.27,11.432,0.302,40.704,0.27,13.526,0.302,16.464,0.032,8.208,0.107,13.986,0.032,9.482,0.107,11.165,0.061,7.316,0.123,19.208,0.252,15.991,0.354,21.635,0.252,20.366,0.354,10.947,0.077,7.725,0.126,10.817,0.077,5.655,0.126,22.879,0.132,13.315,0.273
17.293,0.064,4.097,0.252,20.431,0.064,5.478,0.252,15.43,0.373,10.007,0.386,10.183,0.498,5.959,0.886,11.315,0.498,8.152,0.886,31.529,0.239,11.583,0.345,41.407,0.239,13.682,0.345,16.484,0.068,8.207,0.107,14.014,0.068,9.538,0.107,11.008,0.048,7.309,0.136,19.117,0.225,16.029,0.375,21.685,0.225,20.418,0.375,10.833,0.071,7.739,0.12,10.733,0.071,5.701,0.12,22.646,0.124,13.376,0.262
17.085,0.059,4.121,0.218,20.168,0.059,5.413,0.218,15.403,0.377,9.879,0.405,10.065,0.568,5.982,0.966,11.322,0.568,8.139,0.966,30.644,0.22,11.464,0.375,40.434,0.22,13.75,0.375,16.368,0.032,8.319,0.109,13.851,0.032,9.587,0.109,11.101,0.048,7.347,0.109,18.963,0.2,15.953,0.342,21.708,0.2,20.437,0.342,10.868,0.073,7.766,0.101,10.624,0.073,5.641,0.101,22.659,0.12,13.456,0.243
17.049,0.08,4.086,0.205,20.015,0.08,5.361,0.205,15.289,0.393,9.862,0.407,10.027,0.491,5.867,0.873,11.248,0.491,8.126,0.873,30.066,0.245,11.245,0.361,41.34,0.245,14.1,0.361,16.314,0.041,8.406,0.105,13.736,0.041,9.518,0.105,11.019,0.043,7.472,0.098,18.83,0.243,16.004,0.357,21.652,0.243,20.605,0.357,10.744,0.07,7.704,0.096,10.651,0.07,5.572,0.096,22.564,0.136,13.5,0.258
16.857,0.057,4.078,0.227,19.909,0.057,5.322,0.227,15.392,0.334,9.778,0.393,9.994,0.545,5.822,0.918,11.251,0.545,8.13,0.918,30.739,0.205,11.443,0.318,41.414,0.205,13.972,0.318,15.968,0.052,8.273,0.089,13.472,0.052,9.56,0.089,10.925,0.052,7.401,0.127,18.79,0.231,16.063,0.36,21.628,0.231,20.741,0.36,10.835,0.064,7.746,0.127,10.551,0.064,5.604,0.127,22.852,0.133,13.399,0.25
17.053,0.082,4.125,0.22,19.861,0.082,5.311,0.22,15.348,0.373,9.733,0.391,10.061,0.518,5.776,0.925,11.323,0.518,8.09,0.925,29.843,0.186,11.314,0.305,41.279,0.186,14.139,0.305,15.942,0.041,8.329,0.075,13.229,0.041,9.572,0.075,10.956,0.036,7.498,0.102,18.542,0.258,16.03,0.344,21.677,0.258,20.81,0.344,10.583,0.046,7.557,0.108,10.539,0.046,5.586,0.108,22.466,0.119,13.265,0.224
17.038,0.057,4.202,0.227,19.762,0.057,5.263,0.227,15.255,0.4,9.751,0.375,9.848,0.559,5.758,0.97,11.289,0.559,8.024,0.97,29.86,0.218,11.326,0.309,41.436,0.218,14.418,0.309,15.742,0.059,8.345,0.105,13.219,0.059,9.458,0.105,10.947,0.061,7.605,0.125,18.534,0.246,16.172,0.324,21.727,0.246,20.849,0.324,10.7,0.046,7.573,0.092,10.474,0.046,5.505,0.092,22.448,0.133,13.269,0.228
17.054,0.055,4.174,0.202,19.826,0.055,5.249,0.202,15.176,0.373,9.758,0.373,9.969,0.468,5.795,0.905,11.251,0.468,7.965,0.905,30.351,0.195,11.434,0.332,41.206,0.195,14.164,0.332,15.618,0.052,8.364,0.086,13.084,0.052,9.5,0.086,10.851,0.05,7.633,0.109,18.534,0.215,16.197,0.338,21.679,0.215,20.908,0.338,10.6,0.077,7.497,0.136,10.516,0.077,5.493,0.136,22.228,0.16,13.307,0.243
17.135,0.077,4.245,0.214,19.997,0.077,5.29,0.214,15.394,0.355,9.691,0.375,10.06,0.516,5.825,0.92,11.273,0.516,7.994,0.92,30.516,0.214,11.518,0.282,41.303,0.214,14.277,0.282,15.696,0.027,8.376,0.102,13.034,0.027,9.529,0.102,10.795,0.077,7.71,0.136,18.377,0.25,16.245,0.342,21.635,0.25,21.044,0.342,10.562,0.064,7.45,0.104,10.561,0.064,5.467,0.104,22.038,0.15,13.32,0.268
17.361,0.07,4.332,0.227,20.154,0.07,5.284,0.227,15.412,0.386,9.73,0.439,10.02,0.509,5.778,0.941,11.223,0.509,8.027,0.941,29.506,0.225,11.191,0.295,40.98,0.225,14.395,0.295,15.558,0.057,8.389,0.086,12.902,0.057,9.549,0.086,10.713,0.057,7.74,0.086,18.288,0.185,16.251,0.293,21.586,0.185,21.082,0.293,10.333,0.059,7.35,0.126,10.471,0.059,5.497,0.126,22.373,0.113,13.393,0.279
17.507,0.091,4.336,0.225,20.247,0.091,5.313,0.225,15.367,0.366,9.766,0.366,9.986,0.527,5.756,0.955,11.26,0.527,8.006,0.955,30.437,0.218,11.656,0.309,41.209,0.218,14.352,0.309,15.368,0.032,8.474,0.091,12.741,0.032,9.51,0.091,10.658,0.034,7.738,0.102,18.223,0.2,16.243,0.33,21.537,0.2,21.171,0.33,10.332,0.061,7.303,0.113,10.425,0.061,5.457,0.113,22.74,0.119,13.433,0.218
17.474,0.059,4.408,0.198,20.187,0.059,5.311,0.198,15.303,0.382,9.603,0.405,9.835,0.539,5.632,1.025,11.288,0.539,7.988,1.025,28.834,0.202,11.236,0.305,41.464,0.202,14.449,0.305,15.253,0.043,8.511,0.066,12.74,0.043,9.588,0.066,10.599,0.036,7.826,0.107,18.082,0.231,16.206,0.31,21.561,0.231,21.206,0.31,10.211,0.062,7.248,0.119,10.492,0.062,5.447,0.119,22.938,0.119,13.316,0.231
17.296,0.057,4.412,0.227,19.987,0.057,5.235,0.227,15.478,0.339,9.622,0.402,10.036,0.486,5.733,0.984,11.376,0.486,8.02,0.984,29.412,0.182,11.413,0.25,41.288,0.182,14.592,0.25,15.257,0.034,8.525,0.091,12.594,0.034,9.66,0.091,10.544,0.068,7.914,0.145,18.016,0.222,16.27,0.299,21.539,0.222,21.18,0.299,10.187,0.05,7.274,0.108,10.365,0.05,5.486,0.108,22.754,0.119,13.379,0.244
17.435,0.08,4.462,0.218,20.105,0.08,5.274,0.218,15.363,0.366,9.562,0.466,9.99,0.627,5.723,0.966,11.197,0.627,7.975,0.966,29.56,0.198,11.526,0.307,41.199,0.198,14.66,0.307,15.138,0.052,8.474,0.077,12.614,0.052,9.589,0.077,10.488,0.075,7.886,0.1,17.929,0.224,16.245,0.35,21.486,0.224,21.299,0.35,10.178,0.062,7.252,0.123,10.363,0.062,5.436,0.123,22.888,0.105,13.339,0.23
17.48,0.045,4.488,0.255,20.002,0.045,5.189,0.255,15.213,0.368,9.508,0.377,9.941,0.477,5.7,0.943,11.275,0.477,7.945,0.943,28.847,0.173,11.369,0.293,41.093,0.173,14.87,0.293,14.985,0.023,8.554,0.102,12.421,0.023,9.544,0.102,10.571,0.045,8.063,0.139,17.817,0.253,16.31,0.33,21.481,0.253,21.403,0.33,10.126,0.067,7.252,0.124,10.289,0.067,5.462,0.124,22.805,0.13,13.394,0.219
17.469,0.068,4.557,0.186,20.038,0.068,5.212,0.186,15.278,0.359,9.595,0.391,9.837,0.568,5.599,0.9,11.258,0.568,7.918,0.9,28.598,0.148,11.302,0.316,40.688,0.148,14.888,0.316,14.974,0.027,8.558,0.068,12.275,0.027,9.531,0.068,10.386,0.059,8.002,0.107,17.831,0.237,16.336,0.292,21.567,0.237,21.45,0.292,10.12,0.055,7.33,0.105,10.346,0.055,5.383,0.105,22.908,0.114,13.343,0.255
17.615,0.08,4.555,0.216,19.971,0.08,5.204,0.216,15.198,0.366,9.58,0.375,9.849,0.63,5.703,0.98,11.32,0.63,7.876,0.98,28.882,0.166,11.471,0.343,41.389,0.166,15.002,0.343,14.926,0.043,8.558,0.102,12.133,0.043,9.516,0.102,10.328,0.043,8.081,0.102,17.65,0.219,16.447,0.345,21.531,0.219,21.573,0.345,10.064,0.061,7.316,0.153,10.339,0.061,5.466,0.153,22.958,0.127,13.354,0.239
17.242,0.059,4.563,0.252,19.817,0.059,5.119,0.252,15.253,0.334,9.496,0.318,9.907,0.548,5.63,0.882,11.245,0.548,7.878,0.882,29.19,0.189,11.735,0.309,41.681,0.189,15.127,0.309,14.747,0.052,8.551,0.086,12.003,0.052,9.434,0.086,10.259,0.041,8.058,0.139,17.567,0.228,16.327,0.336,21.432,0.228,21.531,0.336,10.129,0.053,7.306,0.102,10.365,0.053,5.451,0.102,22.718,0.142,13.426,0.237
17.045,0.075,4.511,0.211,19.565,0.075,5.096,0.211,15.197,0.318,9.426,0.38,9.785,0.493,5.573,0.943,11.266,0.493,7.819,0.943,28.963,0.18,11.536,0.261,41.602,0.18,15.232,0.261,14.658,0.039,8.572,0.093,11.976,0.039,9.468,0.093,10.261,0.05,8.16,0.102,17.494,0.222,16.353,0.335,21.406,0.222,21.635,0.335,10.006,0.05,7.181,0.108,10.326,0.05,5.487,0.108,22.634,0.135,13.457,0.239
16.973,0.075,4.5,0.216,19.433,0.075,5.075,0.216,15.288,0.314,9.443,0.339,9.923,0.582,5.581,0.918,11.364,0.582,7.877,0.918,29.053,0.168,11.575,0.332,41.654,0.168,15.291,0.332,14.578,0.048,8.513,0.08,11.788,0.048,9.407,0.08,10.288,0.055,8.178,0.089,17.5,0.233,16.405,0.323,21.417,0.233,21.708,0.323,9.947,0.058,7.236,0.119,10.275,0.058,5.478,0.119,22.593,0.117,13.488,0.262
17.31,0.07,4.618,0.25,19.578,0.07,5.098,0.25,15.326,0.343,9.448,0.398,9.839,0.509,5.628,0.891,11.264,0.509,7.824,0.891,28.711,0.225,11.535,0.216,41.761,0.225,15.305,0.216,14.509,0.025,8.628,0.068,11.756,0.025,9.467,0.068,10.204,0.027,8.288,0.116,17.411,0.233,16.464,0.327,21.47,0.233,21.819,0.327,9.955,0.04,7.282,0.126,10.209,0.04,5.494,0.126,22.15,0.133,13.574,0.28
17.145,0.061,4.651,0.186,19.392,0.061,5.113,0.186,15.202,0.341,9.44,0.373,9.831,0.527,5.558,1.055,11.282,0.527,7.778,1.055,28.389,0.145,11.402,0.293,41.81,0.145,15.513,0.293,14.399,0.05,8.664,0.068,11.609,0.05,9.387,0.068,10.154,0.061,8.304,0.148,17.276,0.228,16.301,0.311,21.338,0.228,21.745,0.311,9.918,0.058,7.243,0.133,10.229,0.058,5.493,0.133,22.405,0.111,13.603,0.253
17.195,0.059,4.632,0.193,19.492,0.059,5.085,0.193,15.222,0.386,9.514,0.407,9.794,0.523,5.612,0.916,11.298,0.523,7.78,0.916,28.43,0.195,11.624,0.309,40.855,0.195,15.215,0.309,14.193,0.02,8.561,0.089,11.411,0.02,9.349,0.089,10.093,0.043,8.371,0.134,17.068,0.196,16.329,0.29,21.404,0.196,21.915,0.29,9.802,0.061,7.127,0.102,10.171,0.061,5.467,0.102,22.317,0.119,13.615,0.243
17.337,0.059,4.725,0.198,19.612,0.059,5.045,0.198,15.162,0.352,9.371,0.425,9.82,0.652,5.601,0.977,11.256,0.652,7.734,0.977,29.454,0.17,11.872,0.289,41.573,0.17,15.47,0.289,14.178,0.032,8.645,0.073,11.504,0.032,9.402,0.073,10.098,0.068,8.401,0.107,17.028,0.267,16.375,0.295,21.316,0.267,21.843,0.295,9.884,0.05,7.204,0.098,10.243,0.05,5.539,0.098,22.276,0.133,13.752,0.236
17.373,0.073,4.782,0.214,19.616,0.073,5.109,0.214,15.194,0.377,9.386,0.402,9.734,0.539,5.518,0.948,11.263,0.539,7.733,0.948,28.864,0.18,11.862,0.341,41.68,0.18,15.726,0.341,14.232,0.03,8.718,0.086,11.492,0.03,9.403,0.086,10.024,0.05,8.328,0.116,16.889,0.215,16.266,0.326,21.258,0.215,21.861,0.326,9.87,0.059,7.357,0.126,10.198,0.059,5.579,0.126,21.913,0.13,13.739,0.253
17.397,0.064,4.764,0.186,19.574,0.064,5.106,0.186,15.161,0.361,9.432,0.407,9.774,0.495,5.52,0.902,11.205,0.495,7.758,0.902,28.911,0.202,11.818,0.28,41.926,0.202,15.795,0.28,14.14,0.041,8.679,0.1,11.315,0.041,9.331,0.1,9.957,0.059,8.453,0.13,16.916,0.215,16.247,0.311,21.272,0.215,21.949,0.311,9.608,0.079,7.437,0.135,10.168,0.079,5.728,0.135,22.41,0.129,13.895,0.259
17.185,0.05,4.852,0.223,19.378,0.05,5.049,0.223,15.127,0.298,9.353,0.432,9.763,0.536,5.516,0.941,11.356,0.536,7.729,0.941,28.23,0.141,11.661,0.234,41.568,0.141,15.751,0.234,13.969,0.03,8.611,0.093,11.161,0.03,9.436,0.093,10.006,0.052,8.531,0.109,17.33,0.193,16.752,0.329,21.335,0.193,22.135,0.329,9.537,0.05,7.665,0.098,10.142,0.05,5.93,0.098,21.823,0.145,13.87,0.262
17.088,0.03,4.919,0.218,19.191,0.03,5.072,0.218,15.304,0.334,9.467,0.405,9.812,0.625,5.583,0.916,11.259,0.625,7.725,0.916,27.66,0.161,11.544,0.232,41.788,0.161,15.897,0.232,13.678,0.03,8.79,0.086,10.972,0.03,9.48,0.086,9.711,0.052,8.461,0.148,16.705,0.213,16.512,0.308,21.212,0.213,22.224,0.308,9.599,0.062,7.89,0.123,10.103,0.062,6.05,0.123,21.865,0.133,14.241,0.256
17.007,0.048,5.155,0.195,19.07,0.048,5.114,0.195,15.133,0.334,9.31,0.489,9.764,0.616,5.585,0.868,11.303,0.616,7.8,0.868,28.723,0.168,12.018,0.236,41.425,0.168,16.033,0.236,13.735,0.034,9.586,0.08,10.755,0.034,10.441,0.08,9.965,0.059,9.094,0.166,16.596,0.276,17.679,0.308,21.16,0.276,23.501,0.308,9.501,0.068,7.961,0.142,10.143,0.068,6.285,0.142,22.198,0.102,14.976,0.273
17.043,0.07,5.612,0.184,18.97,0.07,5.194,0.184,15.166,0.311,9.314,0.38,9.592,0.589,5.455,0.916,11.249,0.589,7.709,0.916,27.882,0.164,11.981,0.232,41.912,0.164,16.532,0.232,13.61,0.061,10.333,0.089,10.729,0.061,11.357,0.089,9.933,0.066,10.089,0.123,16.347,0.203,19.14,0.336,21.128,0.203,25.017,0.336,9.702,0.046,8.246,0.135,10.202,0.046,6.429,0.135,22.033,0.136,15.383,0.249
17.207,0.057,6.041,0.227,19.082,0.057,5.326,0.227,15.097,0.309,9.353,0.384,9.633,0.53,5.5,0.932,11.206,0.53,7.818,0.932,30.169,0.136,13.447,0.182,40.459,0.136,17.05,0.182,13.541,0.055,10.938,0.098,10.491,0.055,12.004,0.098,9.912,0.036,10.943,0.084,16.184,0.233,20.138,0.316,21.06,0.233,26.223,0.316,9.741,0.067,8.4,0.111,10.247,0.067,6.638,0.111,21.655,0.126,15.738,0.274
17.204,0.08,6.387,0.227,19.169,0.08,5.511,0.227,15.184,0.4,9.374,0.455,9.782,0.559,5.579,1.009,11.128,0.559,7.794,1.009,30.134,0.191,13.881,0.195,41.103,0.191,17.996,0.195,13.328,0.032,11.464,0.091,10.38,0.032,12.383,0.091,9.99,0.045,11.775,0.114,16.177,0.216,20.896,0.274,21.13,0.216,27.081,0.274,9.575,0.062,8.511,0.084,10.35,0.062,6.81,0.084,21.538,0.163,16.217,0.286
17.155,0.064,6.62,0.198,19.175,0.064,5.652,0.198,15.167,0.316,9.327,0.384,9.699,0.523,5.497,0.957,11.196,0.523,7.75,0.957,28.306,0.164,13.971,0.261,40.895,0.164,19.2,0.261,13.138,0.027,11.597,0.095,10.262,0.027,12.586,0.095,9.88,0.025,12.478,0.123,16.197,0.243,21.374,0.326,21.128,0.243,27.631,0.326,9.67,0.062,8.719,0.126,10.188,0.062,6.943,0.126,21.255,0.15,16.504,0.327
17.439,0.068,6.962,0.218,19.313,0.068,5.776,0.218,15.151,0.336,9.434,0.382,9.74,0.555,5.599,0.948,11.102,0.555,7.868,0.948,29.483,0.195,14.97,0.277,40.705,0.195,20.009,0.277,13.284,0.032,12.032,0.098,10.299,0.032,12.834,0.098,9.811,0.025,12.857,0.116,16.271,0.209,21.506,0.301,21.134,0.209,27.807,0.301,9.792,0.071,8.966,0.127,10.301,0.071,7.07,0.127,20.885,0.163,16.666,0.301
17.398,0.05,7.09,0.198,19.35,0.05,5.918,0.198,14.879,0.345,9.325,0.425,9.456,0.493,5.535,0.966,10.946,0.493,7.878,0.966,29.623,0.193,15.722,0.245,41.149,0.193,20.927,0.245,13.293,0.041,12.185,0.116,10.292,0.041,12.857,0.116,9.826,0.052,13.25,0.089,16.161,0.216,21.356,0.31,21.225,0.216,27.876,0.31,9.622,0.086,8.96,0.104,10.23,0.086,7.211,0.104,20.847,0.164,17.083,0.302
17.295,0.059,7.237,0.2,19.28,0.059,5.972,0.2,14.853,0.307,9.361,0.391,9.626,0.491,5.564,0.839,10.979,0.491,7.867,0.839,29.849,0.157,16.37,0.264,40.614,0.157,21.508,0.264,13.286,0.018,12.379,0.093,10.274,0.018,12.927,0.093,9.999,0.057,13.517,0.107,16.253,0.258,21.433,0.301,21.233,0.258,27.877,0.301,9.679,0.076,9.172,0.105,10.195,0.076,7.368,0.105,20.676,0.175,17.114,0.301
17.427,0.077,7.342,0.209,19.297,0.077,5.986,0.209,14.837,0.275,9.315,0.357,9.66,0.595,5.68,0.948,10.87,0.595,7.924,0.948,29.997,0.15,16.912,0.273,40.529,0.15,22.19,0.273,13.084,0.036,12.457,0.093,10.118,0.036,12.982,0.093,9.839,0.039,13.683,0.13,16.212,0.25,21.306,0.284,21.152,0.25,27.716,0.284,9.562,0.061,9.128,0.11,10.131,0.061,7.374,0.11,20.94,0.141,17.535,0.279
17.319,0.057,7.448,0.177,19.205,0.057,6.134,0.177,14.838,0.334,9.428,0.418,9.647,0.536,5.696,1.014,10.895,0.536,7.958,1.014,30.39,0.139,17.549,0.239,40.887,0.139,22.479,0.239,13.062,0.018,12.443,0.116,10.028,0.018,12.909,0.116,9.842,0.036,13.795,0.118,16.186,0.215,21.149,0.342,21.169,0.215,27.649,0.342,9.569,0.058,9.32,0.101,10.153,0.058,7.571,0.101,20.787,0.139,17.762,0.324
17.316,0.059,7.551,0.214,19.201,0.059,6.149,0.214,14.807,0.359,9.415,0.393,9.638,0.57,5.746,0.9,10.818,0.57,8,0.9,30.405,0.13,17.931,0.214,40.551,0.13,23.28,0.214,13.084,0.032,12.692,0.077,10.016,0.032,12.758,0.077,9.749,0.052,13.742,0.109,16.229,0.233,21.089,0.327,21.121,0.233,27.574,0.327,9.709,0.073,9.544,0.101,10.202,0.073,7.714,0.101,21.283,0.124,18.193,0.265
17.49,0.075,7.704,0.202,19.279,0.075,6.282,0.202,14.801,0.323,9.408,0.411,9.645,0.486,5.794,0.848,10.874,0.486,8.108,0.848,30.827,0.193,18.535,0.28,40.22,0.193,23.613,0.28,12.915,0.052,12.63,0.082,9.897,0.052,12.621,0.082,9.574,0.048,13.686,0.105,16.075,0.224,20.878,0.31,21.117,0.224,27.492,0.31,9.445,0.07,9.454,0.107,10.208,0.07,7.815,0.107,20.959,0.114,18.48,0.28
17.323,0.064,7.712,0.255,19.201,0.064,6.314,0.255,14.772,0.3,9.372,0.323,9.767,0.616,5.792,0.986,10.885,0.616,8.187,0.986,30.618,0.182,18.872,0.275,40.722,0.182,24.071,0.275,13.063,0.041,12.698,0.095,9.994,0.041,12.819,0.095,9.62,0.052,13.777,0.116,16.032,0.241,20.877,0.33,21.095,0.241,27.455,0.33,9.51,0.064,9.603,0.135,10.228,0.064,7.852,0.135,21.09,0.129,18.653,0.295
17.08,0.059,7.727,0.218,18.942,0.059,6.28,0.218,14.648,0.325,9.421,0.414,9.659,0.552,5.805,0.868,10.816,0.552,8.087,0.868,30.415,0.17,19.047,0.273,40.343,0.17,24.604,0.273,12.987,0.032,12.786,0.118,9.981,0.032,12.578,0.118,9.543,0.059,13.712,0.134,15.913,0.261,20.632,0.277,20.956,0.261,27.297,0.277,9.614,0.07,9.72,0.144,10.135,0.07,8.009,0.144,20.426,0.169,18.3,0.293
17.135,0.077,7.673,0.191,18.769,0.077,6.356,0.191,14.658,0.352,9.482,0.375,9.794,0.611,5.84,0.964,10.803,0.611,8.214,0.964,30.319,0.191,19.261,0.268,40.34,0.191,24.791,0.268,12.986,0.034,12.825,0.134,9.86,0.034,12.553,0.134,9.399,0.048,13.657,0.125,15.893,0.215,20.442,0.313,20.944,0.215,27.08,0.313,9.634,0.068,9.954,0.113,10.158,0.068,8.042,0.113,20.559,0.145,18.779,0.264
17.028,0.084,7.755,0.207,18.798,0.084,6.414,0.207,14.814,0.33,9.431,0.38,9.716,0.6,5.878,0.995,10.752,0.6,8.189,0.995,30.015,0.15,19.357,0.273,40.482,0.15,25.536,0.273,12.873,0.036,12.822,0.102,9.739,0.036,12.511,0.102,9.291,0.032,13.708,0.102,15.854,0.2,20.426,0.29,20.874,0.2,27.037,0.29,9.632,0.05,10.011,0.114,10.128,0.05,8.157,0.114,21.166,0.173,19.253,0.316
17.399,0.052,7.986,0.218,19.167,0.052,6.547,0.218,14.675,0.352,9.424,0.38,9.743,0.557,5.873,0.945,10.796,0.557,8.287,0.945,29.409,0.139,19.359,0.236,40.322,0.139,25.632,0.236,12.855,0.039,12.806,0.111,9.831,0.039,12.577,0.111,9.279,0.057,13.631,0.118,15.915,0.213,20.497,0.311,20.89,0.213,27.135,0.311,9.599,0.053,10.082,0.126,10.121,0.053,8.18,0.126,20.521,0.12,19.216,0.287
17.444,0.055,8.104,0.2,19.382,0.055,6.665,0.2,14.705,0.3,9.538,0.4,9.721,0.545,5.889,0.87,10.674,0.545,8.312,0.87,29.749,0.102,19.835,0.255,40.724,0.102,25.969,0.255,12.569,0.036,12.778,0.093,9.586,0.036,12.214,0.093,9.122,0.057,13.597,0.107,16.016,0.252,20.468,0.305,20.879,0.252,27.04,0.305,9.557,0.064,10.135,0.105,10.197,0.064,8.218,0.105,21.281,0.15,19.731,0.313
17.578,0.064,8.267,0.207,19.519,0.064,6.72,0.207,14.68,0.282,9.51,0.402,9.771,0.6,5.99,0.9,10.765,0.6,8.291,0.9,29.589,0.148,19.902,0.209,40.708,0.148,26.283,0.209,12.626,0.045,12.915,0.123,9.592,0.045,12.238,0.123,9.053,0.041,13.451,0.098,15.958,0.185,20.529,0.29,20.87,0.185,27.033,0.29,9.413,0.059,9.966,0.104,10.141,0.059,8.287,0.104,20.946,0.136,19.699,0.336
17.392,0.055,8.077,0.248,19.243,0.055,6.804,0.248,14.681,0.33,9.511,0.395,9.762,0.609,6.001,0.959,10.709,0.609,8.336,0.959,29.18,0.166,19.995,0.241,40.084,0.166,26.632,0.241,12.577,0.048,12.934,0.086,9.533,0.048,12.184,0.086,9.053,0.059,13.543,0.107,15.894,0.212,20.426,0.29,20.803,0.212,27.038,0.29,9.719,0.073,10.399,0.114,10.162,0.073,8.357,0.114,20.738,0.15,19.759,0.276
17.374,0.077,8.242,0.257,19.257,0.077,6.781,0.257,14.69,0.334,9.55,0.405,9.722,0.6,5.99,0.902,10.709,0.6,8.368,0.902,29.361,0.177,20.314,0.261,40.64,0.177,27.149,0.261,12.538,0.048,12.886,0.116,9.564,0.048,12.295,0.116,9.053,0.041,13.57,0.13,15.911,0.2,20.368,0.286,20.801,0.2,26.956,0.286,9.494,0.052,10.251,0.105,10.12,0.052,8.455,0.105,20.825,0.17,19.809,0.274
17.524,0.048,8.268,0.214,19.333,0.048,6.883,0.214,14.692,0.309,9.535,0.361,9.753,0.618,6.009,0.989,10.731,0.618,8.409,0.989,29.767,0.13,20.635,0.266,40.577,0.13,27.495,0.266,12.638,0.043,13.022,0.12,9.515,0.043,12.357,0.12,9.103,0.041,13.53,0.102,15.805,0.224,20.27,0.273,20.699,0.224,27.03,0.273,9.621,0.067,10.495,0.104,10.176,0.067,8.523,0.104,20.319,0.178,19.597,0.319
17.319,0.05,8.246,0.184,19.28,0.05,6.891,0.184,14.628,0.348,9.531,0.345,9.663,0.539,6.034,0.916,10.683,0.539,8.508,0.916,29.59,0.159,20.848,0.236,41.354,0.159,27.896,0.236,12.586,0.041,12.963,0.12,9.538,0.041,12.276,0.12,9.156,0.07,13.544,0.111,15.713,0.23,20.288,0.327,20.722,0.23,26.995,0.327,9.539,0.076,10.34,0.124,10.062,0.076,8.475,0.124,21.121,0.176,20.274,0.348
17.279,0.077,8.261,0.23,19.096,0.077,6.916,0.23,14.774,0.261,9.545,0.423,9.839,0.575,6.107,0.943,10.719,0.575,8.573,0.943,29.561,0.191,21.128,0.264,41.234,0.191,28.342,0.264,12.289,0.043,12.865,0.109,9.286,0.043,12.014,0.109,9.005,0.043,13.381,0.139,15.644,0.215,20.27,0.302,20.54,0.215,26.908,0.302,9.738,0.067,10.732,0.123,10.103,0.067,8.573,0.123,21.096,0.144,20.295,0.323
17.277,0.089,8.362,0.239,19.186,0.089,7.03,0.239,14.711,0.352,9.665,0.389,9.733,0.577,6.115,0.914,10.724,0.577,8.577,0.914,29.513,0.145,21.26,0.214,40.82,0.145,28.696,0.214,12.345,0.025,12.825,0.08,9.286,0.025,12.025,0.08,8.98,0.075,13.533,0.114,15.602,0.213,20.307,0.341,20.621,0.213,27.013,0.341,9.503,0.065,10.671,0.123,10.151,0.065,8.658,0.123,21.136,0.156,20.619,0.292
17.225,0.061,8.402,0.234,19.074,0.061,6.974,0.234,14.61,0.307,9.608,0.327,9.765,0.541,6.101,0.941,10.744,0.541,8.613,0.941,29.128,0.159,21.47,0.234,40.902,0.159,28.887,0.234,12.243,0.043,12.823,0.12,9.257,0.043,12.033,0.12,9.027,0.055,13.543,0.105,15.664,0.219,20.388,0.324,20.589,0.219,27.003,0.324,9.448,0.053,10.525,0.096,10.022,0.053,8.633,0.096,21.173,0.178,20.674,0.262
17.418,0.059,8.435,0.223,19.161,0.059,7.008,0.223,14.806,0.316,9.737,0.343,9.915,0.655,6.229,0.9,10.698,0.655,8.573,0.9,29.119,0.155,21.73,0.216,40.793,0.155,29.153,0.216,12.269,0.032,12.924,0.089,9.165,0.032,11.885,0.089,9.009,0.039,13.482,0.086,15.656,0.216,20.447,0.332,20.526,0.216,27.043,0.332,9.702,0.058,10.802,0.101,10.032,0.058,8.556,0.101,21.678,0.139,21.277,0.29
17.609,0.086,8.454,0.207,19.44,0.086,7.164,0.207,14.723,0.334,9.766,0.355,9.925,0.582,6.222,0.909,10.691,0.582,8.633,0.909,28.807,0.139,21.795,0.273,40.719,0.139,29.534,0.273,12.198,0.043,12.946,0.089,9.177,0.043,12.008,0.089,8.968,0.055,13.346,0.116,15.472,0.216,20.356,0.308,20.426,0.216,27.042,0.308,9.767,0.065,10.551,0.092,9.945,0.065,8.475,0.092,21.831,0.138,21.459,0.289
17.563,0.055,8.62,0.225,19.45,0.055,7.205,0.225,14.664,0.284,9.75,0.398,9.822,0.582,6.238,0.916,10.691,0.582,8.668,0.916,30.144,0.127,22.722,0.295,41.04,0.127,29.779,0.295,12.326,0.045,12.997,0.086,9.164,0.045,11.996,0.086,8.837,0.045,13.34,0.105,15.397,0.19,20.226,0.333,20.29,0.19,27.044,0.333,9.736,0.07,10.599,0.126,9.878,0.07,8.402,0.126,20.954,0.129,21.087,0.281
17.492,0.041,8.596,0.193,19.486,0.041,7.223,0.193,14.761,0.302,9.705,0.398,9.781,0.568,6.222,0.92,10.714,0.568,8.738,0.92,28.893,0.13,22.25,0.227,41.107,0.13,30.358,0.227,12.24,0.043,13.09,0.105,9.102,0.043,11.968,0.105,8.852,0.066,13.298,0.123,15.361,0.209,20.289,0.317,20.394,0.209,27.111,0.317,9.81,0.044,10.671,0.104,9.954,0.044,8.402,0.104,20.485,0.147,20.674,0.283
17.433,0.052,8.521,0.227,19.272,0.052,7.212,0.227,14.659,0.334,9.865,0.389,9.775,0.63,6.292,0.943,10.756,0.63,8.852,0.943,27.721,0.13,21.328,0.22,40.937,0.13,29.699,0.22,12.055,0.041,12.872,0.073,9.083,0.041,11.868,0.073,8.778,0.05,12.897,0.114,15.266,0.224,20.291,0.308,20.313,0.224,27.089,0.308,9.805,0.07,10.79,0.135,9.955,0.07,8.293,0.135,20.279,0.153,20.55,0.25
17.35,0.075,8.434,0.214,19.137,0.075,7.133,0.214,14.761,0.32,9.849,0.368,9.551,0.575,6.255,0.843,10.649,0.575,8.819,0.843,27.585,0.141,20.707,0.23,40.454,0.141,29.306,0.23,12.039,0.032,12.547,0.089,8.972,0.032,11.529,0.089,8.743,0.05,12.287,0.068,15.076,0.182,20.038,0.276,20.183,0.182,27.041,0.276,9.726,0.052,10.567,0.105,9.976,0.052,8.225,0.105,20.141,0.157,20.277,0.273
17.344,0.052,8.464,0.2,19.194,0.052,7.15,0.2,14.636,0.368,9.817,0.37,9.586,0.559,6.2,0.941,10.752,0.559,8.802,0.941,27.452,0.148,20.567,0.205,40.328,0.148,28.721,0.205,12.126,0.034,12.384,0.077,9.038,0.034,11.458,0.077,8.656,0.036,11.823,0.089,15.021,0.23,19.974,0.308,20.108,0.23,27.091,0.308,9.76,0.065,10.713,0.136,9.953,0.065,8.229,0.136,20.921,0.142,20.889,0.286
17.245,0.082,8.428,0.193,19.102,0.082,7.158,0.193,14.635,0.32,9.734,0.359,9.526,0.589,6.186,0.882,10.782,0.589,8.77,0.882,26.42,0.148,19.699,0.227,40.233,0.148,28.743,0.227,12.087,0.043,12.331,0.109,9.09,0.043,11.357,0.109,8.727,0.041,11.512,0.125,14.766,0.188,19.054,0.341,20.121,0.188,26.188,0.341,9.773,0.07,10.638,0.119,9.972,0.07,8.139,0.119,20.935,0.157,21.011,0.292
17.414,0.055,8.501,0.202,19.286,0.055,7.218,0.202,14.665,0.343,9.686,0.382,9.355,0.62,6.073,0.936,10.69,0.62,8.808,0.936,26.006,0.13,19.512,0.211,40.367,0.13,28.635,0.211,12.095,0.039,12.155,0.073,9.084,0.039,11.199,0.073,8.645,0.052,11.178,0.109,14.633,0.196,17.984,0.307,20.07,0.196,25.173,0.307,9.448,0.055,10.358,0.104,9.811,0.055,8.057,0.104,20.827,0.145,20.894,0.302
17.594,0.066,8.493,0.184,19.388,0.066,7.232,0.184,14.558,0.357,9.681,0.389,9.301,0.643,6.06,0.959,10.804,0.643,8.868,0.959,26.44,0.13,19.826,0.243,40.541,0.13,28.947,0.243,11.975,0.039,11.928,0.082,8.91,0.039,10.976,0.082,8.597,0.05,11.006,0.102,14.644,0.215,17.395,0.319,20.211,0.215,24.502,0.319,9.596,0.068,10.526,0.099,10.001,0.068,8.052,0.099,21.074,0.145,21.079,0.277
17.637,0.066,8.544,0.205,19.434,0.066,7.274,0.205,14.644,0.352,9.698,0.384,9.32,0.595,6.02,0.93,10.857,0.595,8.879,0.93,26.288,0.15,19.813,0.223,40.729,0.15,28.852,0.223,11.946,0.034,11.79,0.084,8.911,0.034,10.884,0.084,8.469,0.052,10.82,0.093,14.471,0.209,17.004,0.299,20.082,0.209,23.944,0.299,9.67,0.065,10.448,0.135,9.93,0.065,8.059,0.135,20.907,0.151,21.058,0.273
17.593,0.061,8.526,0.227,19.486,0.061,7.283,0.227,14.539,0.307,9.643,0.366,9.352,0.625,6.05,0.973,10.845,0.625,8.886,0.973,26.503,0.143,20.056,0.243,40.864,0.143,28.944,0.243,11.892,0.041,11.683,0.102,8.922,0.041,10.811,0.102,8.531,0.059,10.729,0.114,14.457,0.204,16.642,0.277,20.011,0.204,23.458,0.277,9.551,0.049,10.352,0.123,9.952,0.049,7.957,0.123,21.075,0.132,21.229,0.255
17.506,0.048,8.489,0.227,19.355,0.048,7.25,0.227,14.598,0.341,9.569,0.384,9.18,0.566,6.012,0.943,10.811,0.566,8.909,0.943,26.462,0.114,20.088,0.23,40.81,0.114,29.207,0.23,11.887,0.034,11.501,0.07,8.951,0.034,10.76,0.07,8.544,0.041,10.638,0.102,14.445,0.222,16.499,0.258,20.025,0.222,23.126,0.258,9.522,0.065,10.177,0.119,9.806,0.065,7.928,0.119,21.015,0.132,21.021,0.264
17.414,0.064,8.535,0.205,19.304,0.064,7.198,0.205,14.482,0.332,9.559,0.368,9.052,0.605,5.931,0.927,10.76,0.605,8.858,0.927,26.489,0.143,20.272,0.202,41.509,0.143,29.926,0.202,11.898,0.03,11.462,0.077,8.914,0.03,10.531,0.077,8.397,0.05,10.452,0.102,14.408,0.21,16.265,0.283,19.904,0.21,22.914,0.283,9.408,0.065,10.219,0.121,9.945,0.065,7.98,0.121,20.842,0.123,20.999,0.209
17.516,0.066,8.423,0.207,19.343,0.066,7.182,0.207,14.528,0.28,9.607,0.402,8.993,0.552,5.938,0.902,10.776,0.552,8.958,0.902,26.123,0.127,20.158,0.207,40.676,0.127,29.368,0.207,11.953,0.027,11.384,0.1,8.843,0.027,10.583,0.1,8.275,0.055,10.315,0.093,14.453,0.187,16.155,0.284,19.866,0.187,22.654,0.284,9.333,0.058,10.159,0.095,9.855,0.058,7.928,0.095,20.751,0.121,20.923,0.252
17.542,0.075,8.486,0.218,19.385,0.075,7.196,0.218,14.477,0.368,9.616,0.386,9.14,0.58,5.88,0.918,10.745,0.58,8.95,0.918,25.167,0.102,19.725,0.25,40.584,0.102,29.484,0.25,11.908,0.052,11.331,0.075,8.763,0.052,10.552,0.075,8.296,0.052,10.262,0.125,14.373,0.17,15.964,0.31,19.906,0.17,22.404,0.31,9.373,0.058,10.206,0.092,9.787,0.058,7.942,0.092,20.139,0.148,20.288,0.249
17.306,0.075,8.364,0.248,19.078,0.075,7.112,0.248,14.579,0.345,9.647,0.343,9.127,0.561,5.956,0.916,10.816,0.561,9.015,0.916,26.489,0.1,20.633,0.22,40.33,0.1,29.621,0.22,11.827,0.043,11.192,0.086,8.785,0.043,10.42,0.086,8.257,0.059,10.244,0.123,14.289,0.193,15.771,0.276,19.836,0.193,22.07,0.276,9.527,0.061,10.23,0.123,9.872,0.061,7.97,0.123,19.949,0.175,20.162,0.283
17.27,0.041,8.316,0.214,19.228,0.041,7.095,0.214,14.633,0.302,9.61,0.334,9.091,0.548,5.973,0.952,10.789,0.548,8.995,0.952,25.135,0.095,20.002,0.241,40.529,0.095,29.727,0.241,11.663,0.036,11.001,0.105,8.701,0.036,10.357,0.105,8.268,0.045,10.045,0.139,14.15,0.199,15.534,0.259,19.745,0.199,21.804,0.259,9.492,0.059,10.255,0.099,9.873,0.059,7.945,0.099,19.176,0.169,19.508,0.316
17.388,0.07,8.286,0.182,19.093,0.07,7.073,0.182,14.572,0.314,9.614,0.402,9.011,0.661,5.861,0.968,10.775,0.661,9.021,0.968,25.501,0.086,20.21,0.18,40.449,0.086,29.865,0.18,11.584,0.039,10.841,0.123,8.582,0.039,10.133,0.123,8.127,0.059,9.967,0.114,14.205,0.204,15.405,0.35,19.755,0.204,21.765,0.35,9.451,0.047,10.184,0.086,9.919,0.047,7.912,0.086,19.392,0.117,19.7,0.314
17.283,0.034,8.317,0.173,18.838,0.034,6.976,0.173,14.443,0.318,9.572,0.357,8.899,0.607,5.838,1.011,10.746,0.607,9.039,1.011,25.217,0.132,20.197,0.209,40.581,0.132,29.884,0.209,11.467,0.023,10.717,0.098,8.589,0.023,10.149,0.098,8.141,0.055,10.005,0.105,13.912,0.216,15.124,0.305,19.509,0.216,21.425,0.305,9.191,0.077,10.073,0.084,9.733,0.077,7.86,0.084,19.351,0.15,19.725,0.28
17.321,0.073,8.323,0.191,18.961,0.073,7.001,0.191,14.509,0.295,9.622,0.395,8.871,0.6,5.85,0.925,10.781,0.6,9.054,0.925,24.666,0.136,19.921,0.236,40.229,0.136,29.748,0.236,11.472,0.039,10.599,0.095,8.467,0.039,10.045,0.095,8.082,0.034,9.866,0.107,13.918,0.181,14.899,0.292,19.428,0.181,21.062,0.292,9.279,0.052,10.094,0.114,9.917,0.052,7.946,0.114,19.75,0.181,20.072,0.267
17.369,0.08,8.212,0.259,19.033,0.08,7.026,0.259,14.528,0.289,9.6,0.32,8.857,0.58,5.807,0.907,10.747,0.58,9.065,0.907,24.725,0.102,19.904,0.236,40.25,0.102,30.056,0.236,11.454,0.041,10.593,0.093,8.509,0.041,9.91,0.093,7.972,0.027,9.86,0.111,13.954,0.17,14.843,0.267,19.441,0.17,20.945,0.267,9.359,0.049,10.044,0.126,9.817,0.049,7.888,0.126,19.798,0.15,19.997,0.25
17.502,0.061,8.263,0.218,19.1,0.061,7.07,0.218,14.492,0.32,9.525,0.361,8.93,0.589,5.866,1.009,10.743,0.589,9.012,1.009,24.813,0.109,20.103,0.207,39.961,0.109,29.8,0.207,11.226,0.03,10.44,0.12,8.375,0.03,9.769,0.12,8.019,0.052,9.855,0.139,13.781,0.188,14.581,0.28,19.367,0.188,20.695,0.28,9.304,0.055,10.016,0.119,9.863,0.055,7.832,0.119,19.277,0.133,19.605,0.283
17.458,0.045,8.423,0.218,19.244,0.045,7.088,0.218,14.477,0.307,9.587,0.345,8.919,0.62,5.839,0.977,10.673,0.62,9.059,0.977,24.823,0.118,20.16,0.22,40.164,0.118,29.606,0.22,11.212,0.034,10.342,0.086,8.318,0.034,9.768,0.086,7.84,0.059,9.707,0.102,13.809,0.231,14.574,0.296,19.291,0.231,20.583,0.296,9.236,0.055,10.079,0.121,9.89,0.055,7.858,0.121,19.693,0.156,20.027,0.27
17.494,0.041,8.334,0.218,19.005,0.041,7.068,0.218,14.609,0.311,9.594,0.384,8.979,0.589,5.902,0.964,10.624,0.589,9.036,0.964,24.841,0.125,20.376,0.22,39.819,0.125,29.782,0.22,11.175,0.025,10.265,0.118,8.315,0.025,9.657,0.118,7.753,0.068,9.631,0.089,13.838,0.193,14.485,0.264,19.347,0.193,20.446,0.264,9.249,0.052,10.003,0.102,9.848,0.052,7.865,0.102,19.664,0.133,19.78,0.273
17.387,0.075,8.362,0.227,18.8,0.075,7.033,0.227,14.606,0.359,9.602,0.361,8.961,0.559,5.865,1.057,10.729,0.559,9.002,1.057,24.414,0.093,20.014,0.22,39.781,0.093,29.847,0.22,11.024,0.036,9.983,0.075,8.174,0.036,9.608,0.075,7.712,0.052,9.539,0.127,13.756,0.212,14.404,0.296,19.365,0.212,20.268,0.296,9.171,0.053,10.017,0.086,9.845,0.053,7.89,0.086,19,0.148,19.413,0.286
17.174,0.061,8.313,0.218,18.698,0.061,7.003,0.218,14.573,0.32,9.615,0.309,8.948,0.559,5.895,1.02,10.704,0.559,9.089,1.02,24.287,0.116,19.884,0.232,39.824,0.116,29.887,0.232,11.083,0.036,9.929,0.068,8.205,0.036,9.487,0.068,7.764,0.039,9.595,0.107,13.661,0.194,14.357,0.244,19.204,0.194,20.225,0.244,9.303,0.055,10.024,0.117,9.822,0.055,7.907,0.117,18.925,0.133,19.169,0.264
17.174,0.064,8.238,0.214,18.583,0.064,6.928,0.214,14.599,0.302,9.61,0.348,8.749,0.657,5.79,0.959,10.592,0.657,9.056,0.959,23.535,0.127,19.448,0.248,39.605,0.127,29.956,0.248,11.02,0.039,9.859,0.109,8.163,0.039,9.439,0.109,7.667,0.05,9.537,0.13,13.545,0.161,14.126,0.27,19.111,0.161,20.035,0.27,9.133,0.077,9.968,0.12,9.787,0.077,7.919,0.12,19.256,0.157,19.483,0.313
17.086,0.045,8.228,0.232,18.45,0.045,6.916,0.232,14.475,0.293,9.547,0.355,8.891,0.559,5.829,0.877,10.71,0.559,9.11,0.877,23.922,0.118,19.813,0.198,39.668,0.118,30.088,0.198,10.827,0.036,9.848,0.1,8.16,0.036,9.383,0.1,7.56,0.041,9.357,0.123,13.521,0.185,14.05,0.281,19,0.185,19.744,0.281,9.237,0.061,9.927,0.108,9.843,0.061,7.909,0.108,19.045,0.141,19.494,0.27
17.03,0.068,8.23,0.211,18.483,0.068,6.93,0.211,14.57,0.323,9.575,0.373,8.781,0.559,5.806,1,10.648,0.559,9.097,1,23.228,0.1,19.454,0.209,39.29,0.1,29.641,0.209,10.714,0.034,9.629,0.08,7.964,0.034,9.167,0.08,7.533,0.055,9.304,0.084,13.457,0.173,13.893,0.255,18.993,0.173,19.685,0.255,9.112,0.074,9.859,0.113,9.764,0.074,7.907,0.113,19.498,0.164,19.832,0.279
17.257,0.036,8.269,0.177,18.631,0.036,6.937,0.177,14.616,0.314,9.652,0.373,8.938,0.6,5.86,0.961,10.624,0.6,9.04,0.961,23.027,0.114,19.229,0.195,38.961,0.114,29.69,0.195,10.599,0.036,9.465,0.105,7.915,0.036,9.071,0.105,7.408,0.057,9.265,0.134,13.292,0.17,13.774,0.262,18.811,0.17,19.479,0.262,9.002,0.046,9.844,0.117,9.744,0.046,7.853,0.117,19.93,0.129,20.261,0.24
17.218,0.059,8.342,0.214,18.763,0.059,6.929,0.214,14.639,0.305,9.589,0.395,8.953,0.602,5.861,1.002,10.663,0.602,8.988,1.002,23.603,0.1,19.713,0.227,39.464,0.1,30.038,0.227,10.638,0.034,9.469,0.102,7.758,0.034,9.045,0.102,7.331,0.045,9.162,0.1,13.15,0.228,13.598,0.256,18.685,0.228,19.327,0.256,9.016,0.056,9.813,0.13,9.814,0.056,7.861,0.13,19.949,0.148,20.105,0.262
17.235,0.073,8.255,0.218,18.737,0.073,6.957,0.218,14.564,0.318,9.699,0.368,8.941,0.616,5.779,0.975,10.654,0.616,9.132,0.975,22.563,0.118,19.083,0.202,39.2,0.118,29.625,0.202,10.557,0.039,9.347,0.084,7.794,0.039,8.988,0.084,7.412,0.041,9.188,0.107,13.181,0.222,13.552,0.283,18.677,0.222,19.113,0.283,8.875,0.058,9.591,0.117,9.611,0.058,7.788,0.117,19.72,0.151,19.981,0.283
17.211,0.077,8.32,0.195,18.628,0.077,6.933,0.195,14.609,0.27,9.62,0.4,8.919,0.552,5.83,1.05,10.601,0.552,9.027,1.05,24.104,0.091,20.096,0.218,39.413,0.091,30.015,0.218,10.507,0.025,9.35,0.095,7.801,0.025,8.971,0.095,7.436,0.043,9.227,0.08,13.195,0.197,13.623,0.243,18.678,0.197,19.208,0.243,8.977,0.055,9.701,0.095,9.709,0.055,7.818,0.095,20.45,0.153,20.598,0.281
17.162,0.057,8.388,0.191,18.637,0.057,6.942,0.191,14.66,0.33,9.637,0.386,8.918,0.65,5.768,0.886,10.642,0.65,9.073,0.886,23.01,0.114,19.312,0.184,39.324,0.114,29.907,0.184,10.421,0.036,9.164,0.093,7.717,0.036,8.809,0.093,7.399,0.045,9.283,0.116,12.995,0.154,13.329,0.247,18.429,0.154,18.921,0.247,8.964,0.061,9.74,0.096,9.813,0.061,7.852,0.096,19.68,0.159,19.926,0.265
17.361,0.059,8.416,0.209,18.751,0.059,6.972,0.209,14.574,0.348,9.687,0.357,8.944,0.591,5.842,0.9,10.591,0.591,9.021,0.9,22.731,0.089,19.105,0.211,39.272,0.089,29.77,0.211,10.28,0.014,9.138,0.093,7.611,0.014,8.731,0.093,7.309,0.052,9.101,0.089,12.922,0.172,13.273,0.281,18.45,0.172,18.788,0.281,8.874,0.064,9.619,0.12,9.657,0.064,7.719,0.12,19.385,0.151,19.755,0.283
17.327,0.073,8.44,0.214,18.764,0.073,6.96,0.214,14.702,0.291,9.733,0.402,8.913,0.564,5.911,0.959,10.638,0.564,9.031,0.959,23.986,0.107,19.909,0.211,39.736,0.107,30.424,0.211,10.225,0.02,9.025,0.102,7.529,0.02,8.697,0.102,7.163,0.061,8.943,0.127,12.764,0.164,13.142,0.29,18.28,0.164,18.681,0.29,8.788,0.062,9.526,0.113,9.74,0.062,7.814,0.113,19.612,0.145,20.046,0.276
17.363,0.045,8.345,0.166,18.662,0.045,7.021,0.166,14.667,0.298,9.694,0.37,8.858,0.661,5.844,0.936,10.566,0.661,9.007,0.936,23.059,0.134,19.459,0.22,39.081,0.134,29.851,0.22,10.127,0.034,8.919,0.1,7.532,0.034,8.475,0.1,7.192,0.05,8.955,0.132,12.8,0.17,13.179,0.259,18.247,0.17,18.525,0.259,8.89,0.053,9.69,0.126,9.727,0.053,7.783,0.126,19.593,0.159,20.079,0.289
17.279,0.068,8.438,0.227,18.575,0.068,6.965,0.227,14.64,0.293,9.704,0.334,8.94,0.586,5.766,0.925,10.634,0.586,9.08,0.925,22.519,0.1,19.119,0.243,38.958,0.1,29.966,0.243,10.005,0.043,8.843,0.098,7.343,0.043,8.487,0.098,7.107,0.041,8.89,0.107,12.572,0.176,12.989,0.24,18.111,0.176,18.434,0.24,8.719,0.044,9.535,0.12,9.679,0.044,7.762,0.12,19.243,0.172,19.75,0.305
17.139,0.07,8.355,0.191,18.534,0.07,6.928,0.191,14.7,0.289,9.684,0.364,8.85,0.607,5.836,0.939,10.542,0.607,9.03,0.939,23.642,0.093,19.993,0.218,39.118,0.093,30.247,0.218,9.941,0.041,8.799,0.086,7.397,0.041,8.387,0.086,7.131,0.05,8.888,0.139,12.687,0.151,13.037,0.283,18.159,0.151,18.442,0.283,8.777,0.055,9.551,0.117,9.706,0.055,7.8,0.117,19.736,0.159,19.972,0.264
17.211,0.061,8.422,0.236,18.414,0.061,6.974,0.236,14.622,0.35,9.645,0.37,8.777,0.636,5.795,0.927,10.502,0.636,9.105,0.927,22.533,0.091,19.118,0.214,39.549,0.091,30.272,0.214,9.925,0.039,8.738,0.109,7.377,0.039,8.343,0.109,7.097,0.052,8.844,0.111,12.645,0.209,13.07,0.252,18.053,0.209,18.394,0.252,8.862,0.052,9.641,0.108,9.667,0.052,7.839,0.108,19.104,0.151,19.514,0.29
17.031,0.073,8.383,0.218,18.49,0.073,6.869,0.218,14.761,0.277,9.71,0.393,8.879,0.675,5.854,1,10.534,0.675,9.099,1,22.197,0.109,18.958,0.236,39.019,0.109,30.32,0.236,9.997,0.032,8.657,0.123,7.257,0.032,8.334,0.123,6.994,0.059,8.847,0.118,12.553,0.166,12.831,0.243,17.92,0.166,18.183,0.243,8.859,0.046,9.575,0.127,9.637,0.046,7.805,0.127,19.145,0.138,19.418,0.265
16.896,0.064,8.386,0.198,18.185,0.064,6.796,0.198,14.704,0.298,9.769,0.402,8.947,0.657,5.929,0.92,10.534,0.657,8.989,0.92,23.075,0.111,19.558,0.214,39.336,0.111,30.22,0.214,9.925,0.05,8.656,0.089,7.268,0.05,8.265,0.089,6.988,0.043,8.798,0.118,12.348,0.181,12.813,0.284,17.806,0.181,18.128,0.284,8.761,0.05,9.578,0.092,9.566,0.05,7.78,0.092,20.27,0.132,20.489,0.281
16.663,0.075,8.285,0.182,17.865,0.075,6.738,0.182,14.843,0.311,9.809,0.345,8.963,0.675,5.915,0.934,10.598,0.675,9.039,0.934,22.282,0.098,19.04,0.252,39.247,0.098,30.07,0.252,9.778,0.025,8.522,0.127,7.115,0.025,8.136,0.127,6.923,0.05,8.746,0.136,12.335,0.157,12.782,0.261,17.702,0.157,18.046,0.261,8.633,0.067,9.454,0.113,9.604,0.067,7.83,0.113,19.788,0.147,19.94,0.244
16.794,0.041,8.284,0.227,18.041,0.041,6.824,0.227,14.757,0.327,9.809,0.411,8.839,0.582,5.86,0.995,10.452,0.582,9.038,0.995,22.467,0.1,19.137,0.22,39.728,0.1,30.827,0.22,9.635,0.027,8.527,0.091,7.074,0.027,8.079,0.091,6.813,0.045,8.575,0.105,12.256,0.161,12.689,0.273,17.704,0.161,17.965,0.273,8.721,0.061,9.572,0.135,9.659,0.061,7.852,0.135,19.105,0.141,19.511,0.241
16.876,0.055,8.354,0.198,18.295,0.055,6.89,0.198,14.559,0.275,9.645,0.398,8.813,0.627,5.849,0.934,10.53,0.627,9.055,0.934,23.109,0.107,19.721,0.245,39.547,0.107,30.83,0.245,9.586,0.045,8.373,0.1,7.018,0.045,8.086,0.1,6.759,0.052,8.578,0.125,12.145,0.206,12.633,0.283,17.559,0.206,17.936,0.283,8.799,0.061,9.616,0.129,9.605,0.061,7.947,0.129,18.657,0.147,19.178,0.301
16.859,0.045,8.373,0.218,18.173,0.045,6.86,0.218,14.58,0.311,9.72,0.368,8.864,0.602,5.804,0.993,10.499,0.602,8.982,0.993,22.191,0.107,19.082,0.2,38.98,0.107,30.554,0.2,9.629,0.027,8.39,0.077,6.997,0.027,8.06,0.077,6.83,0.05,8.552,0.114,11.984,0.15,12.453,0.267,17.384,0.15,17.814,0.267,8.626,0.044,9.422,0.089,9.437,0.044,7.828,0.089,19.651,0.124,20.011,0.261
16.683,0.07,8.373,0.216,18.072,0.07,6.872,0.216,14.72,0.35,9.762,0.407,8.877,0.602,5.895,0.859,10.454,0.602,8.989,0.859,23.157,0.107,19.622,0.209,39.658,0.107,30.867,0.209,9.437,0.045,8.305,0.098,6.972,0.045,7.923,0.098,6.824,0.045,8.521,0.109,11.861,0.184,12.432,0.249,17.152,0.184,17.538,0.249,8.698,0.058,9.618,0.12,9.591,0.058,7.888,0.12,20.185,0.148,20.535,0.265
16.484,0.066,8.306,0.193,17.726,0.066,6.71,0.193,14.699,0.289,9.752,0.386,8.808,0.641,5.788,0.92,10.359,0.641,9.011,0.92,21.774,0.109,18.779,0.268,39.158,0.109,30.567,0.268,9.429,0.032,8.225,0.089,6.869,0.032,7.908,0.089,6.814,0.039,8.497,0.132,11.734,0.185,12.258,0.284,17.108,0.185,17.587,0.284,8.769,0.062,9.465,0.114,9.569,0.062,7.919,0.114,21.957,0.12,21.821,0.236
16.227,0.05,8.194,0.193,17.554,0.05,6.681,0.193,14.713,0.307,9.718,0.343,8.796,0.6,5.85,0.97,10.364,0.6,8.982,0.97,21.56,0.164,18.677,0.195,38.908,0.164,30.647,0.195,9.395,0.025,8.08,0.114,6.765,0.025,7.923,0.114,6.752,0.048,8.491,0.102,11.153,0.157,11.892,0.284,16.634,0.157,17.112,0.284,8.543,0.065,9.392,0.11,9.49,0.065,7.871,0.11,21.761,0.092,21.784,0.191
16.274,0.066,8.219,0.216,17.584,0.066,6.663,0.216,14.521,0.282,9.699,0.311,8.753,0.634,5.804,0.989,10.468,0.634,9.018,0.989,21.311,0.123,18.523,0.193,38.482,0.123,30.588,0.193,9.297,0.036,8.082,0.107,6.872,0.036,7.838,0.107,6.665,0.05,8.363,0.125,10.987,0.173,11.756,0.234,16.374,0.173,17.092,0.234,8.642,0.067,9.514,0.12,9.526,0.067,7.857,0.12,21.447,0.13,21.793,0.227
16.365,0.068,8.208,0.252,17.664,0.068,6.749,0.252,14.81,0.282,9.756,0.4,8.829,0.689,5.859,1,10.407,0.689,9.023,1,21.242,0.098,18.462,0.243,38.641,0.098,30.455,0.243,9.204,0.045,8.098,0.107,6.68,0.045,7.683,0.107,6.554,0.064,8.316,0.095,10.843,0.181,11.597,0.27,16.192,0.181,16.964,0.27,8.588,0.071,9.413,0.107,9.38,0.071,7.785,0.107,21.525,0.107,21.75,0.231
16.258,0.059,8.266,0.184,17.816,0.059,6.75,0.184,14.831,0.307,9.793,0.357,8.822,0.648,5.867,0.907,10.437,0.648,9.011,0.907,21.808,0.098,19.01,0.211,39.32,0.098,31.088,0.211,9.24,0.018,8.07,0.095,6.672,0.018,7.751,0.095,6.552,0.048,8.244,0.111,10.447,0.175,11.374,0.289,15.902,0.175,16.806,0.289,8.49,0.077,9.486,0.126,9.404,0.077,7.862,0.126,21.747,0.086,21.811,0.264
16.297,0.041,8.224,0.195,17.853,0.041,6.736,0.195,14.701,0.302,9.81,0.38,8.819,0.568,5.847,0.92,10.407,0.568,8.977,0.92,21.313,0.102,18.518,0.232,39.027,0.102,30.702,0.232,9.042,0.025,7.975,0.12,6.638,0.025,7.647,0.12,6.707,0.043,8.485,0.111,10.176,0.144,11.045,0.255,15.631,0.144,16.515,0.255,8.54,0.04,9.451,0.098,9.479,0.04,7.888,0.098,21.445,0.087,21.527,0.194
16.293,0.082,8.261,0.211,17.712,0.082,6.665,0.211,14.522,0.298,9.782,0.409,8.742,0.632,5.757,0.843,10.398,0.632,8.953,0.843,22.365,0.118,19.344,0.139,39.754,0.118,31.507,0.139,9.124,0.039,7.949,0.107,6.646,0.039,7.652,0.107,6.596,0.034,8.464,0.084,9.662,0.135,10.623,0.224,15.15,0.135,16.202,0.224,8.487,0.077,9.368,0.119,9.456,0.077,7.857,0.119,20.108,0.074,19.334,0.169
16.176,0.034,8.187,0.23,17.685,0.034,6.69,0.23,14.676,0.298,9.77,0.4,8.808,0.582,5.793,0.87,10.362,0.582,8.926,0.87,21.983,0.07,19.077,0.189,38.951,0.07,31.271,0.189,9.009,0.043,7.861,0.098,6.403,0.043,7.605,0.098,6.515,0.059,8.276,0.082,9.804,0.19,10.83,0.281,15.245,0.19,16.355,0.281,8.43,0.065,9.331,0.108,9.248,0.065,7.774,0.108,18.33,0.081,17.328,0.184
