kl-3_1-488,kl-3_1-BG,kl-3_1-568,kl-3_1-BG,kl-3_2-488,kl-3_2-BG,kl-3_2-568,kl-3_2-BG,kl-3_3-488,kl-3_3-BG,kl-3_3-568,kl-3_3-BG,kl-3_5-488,kl-3_5-BG,ND42_5-568,kl-3_5-BG,kl-3_7-488,kl-3_7-BG,kl-3_7-568,kl-3_7-BG,kl-3_8-488,kl-3_8-BG,kl-3_8-568,kl-3_8-BG,kl-3_9-488,kl-3_9-BG,kl-3_9-568,kl-3_9-BG,kl-3_10-488,kl-3_10-BG,kl-3_10-568,kl-3_10-BG,kl-3_11-488,kl-3_11-BG,kl-3_11-568,kl-3_11-BG,kl-3_12-488,kl-3_12-BG,kl-3_12-568,kl-3_12-BG,kl-3_1-488,kl-3_1-BG,kl-3_1-568,kl-3_1-BG,kl-3_2-488,kl-3_2-BG,kl-3_2-568,kl-3_2-BG,kl-3_3-488,kl-3_3-BG,kl-3_3-568,kl-3_3-BG,kl-3_4-488,kl-3_4-BG,kl-3_4-568,kl-3_4-BG,kl-3_6-488,kl-3_6-BG,kl-3_6-568,kl-3_6-BG
20.497,0.042,6.604,0.064,24.756,0.255,12.266,0.347,28.197,0.255,11.631,0.347,39.845,1.362,10.866,0.842,24.959,0.065,15.803,0.125,23.609,0.92,12.945,0.731,29.51,0.44,16.054,0.587,29.861,0.44,26.094,0.587,12.687,0.033,5.171,0.109,18.876,0.033,11.539,0.109,23.25,1.969,7.092,3.389,21.452,0.245,16.348,0.574,24.333,0.248,13.438,0.218,12.315,0.13,8.94,0.161,71.873,0.234,32.92,0.37
20.329,0.051,6.584,0.053,29.707,0.413,15.199,0.591,27.372,0.413,11.868,0.591,38.892,1.355,10.602,0.738,25.317,0.065,15.434,0.145,23.393,0.842,12.799,0.716,29.028,0.476,15.308,0.673,29.708,0.476,24.964,0.673,13.432,0.025,5.345,0.116,18.818,0.025,10.117,0.116,22.641,1.984,6.781,3.739,24.886,0.241,18.754,0.647,23.828,0.192,12.854,0.202,12.799,0.145,9.086,0.156,70.989,0.282,32.442,0.355
20.234,0.036,6.518,0.069,29.019,0.516,15.133,0.555,27.758,0.516,11.934,0.555,32.326,1.229,8.867,0.644,25.376,0.056,15.278,0.211,23.245,0.869,12.868,0.685,28.815,0.34,14.755,0.556,29.76,0.34,24.531,0.556,13.652,0.027,5.307,0.102,18.504,0.027,9.696,0.102,22.246,2.096,6.472,3.861,24.951,0.25,18.796,0.612,24.045,0.189,12.732,0.219,12.461,0.134,8.622,0.12,71.266,0.234,32.521,0.363
20.156,0.036,6.542,0.091,28.752,0.327,15.105,0.518,27.549,0.327,11.866,0.518,31.494,1.173,8.772,0.629,25.361,0.064,14.875,0.178,23.392,0.895,12.627,0.74,28.646,0.342,14.521,0.545,29.785,0.342,24.433,0.545,12.794,0.042,4.989,0.098,18.458,0.042,9.731,0.098,22.061,1.929,6.165,3.529,25.027,0.281,19.23,0.616,24.097,0.224,12.775,0.195,12.438,0.114,8.64,0.139,70.353,0.262,32.012,0.363
20.094,0.033,6.42,0.069,28.788,0.411,15.098,0.549,27.704,0.411,11.846,0.549,31.162,1.164,8.795,0.638,25.606,0.062,14.767,0.151,23.28,0.885,12.607,0.738,28.402,0.336,14.389,0.456,29.681,0.336,24.406,0.456,13.551,0.035,5.188,0.098,18.437,0.035,9.563,0.098,22.032,1.973,6.113,3.473,25.034,0.297,19.849,0.741,24.079,0.202,12.689,0.178,12.456,0.123,8.674,0.138,72.655,0.218,32.799,0.331
19.93,0.036,6.36,0.071,28.755,0.415,15.156,0.52,27.47,0.415,11.676,0.52,30.976,1.216,8.802,0.676,25.57,0.067,14.456,0.185,23.21,0.865,12.401,0.715,28.141,0.342,14.149,0.511,29.661,0.342,24.177,0.511,12.953,0.035,5.002,0.107,18.511,0.035,9.119,0.107,22.253,2.02,6.013,3.277,25.228,0.277,20.365,0.668,24.052,0.227,12.819,0.198,12.511,0.12,8.669,0.091,73.099,0.229,32.826,0.326
19.999,0.038,6.281,0.078,28.282,0.393,14.867,0.52,27.458,0.393,11.386,0.52,30.952,1.162,8.886,0.671,25.622,0.093,14.26,0.187,23.101,0.878,12.352,0.625,28.135,0.336,13.855,0.478,29.739,0.336,23.869,0.478,12.922,0.018,4.947,0.113,18.449,0.018,9.028,0.113,21.872,2.002,5.684,3.453,25.487,0.25,20.924,0.674,23.959,0.24,12.795,0.178,12.427,0.12,8.605,0.129,73.056,0.237,32.858,0.318
19.887,0.038,6.15,0.06,28.375,0.413,14.675,0.524,27.449,0.413,11.13,0.524,31.065,1.224,9.031,0.673,25.442,0.08,13.781,0.12,23.063,0.891,12.25,0.671,28.228,0.342,13.331,0.522,29.61,0.342,23.397,0.522,13.109,0.015,4.894,0.113,18.345,0.015,8.65,0.113,21.958,1.813,5.613,3.435,25.668,0.263,21.712,0.714,23.836,0.206,12.77,0.243,12.167,0.138,8.375,0.114,74.321,0.19,32.242,0.264
19.852,0.033,5.928,0.071,28.219,0.456,14.288,0.567,27.457,0.456,10.885,0.567,30.799,1.273,9.054,0.627,25.305,0.076,13.439,0.164,23.063,0.875,12.022,0.687,27.858,0.396,12.865,0.467,29.595,0.396,22.875,0.467,13.302,0.029,4.883,0.115,18.146,0.029,8.414,0.115,21.305,2.147,5.291,3.879,26.111,0.263,22.316,0.746,23.735,0.184,12.572,0.2,12.256,0.125,8.402,0.114,73.643,0.224,31.453,0.323
19.859,0.044,5.793,0.082,28.313,0.384,14.005,0.555,27.379,0.384,10.694,0.555,31.015,1.087,9.099,0.665,25.142,0.085,13.04,0.169,23.068,0.851,11.924,0.722,27.633,0.36,12.544,0.451,29.664,0.36,22.386,0.451,13.23,0.02,4.792,0.102,17.876,0.02,8.011,0.102,21.485,2.04,5.372,3.692,26.587,0.266,22.813,0.694,23.493,0.234,12.386,0.187,12.182,0.089,8.31,0.103,73.07,0.222,30.617,0.317
19.931,0.042,5.735,0.078,28.416,0.429,13.732,0.52,27.45,0.429,10.441,0.52,30.851,1.202,9.238,0.622,25.15,0.089,12.719,0.142,23.202,0.865,11.815,0.671,27.167,0.411,11.871,0.54,29.533,0.411,21.726,0.54,13.143,0.031,4.692,0.113,17.636,0.031,7.679,0.113,21.105,1.989,5.2,3.556,27.057,0.252,22.763,0.757,23.585,0.178,12.218,0.227,11.901,0.114,7.841,0.138,73.336,0.178,30.386,0.341
19.962,0.035,5.574,0.058,28.371,0.376,13.334,0.485,27.472,0.376,10.124,0.485,31.143,1.304,9.464,0.667,25.201,0.053,12.316,0.129,23.091,0.876,11.533,0.662,27.162,0.344,11.745,0.465,29.435,0.344,21.117,0.465,12.82,0.027,4.439,0.116,17.386,0.027,7.35,0.116,20.089,1.967,4.968,3.484,27.438,0.312,23.115,0.681,23.486,0.2,11.936,0.226,12.263,0.091,8.204,0.101,73.054,0.181,30.118,0.318
19.941,0.022,5.493,0.056,28.281,0.447,12.985,0.542,27.564,0.447,9.993,0.542,31.019,1.247,9.527,0.676,25.079,0.069,11.943,0.164,23.104,0.807,11.449,0.705,26.931,0.342,11.478,0.425,29.573,0.342,20.586,0.425,12.974,0.031,4.475,0.076,17.136,0.031,7.145,0.076,20.722,1.616,5.035,2.739,27.943,0.284,23.377,0.755,23.275,0.182,11.716,0.179,12.05,0.136,7.874,0.118,73.211,0.21,29.577,0.344
20.138,0.025,5.43,0.076,27.958,0.46,12.586,0.458,27.736,0.46,9.816,0.458,31.31,1.167,9.672,0.693,25.285,0.049,11.717,0.187,23.06,0.798,11.37,0.725,26.473,0.382,11.32,0.469,29.318,0.382,20.102,0.469,13.095,0.031,4.512,0.093,17.02,0.031,6.711,0.093,19.583,1.85,4.763,3.389,28.327,0.31,23.579,0.668,23.228,0.237,11.553,0.216,11.987,0.094,7.804,0.13,72.894,0.229,29.278,0.378
20.026,0.038,5.325,0.056,27.721,0.356,12.225,0.5,27.658,0.356,9.518,0.5,31.453,1.26,9.815,0.658,24.902,0.065,11.101,0.178,22.843,0.8,11.281,0.687,26.531,0.345,10.948,0.413,29.307,0.345,19.758,0.413,13.139,0.024,4.444,0.098,16.875,0.024,6.563,0.098,19.135,1.917,4.665,3.321,28.844,0.266,24.078,0.752,22.933,0.173,11.48,0.179,11.407,0.105,7.103,0.114,72.933,0.253,28.917,0.378
19.95,0.035,5.228,0.073,27.679,0.384,12.046,0.455,27.799,0.384,9.456,0.455,31.338,1.304,9.931,0.653,25.132,0.067,10.913,0.167,22.914,0.844,11.054,0.675,26.407,0.378,10.829,0.505,29.142,0.378,19.236,0.505,13.142,0.027,4.478,0.113,16.618,0.027,6.374,0.113,18.885,1.821,4.585,2.832,29.312,0.326,24.412,0.743,22.825,0.176,11.222,0.195,11.753,0.12,7.388,0.118,71.858,0.248,28.098,0.442
20.041,0.029,5.181,0.076,27.291,0.387,11.698,0.453,27.652,0.387,9.293,0.453,31.372,1.258,10.068,0.733,24.966,0.085,10.584,0.138,22.919,0.805,10.871,0.687,26.324,0.344,10.813,0.418,29.277,0.344,19.03,0.418,13.222,0.033,4.395,0.1,16.676,0.033,6.12,0.1,19.175,1.832,4.604,3.016,29.34,0.299,24.686,0.786,22.689,0.165,11.135,0.189,11.369,0.118,7.07,0.103,69.825,0.258,26.94,0.371
20.025,0.056,5.2,0.08,27.435,0.376,11.69,0.471,27.686,0.376,9.188,0.471,31.682,1.16,10.233,0.665,24.898,0.085,10.421,0.156,22.826,0.805,10.649,0.684,26.404,0.342,10.891,0.505,29.229,0.342,18.793,0.505,13.272,0.018,4.52,0.14,16.561,0.018,6.148,0.14,18.984,1.708,4.641,2.799,29.446,0.295,24.978,0.821,22.559,0.168,11.092,0.205,11.874,0.111,7.469,0.109,68.828,0.227,26.164,0.4
19.898,0.049,5.079,0.058,27.366,0.458,11.502,0.498,27.592,0.458,9.122,0.498,31.804,1.327,10.354,0.738,24.847,0.076,10.158,0.16,22.677,0.725,10.561,0.635,26.33,0.342,10.741,0.384,29.093,0.342,18.492,0.384,13.194,0.022,4.482,0.095,16.66,0.022,6.013,0.095,18.783,1.639,4.594,2.683,29.61,0.361,25.219,0.768,22.503,0.17,11.018,0.174,11.894,0.071,7.445,0.101,70.089,0.302,26.215,0.411
19.851,0.04,5.06,0.069,27.088,0.44,11.304,0.467,27.581,0.44,9.005,0.467,32.131,1.216,10.591,0.68,25.151,0.062,10.086,0.16,22.845,0.818,10.46,0.678,26.518,0.329,10.611,0.469,29.275,0.329,18.275,0.469,13.263,0.018,4.442,0.08,16.706,0.018,6.049,0.08,18.698,1.763,4.611,2.971,29.913,0.346,25.795,0.73,22.176,0.176,11.005,0.178,11.662,0.123,7.27,0.101,68.761,0.264,25.42,0.365
19.79,0.04,5,0.082,26.96,0.429,11.231,0.493,27.627,0.429,8.922,0.493,32.262,1.242,10.748,0.702,25.074,0.069,9.887,0.156,22.578,0.871,10.387,0.627,26.42,0.304,10.661,0.429,29.098,0.304,18.124,0.429,12.946,0.042,4.389,0.14,16.542,0.042,5.983,0.14,18.738,1.806,4.68,3.12,30.026,0.315,26.025,0.832,21.963,0.163,10.928,0.171,11.466,0.107,7.084,0.103,70.128,0.269,25.454,0.376
19.958,0.036,4.973,0.069,26.787,0.431,11.004,0.478,27.761,0.431,8.937,0.478,32.181,1.307,10.794,0.676,24.855,0.075,9.677,0.18,22.45,0.791,10.294,0.7,26,0.333,10.397,0.389,29.107,0.333,17.739,0.389,13.411,0.035,4.46,0.104,16.449,0.035,5.912,0.104,18.667,1.812,4.683,3.036,30.48,0.33,26.386,0.806,21.813,0.179,10.792,0.181,11.688,0.161,7.364,0.116,67.559,0.282,24.595,0.413
19.928,0.038,4.936,0.055,26.807,0.444,10.955,0.458,27.755,0.444,8.896,0.458,32.268,1.255,10.893,0.693,24.782,0.065,9.546,0.138,22.387,0.835,10.13,0.658,26.07,0.304,10.65,0.455,28.906,0.304,17.581,0.455,13.334,0.033,4.613,0.129,16.647,0.033,5.843,0.129,18.586,1.851,4.705,3.141,30.61,0.362,26.839,0.862,21.444,0.168,10.617,0.179,11.597,0.136,7.292,0.103,67.411,0.325,24.328,0.395
19.904,0.044,4.91,0.062,26.33,0.398,10.624,0.413,27.832,0.398,8.755,0.413,32.472,1.236,11.087,0.644,24.378,0.065,9.302,0.167,22.374,0.795,10.056,0.682,25.611,0.302,10.412,0.493,28.881,0.302,17.372,0.493,13.393,0.031,4.584,0.095,16.376,0.031,5.713,0.095,18.235,1.685,4.789,2.967,30.662,0.339,27.196,0.938,21.381,0.136,10.652,0.165,11.714,0.105,7.354,0.125,66.325,0.346,24.118,0.446
19.943,0.042,4.929,0.06,25.931,0.375,10.462,0.453,27.86,0.375,8.713,0.453,32.385,1.267,11.173,0.707,24.147,0.053,9.151,0.135,22.319,0.785,10.014,0.691,25.814,0.242,10.506,0.422,28.886,0.242,17.149,0.422,13.365,0.044,4.576,0.089,16.345,0.044,5.84,0.089,17.764,2,4.683,3.62,30.731,0.341,27.51,0.958,21.257,0.173,10.602,0.186,11.713,0.12,7.222,0.094,65.792,0.381,23.798,0.438
20.086,0.036,4.896,0.064,26.063,0.36,10.434,0.387,27.891,0.36,8.694,0.387,32.431,1.287,11.342,0.642,23.918,0.064,9.064,0.173,22.241,0.905,9.887,0.678,25.76,0.285,10.6,0.46,28.714,0.285,16.963,0.46,13.552,0.031,4.736,0.124,16.25,0.031,5.766,0.124,17.52,1.817,4.662,3.433,30.995,0.33,27.979,0.937,21.004,0.125,10.624,0.168,11.566,0.13,7.06,0.107,65.924,0.355,23.8,0.429
20.005,0.035,4.89,0.065,26.35,0.34,10.384,0.475,27.924,0.34,8.651,0.475,32.177,1.276,11.33,0.635,23.96,0.062,8.922,0.178,22.108,0.8,9.881,0.669,25.321,0.285,10.368,0.475,28.611,0.285,16.784,0.475,13.284,0.024,4.523,0.116,16.155,0.024,5.842,0.116,17.484,1.799,4.743,3.053,31.192,0.308,28.374,0.902,20.679,0.155,10.498,0.13,11.622,0.149,7.179,0.089,66.58,0.354,23.964,0.448
20.037,0.036,4.848,0.071,26.241,0.4,10.396,0.495,27.978,0.4,8.643,0.495,32.316,1.304,11.518,0.685,23.972,0.06,8.814,0.176,22.129,0.824,9.809,0.7,25.301,0.324,10.393,0.46,28.465,0.324,16.588,0.46,13.629,0.027,4.788,0.105,15.885,0.027,5.829,0.105,17.365,1.918,4.79,3.489,31.383,0.371,28.616,0.926,20.575,0.147,10.473,0.174,11.522,0.127,7.17,0.101,65.977,0.362,23.783,0.477
20.046,0.044,4.852,0.047,26.247,0.438,10.386,0.484,28.028,0.438,8.632,0.484,32.411,1.327,11.67,0.718,23.677,0.069,8.744,0.129,22.031,0.771,9.719,0.636,25.172,0.369,10.399,0.456,28.275,0.369,16.371,0.456,13.521,0.024,4.782,0.087,15.963,0.024,5.782,0.087,17.166,1.906,4.807,3.105,31.477,0.386,29.081,0.962,20.054,0.154,10.481,0.146,11.598,0.136,7.202,0.098,66.949,0.365,23.958,0.49
19.986,0.035,4.871,0.067,26.281,0.382,10.312,0.478,28,0.382,8.572,0.478,32.265,1.209,11.805,0.695,23.555,0.058,8.607,0.147,21.896,0.745,9.686,0.605,24.889,0.318,10.389,0.436,28.223,0.318,16.195,0.436,13.525,0.027,4.869,0.115,15.945,0.027,5.608,0.115,17.131,1.991,4.843,3.471,31.67,0.351,29.242,0.973,19.859,0.13,10.353,0.149,11.459,0.105,7.049,0.118,69.133,0.314,24.712,0.438
19.939,0.04,4.821,0.056,25.865,0.34,10.146,0.496,27.896,0.34,8.505,0.496,32.195,1.22,11.976,0.644,23.203,0.064,8.472,0.165,21.684,0.789,9.537,0.733,25.021,0.373,10.329,0.464,28.13,0.373,16.131,0.464,13.642,0.027,4.93,0.122,15.978,0.027,5.765,0.122,17.349,1.933,5.004,3.692,31.647,0.368,29.413,1.085,19.604,0.131,10.307,0.139,11.448,0.165,7.13,0.127,69.299,0.312,24.746,0.442
19.989,0.04,4.815,0.071,25.417,0.429,9.945,0.498,27.842,0.429,8.465,0.498,32.35,1.222,12.155,0.645,23.332,0.055,8.42,0.169,21.781,0.785,9.563,0.696,25.037,0.331,10.411,0.393,28.177,0.331,16.049,0.393,13.751,0.022,5.086,0.138,15.856,0.022,5.79,0.138,17.122,1.973,5.028,3.592,31.863,0.377,29.805,1.038,19.425,0.147,10.228,0.149,11.198,0.192,6.95,0.121,69.069,0.347,24.747,0.421
20.089,0.022,4.876,0.075,25.46,0.395,9.92,0.424,27.985,0.395,8.435,0.424,32.527,1.215,12.333,0.636,23.309,0.078,8.367,0.169,21.761,0.756,9.624,0.656,24.912,0.325,10.465,0.5,28.173,0.325,15.89,0.5,13.857,0.031,5.127,0.107,15.736,0.031,5.762,0.107,16.896,1.947,5.001,3.54,32.014,0.377,30.001,1.085,19.343,0.122,10.286,0.141,11.309,0.12,6.927,0.138,69.755,0.339,24.838,0.403
20.002,0.035,4.831,0.078,25.606,0.427,9.952,0.551,28.084,0.427,8.421,0.551,32.624,1.251,12.473,0.684,23.192,0.071,8.266,0.142,21.739,0.645,9.461,0.682,25.005,0.335,10.59,0.456,28.032,0.335,15.74,0.456,13.712,0.045,5.075,0.096,15.89,0.045,5.808,0.096,16.927,2.038,5.131,3.451,31.965,0.379,30.131,1.12,19.148,0.133,10.273,0.184,11.257,0.107,6.872,0.139,67.706,0.326,24.18,0.467
20.194,0.049,4.886,0.093,25.347,0.375,9.828,0.476,28.084,0.375,8.345,0.476,32.552,1.187,12.595,0.664,22.8,0.065,8.141,0.169,21.557,0.733,9.443,0.684,24.752,0.333,10.542,0.429,27.773,0.333,15.674,0.429,13.697,0.031,5.137,0.096,15.741,0.031,5.763,0.096,16.252,1.998,5.03,3.386,32.212,0.415,30.328,1.074,18.949,0.131,10.218,0.16,10.925,0.147,6.664,0.12,69.096,0.358,24.727,0.451
20.154,0.025,4.858,0.062,25.267,0.373,9.748,0.385,28.034,0.373,8.298,0.385,31.479,1.104,11.73,0.635,22.699,0.058,8.071,0.133,21.514,0.758,9.425,0.645,24.808,0.311,10.618,0.476,27.894,0.311,15.533,0.476,13.875,0.038,5.321,0.105,15.744,0.038,5.845,0.105,15.815,2.034,4.975,3.525,32.178,0.446,30.405,1.226,18.707,0.123,10.206,0.152,11.236,0.12,6.805,0.136,68.9,0.363,24.64,0.453
20.214,0.033,4.837,0.06,25.167,0.38,9.701,0.407,28.209,0.38,8.309,0.407,30.341,1.205,11.304,0.615,22.687,0.044,8.085,0.144,21.44,0.795,9.333,0.644,24.82,0.347,10.658,0.467,27.94,0.347,15.509,0.467,13.984,0.031,5.36,0.098,15.763,0.031,5.911,0.098,15.802,1.931,5.097,3.411,32.369,0.413,30.777,1.181,18.439,0.133,10.117,0.16,10.92,0.092,6.56,0.118,69.274,0.299,24.866,0.429
20.177,0.031,4.896,0.071,25.175,0.396,9.664,0.431,28.187,0.396,8.28,0.431,30.073,1.218,11.079,0.633,22.545,0.055,8.019,0.175,21.304,0.807,9.371,0.631,24.915,0.387,10.82,0.447,27.863,0.387,15.374,0.447,14.164,0.035,5.376,0.12,15.717,0.035,5.895,0.12,16.079,1.989,5.226,3.467,32.54,0.464,30.624,1.366,18.286,0.16,10.175,0.158,11.045,0.125,6.705,0.123,69.191,0.371,25.012,0.442
20.275,0.04,4.947,0.067,25.524,0.425,9.831,0.484,28.293,0.425,8.303,0.484,29.816,1.124,11.05,0.613,22.088,0.076,7.877,0.151,21.19,0.787,9.307,0.664,24.765,0.345,10.855,0.525,27.73,0.345,15.271,0.525,14,0.022,5.544,0.12,15.872,0.022,5.969,0.12,15.827,1.85,5.229,3.574,32.247,0.453,31.117,1.344,17.981,0.144,10.142,0.134,11.135,0.096,6.735,0.149,67.032,0.349,24.374,0.458
20.152,0.024,4.921,0.055,25.455,0.322,9.76,0.436,28.408,0.322,8.307,0.436,29.994,1.095,11.075,0.593,22.76,0.065,8.076,0.138,21.079,0.829,9.307,0.625,24.903,0.342,11.041,0.447,27.834,0.342,15.282,0.447,14.111,0.029,5.501,0.095,15.638,0.029,6.006,0.095,15.494,1.973,5.222,3.542,32.445,0.418,31.191,1.496,17.866,0.149,10.065,0.122,11.036,0.138,6.532,0.103,68.88,0.33,25,0.517
20.322,0.045,4.926,0.064,25.148,0.429,9.698,0.516,28.318,0.429,8.307,0.516,30.288,1.175,11.061,0.591,22.145,0.058,7.873,0.147,20.983,0.705,9.307,0.633,24.988,0.345,11.149,0.485,27.87,0.345,15.175,0.485,13.938,0.033,5.501,0.1,15.949,0.033,5.945,0.1,15.51,1.891,5.275,3.509,32.582,0.478,31.202,1.498,17.785,0.109,10.145,0.125,11.042,0.156,6.612,0.121,68.905,0.328,25.057,0.494
20.27,0.033,5.007,0.053,25.377,0.382,9.702,0.487,28.339,0.382,8.307,0.487,29.779,1.155,10.838,0.576,22.126,0.065,7.862,0.155,20.907,0.698,9.262,0.587,24.808,0.335,11.233,0.556,27.728,0.335,15.071,0.556,13.93,0.022,5.711,0.115,15.813,0.022,6.108,0.115,15.155,1.884,5.263,3.409,32.756,0.429,31.629,1.361,17.671,0.112,10.225,0.166,10.812,0.109,6.536,0.111,70.774,0.309,25.793,0.405
20.264,0.04,4.971,0.067,24.92,0.371,9.496,0.415,28.3,0.371,8.281,0.415,28.696,1.104,10.513,0.605,22.149,0.045,7.807,0.142,20.92,0.664,9.235,0.582,24.904,0.329,11.268,0.48,27.775,0.329,14.946,0.48,14.212,0.031,5.741,0.1,15.897,0.031,6.214,0.1,14.952,1.922,5.264,3.328,32.569,0.438,31.656,1.495,17.442,0.158,10.172,0.158,10.927,0.165,6.545,0.134,70.312,0.443,25.814,0.464
20.243,0.031,4.953,0.055,24.723,0.387,9.486,0.438,28.346,0.387,8.226,0.438,28.965,1.038,10.566,0.595,21.628,0.067,7.725,0.16,20.699,0.709,9.244,0.645,24.966,0.376,11.387,0.425,27.85,0.376,14.786,0.425,14.2,0.04,5.77,0.127,15.986,0.04,6.198,0.127,15.135,1.888,5.481,3.274,32.82,0.513,31.705,1.469,17.221,0.128,10.146,0.149,11.137,0.12,6.684,0.167,69.437,0.352,25.822,0.445
20.333,0.035,5.056,0.062,24.372,0.367,9.284,0.433,28.153,0.367,8.192,0.433,28.33,1.082,10.371,0.618,22.013,0.067,7.816,0.158,20.671,0.782,9.249,0.629,24.688,0.362,11.444,0.482,27.722,0.362,14.726,0.482,14.195,0.033,5.84,0.116,15.718,0.033,6.313,0.116,15.296,2.096,5.558,3.734,32.759,0.538,31.951,1.578,17.016,0.131,10.145,0.134,11.03,0.112,6.641,0.107,69.404,0.334,25.696,0.451
20.292,0.033,5.045,0.06,24.463,0.358,9.373,0.38,28.347,0.358,8.206,0.38,27.678,1.033,10.206,0.658,21.404,0.062,7.681,0.144,20.512,0.751,9.28,0.665,24.856,0.364,11.621,0.504,27.675,0.364,14.666,0.504,14.248,0.035,5.895,0.111,15.983,0.035,6.295,0.111,14.764,1.85,5.49,3.297,33.217,0.514,31.893,1.487,16.809,0.131,10.096,0.134,11.052,0.089,6.647,0.105,69.899,0.352,25.885,0.466
20.341,0.031,5.085,0.058,24.263,0.409,9.268,0.467,28.268,0.409,8.238,0.467,27.634,1.073,10.183,0.638,21.388,0.053,7.674,0.16,20.434,0.816,9.217,0.589,24.88,0.347,11.734,0.502,27.613,0.347,14.488,0.502,14.29,0.022,6.06,0.131,16.013,0.022,6.416,0.131,14.297,1.777,5.407,3.288,32.907,0.536,32.15,1.482,16.692,0.141,10.103,0.126,10.999,0.091,6.584,0.114,69.157,0.411,25.768,0.477
20.39,0.035,5.115,0.055,24.355,0.458,9.342,0.509,28.302,0.458,8.178,0.509,26.849,0.987,10.024,0.516,21.434,0.065,7.677,0.129,20.382,0.749,9.3,0.625,24.636,0.327,11.729,0.489,27.527,0.327,14.368,0.489,14.224,0.031,6.085,0.098,15.796,0.031,6.336,0.098,14.431,2.018,5.498,3.496,32.987,0.513,32.16,1.543,16.625,0.141,10.161,0.138,11.179,0.118,6.598,0.145,70.499,0.398,26.431,0.483
20.32,0.04,5.12,0.071,24.42,0.415,9.305,0.456,28.46,0.415,8.225,0.456,27.143,1.015,10.129,0.633,21.259,0.065,7.574,0.14,20.334,0.656,9.287,0.547,24.846,0.336,11.811,0.515,27.64,0.336,14.288,0.515,14.397,0.024,6.207,0.109,15.843,0.024,6.51,0.109,14.159,1.996,5.485,3.589,33.167,0.607,32.379,1.627,16.493,0.152,10.241,0.139,10.916,0.134,6.593,0.116,71.342,0.405,26.679,0.461
20.366,0.025,5.193,0.058,25.007,0.389,9.557,0.444,28.567,0.389,8.345,0.444,26.361,0.991,9.892,0.565,21.024,0.056,7.538,0.115,20.26,0.722,9.282,0.611,24.657,0.342,11.841,0.515,27.433,0.342,14.196,0.515,14.437,0.027,6.314,0.102,15.948,0.027,6.481,0.102,14.316,1.882,5.65,3.319,32.887,0.511,32.502,1.502,16.501,0.123,10.302,0.141,11.111,0.129,6.756,0.145,69.806,0.397,26.365,0.496
20.441,0.047,5.232,0.073,25.191,0.396,9.634,0.415,28.639,0.396,8.394,0.415,26.184,1.035,9.937,0.624,21.229,0.073,7.617,0.144,20.133,0.707,9.297,0.616,24.62,0.387,12.012,0.467,27.318,0.387,14.008,0.467,14.266,0.027,6.363,0.115,15.664,0.027,6.556,0.115,14.341,1.875,5.685,3.509,33.223,0.563,32.733,1.553,16.27,0.139,10.325,0.144,11.044,0.147,6.656,0.143,67.302,0.397,25.781,0.478
20.491,0.04,5.244,0.069,24.95,0.38,9.515,0.46,28.621,0.38,8.347,0.46,26.156,1.013,9.936,0.615,21.013,0.073,7.548,0.147,20.113,0.7,9.386,0.631,24.812,0.355,12.157,0.542,27.365,0.355,13.907,0.542,14.637,0.029,6.424,0.135,15.933,0.029,6.54,0.135,14.627,1.815,5.862,3.159,33.041,0.543,33.025,1.569,16.203,0.139,10.306,0.139,11.012,0.154,6.668,0.136,67.05,0.43,25.613,0.456
20.569,0.051,5.282,0.065,24.806,0.373,9.466,0.444,28.773,0.373,8.362,0.444,25.521,1.027,9.755,0.555,21.522,0.075,7.707,0.155,20.059,0.684,9.439,0.609,24.794,0.344,12.189,0.544,27.304,0.344,13.86,0.544,14.487,0.045,6.507,0.116,15.927,0.045,6.687,0.116,14.455,1.991,5.859,3.766,33.374,0.571,32.867,1.676,15.979,0.112,10.29,0.146,11.038,0.139,6.638,0.176,66.925,0.459,25.732,0.496
20.414,0.033,5.26,0.053,24.987,0.404,9.512,0.465,28.827,0.404,8.37,0.465,24.943,1.016,9.634,0.567,20.981,0.053,7.555,0.131,20.044,0.749,9.259,0.629,24.739,0.344,12.33,0.438,27.185,0.344,13.786,0.438,14.307,0.025,6.681,0.109,15.664,0.025,6.803,0.109,14.256,1.88,5.878,3.418,33.259,0.525,33.084,1.663,15.803,0.128,10.36,0.114,11.108,0.123,6.706,0.136,65.137,0.478,25.43,0.485
20.453,0.029,5.377,0.069,25.09,0.447,9.506,0.465,28.737,0.447,8.383,0.465,25.278,0.962,9.835,0.627,20.793,0.055,7.566,0.142,19.904,0.731,9.404,0.6,24.481,0.42,12.448,0.522,27.141,0.42,13.692,0.522,14.52,0.029,6.725,0.113,15.803,0.029,6.806,0.113,13.836,1.763,5.761,3.054,33.189,0.582,33.403,1.679,15.768,0.115,10.465,0.131,11.107,0.15,6.705,0.143,64.878,0.432,25.375,0.509
20.47,0.053,5.394,0.071,25.045,0.376,9.532,0.469,28.754,0.376,8.406,0.469,25.335,0.929,9.824,0.642,20.703,0.055,7.535,0.133,19.912,0.764,9.363,0.593,24.696,0.345,12.586,0.556,27.181,0.345,13.631,0.556,14.564,0.02,6.811,0.113,15.929,0.02,6.933,0.113,13.544,1.873,5.719,3.208,33.554,0.533,33.205,1.625,15.659,0.122,10.493,0.16,11.051,0.082,6.679,0.13,62.457,0.464,24.892,0.574
20.523,0.031,5.454,0.062,24.937,0.404,9.515,0.505,28.561,0.404,8.454,0.505,24.8,1.024,9.667,0.622,20.895,0.067,7.657,0.12,19.85,0.695,9.4,0.64,24.363,0.329,12.598,0.545,27.02,0.329,13.41,0.545,14.465,0.027,6.975,0.124,15.918,0.027,6.926,0.124,13.342,2.016,5.677,3.442,33.59,0.52,33.385,1.697,15.519,0.154,10.516,0.138,11,0.107,6.786,0.118,63.316,0.523,25.189,0.568
20.496,0.049,5.478,0.044,24.677,0.355,9.382,0.373,28.838,0.355,8.424,0.373,24.687,0.964,9.707,0.533,20.549,0.076,7.606,0.196,19.742,0.669,9.478,0.584,24.686,0.389,12.842,0.524,26.928,0.389,13.326,0.524,14.503,0.02,6.914,0.116,15.739,0.02,6.856,0.116,13.679,1.79,5.899,3.437,33.493,0.545,33.538,1.656,15.428,0.128,10.546,0.139,10.963,0.1,6.619,0.109,64.938,0.482,25.829,0.531
20.575,0.033,5.518,0.073,24.245,0.378,9.236,0.44,28.851,0.378,8.381,0.44,24.569,1.022,9.712,0.547,20.857,0.049,7.6,0.147,19.638,0.644,9.487,0.629,24.65,0.347,12.838,0.545,27.103,0.347,13.362,0.545,14.599,0.013,7.056,0.104,15.86,0.013,7.14,0.104,13.903,2.158,6.095,3.415,33.504,0.558,33.635,1.741,15.271,0.134,10.55,0.125,10.836,0.062,6.667,0.123,64.791,0.446,25.957,0.549
20.435,0.035,5.544,0.069,23.92,0.422,9.116,0.46,28.736,0.422,8.416,0.46,24.101,1.031,9.537,0.647,21.052,0.078,7.673,0.145,19.522,0.695,9.541,0.616,24.503,0.355,12.98,0.54,27.024,0.355,13.353,0.54,14.669,0.038,7.166,0.12,15.773,0.038,7.18,0.12,13.506,2,5.92,3.207,33.55,0.594,33.743,1.529,15.233,0.125,10.608,0.152,10.79,0.107,6.598,0.134,64.74,0.506,25.874,0.538
20.587,0.051,5.567,0.064,24.342,0.424,9.164,0.527,28.669,0.424,8.443,0.527,24.103,0.924,9.595,0.578,20.469,0.067,7.514,0.145,19.501,0.738,9.453,0.589,24.825,0.338,13.163,0.522,27.152,0.338,13.298,0.522,14.718,0.027,7.242,0.109,15.833,0.027,7.198,0.109,13.678,2.013,6.005,3.4,33.627,0.574,33.855,1.697,15.24,0.118,10.658,0.122,10.982,0.152,6.832,0.147,68.52,0.448,27.37,0.566
20.634,0.045,5.652,0.047,24.048,0.407,9.074,0.44,28.802,0.407,8.463,0.44,23.643,1.06,9.39,0.6,20.818,0.069,7.586,0.156,19.359,0.644,9.562,0.649,24.714,0.351,13.307,0.509,27.041,0.351,13.241,0.509,14.558,0.024,7.271,0.125,15.815,0.024,7.289,0.125,13.923,2.007,6.151,3.178,33.732,0.589,33.925,1.824,14.949,0.13,10.592,0.126,10.923,0.136,6.729,0.161,67.389,0.485,27.044,0.48
20.65,0.047,5.736,0.062,24.056,0.382,9.027,0.404,28.831,0.382,8.519,0.404,23.137,0.958,9.271,0.604,20.392,0.06,7.477,0.149,19.296,0.691,9.602,0.567,24.652,0.455,13.355,0.556,26.998,0.455,13.169,0.556,14.68,0.031,7.394,0.129,15.895,0.031,7.299,0.129,13.812,1.938,6.175,3.507,33.746,0.582,34.079,1.786,14.79,0.11,10.673,0.142,10.929,0.12,6.737,0.132,66.295,0.462,27.012,0.464
20.712,0.02,5.754,0.064,24.41,0.378,9.251,0.451,28.944,0.378,8.634,0.451,23.394,1.016,9.41,0.587,20.345,0.065,7.496,0.169,19.249,0.695,9.506,0.584,24.706,0.364,13.454,0.533,26.865,0.364,12.997,0.533,14.6,0.024,7.414,0.12,16.036,0.024,7.521,0.12,13.688,2.06,6.203,3.335,33.821,0.652,34.315,1.734,14.711,0.15,10.78,0.102,10.743,0.096,6.816,0.111,68.974,0.405,28.049,0.507
20.7,0.044,5.831,0.067,24.435,0.502,9.198,0.495,29.017,0.502,8.642,0.495,23.191,0.942,9.314,0.535,19.994,0.058,7.404,0.14,19.325,0.685,9.565,0.593,24.639,0.422,13.577,0.571,26.879,0.422,13.079,0.571,14.722,0.045,7.532,0.144,15.948,0.045,7.506,0.144,13.75,2.056,6.237,3.243,33.699,0.639,34.602,1.835,14.576,0.139,10.747,0.138,11.089,0.154,7.03,0.158,68.83,0.429,28.107,0.494
20.686,0.044,5.87,0.06,24.433,0.451,9.157,0.505,29.076,0.451,8.763,0.505,23.104,0.907,9.347,0.575,20.503,0.067,7.589,0.165,19.323,0.62,9.667,0.553,24.53,0.393,13.538,0.573,26.846,0.393,12.898,0.573,14.811,0.025,7.599,0.093,15.869,0.025,7.602,0.093,13.759,1.998,6.296,3.353,33.793,0.676,34.278,1.826,14.416,0.123,10.763,0.112,10.608,0.111,7.001,0.132,66.756,0.427,27.454,0.478
20.654,0.031,6.024,0.06,24.069,0.453,9.038,0.44,29.132,0.453,8.71,0.44,23.007,1.042,9.393,0.618,20.576,0.065,7.67,0.142,19.056,0.64,9.678,0.569,24.949,0.355,13.824,0.525,27.03,0.355,13.015,0.525,14.745,0.025,7.689,0.145,15.936,0.025,7.724,0.145,13.454,1.964,6.265,3.428,33.739,0.562,34.827,1.643,15.173,0.126,11.343,0.117,10.953,0.092,7.274,0.147,69.784,0.414,28.754,0.496
20.633,0.033,6.111,0.073,23.894,0.407,8.96,0.462,28.884,0.407,8.914,0.462,22.695,1.002,9.925,0.596,20.216,0.078,7.569,0.162,18.886,0.636,9.766,0.598,24.92,0.407,13.983,0.525,27.113,0.407,13.087,0.525,14.575,0.027,7.578,0.122,15.874,0.027,7.747,0.122,13.334,2.094,6.407,3.201,33.725,0.774,34.674,1.873,14.288,0.114,10.893,0.152,10.692,0.116,7.394,0.167,67.678,0.424,30.357,0.517
20.909,0.027,6.469,0.064,23.799,0.433,9.005,0.416,29.095,0.433,9.336,0.416,22.856,0.92,10.771,0.58,20.361,0.042,7.587,0.156,18.926,0.656,9.995,0.596,24.664,0.4,14.18,0.524,26.991,0.4,13.081,0.524,14.817,0.027,7.95,0.127,16.088,0.027,7.982,0.127,14.309,1.915,8.861,3.038,33.878,0.721,37.105,1.848,14.151,0.144,11.291,0.142,11.096,0.132,7.772,0.188,66.656,0.458,32.077,0.557
20.895,0.045,7.012,0.064,23.444,0.438,8.868,0.449,29.249,0.438,9.9,0.449,22.318,0.916,11.194,0.605,20.103,0.067,7.573,0.129,18.99,0.582,10.452,0.607,25.039,0.402,15.596,0.547,27.116,0.402,13.223,0.547,14.975,0.036,9.006,0.109,16.059,0.036,8.239,0.109,14.35,1.909,10.061,3.304,34.004,0.797,40.521,1.817,13.996,0.096,11.792,0.125,10.802,0.103,7.912,0.143,67.828,0.45,34.287,0.557
21.004,0.035,7.499,0.064,23.682,0.485,8.996,0.518,29.328,0.485,10.391,0.518,22.231,0.885,11.695,0.602,21.03,0.056,7.974,0.122,19.021,0.693,11.104,0.62,25.098,0.382,17.139,0.571,27.154,0.382,13.267,0.571,15.206,0.02,10.087,0.127,15.846,0.02,9.113,0.127,14.613,1.884,10.511,3.145,34.187,0.754,43.335,1.949,13.823,0.109,12.18,0.131,11.068,0.109,8.174,0.138,69.89,0.437,36.84,0.549
21.185,0.031,8.087,0.064,23.801,0.42,9.076,0.491,29.506,0.42,10.84,0.491,22.629,0.876,12.195,0.564,20.028,0.062,7.823,0.158,18.919,0.582,11.633,0.611,25.233,0.362,18.706,0.598,27.278,0.362,13.358,0.598,15.194,0.022,11.169,0.105,15.811,0.022,9.611,0.105,14.535,1.844,10.92,3.208,34.135,0.763,44.853,1.9,13.739,0.12,12.519,0.13,10.957,0.114,8.314,0.179,72.468,0.4,39.272,0.515
21.191,0.025,8.557,0.06,23.807,0.398,9.226,0.435,29.655,0.398,11.218,0.435,22.327,0.935,12.174,0.584,19.468,0.064,7.745,0.16,18.996,0.553,12.242,0.547,25.543,0.335,20.316,0.607,27.291,0.335,13.493,0.607,15.379,0.036,12.102,0.12,15.999,0.036,10.378,0.12,14.381,1.792,10.815,3.002,34.377,0.714,45.642,1.975,13.819,0.138,12.91,0.139,11.074,0.089,8.584,0.147,73.318,0.437,40.961,0.531
21.142,0.051,8.931,0.071,24.239,0.456,9.447,0.438,29.778,0.456,11.685,0.438,22.671,0.944,12.423,0.518,19.991,0.062,8.046,0.135,19.21,0.635,12.669,0.555,25.292,0.38,21.282,0.598,27.294,0.38,13.6,0.598,15.253,0.031,12.791,0.125,15.614,0.031,10.997,0.125,14.41,1.909,10.751,2.991,34.097,0.774,46.063,1.908,13.82,0.106,13.2,0.122,10.832,0.096,8.569,0.154,74.958,0.354,42.764,0.558
21.306,0.022,9.318,0.053,24.26,0.382,9.562,0.451,29.807,0.382,11.895,0.451,22.389,0.964,12.391,0.596,19.778,0.076,8.135,0.145,19.127,0.578,13.17,0.547,25.181,0.353,22.149,0.578,27.428,0.353,13.798,0.578,15.431,0.022,13.467,0.107,15.831,0.022,11.545,0.107,14.51,1.931,10.747,3.002,34.139,0.875,45.874,1.917,13.565,0.147,13.221,0.142,11.121,0.112,9.016,0.158,76.108,0.384,44.381,0.509
21.237,0.02,9.566,0.056,24.184,0.38,9.648,0.465,30.029,0.38,12.257,0.465,22.503,0.976,12.5,0.578,19.888,0.071,8.284,0.136,19.135,0.627,13.479,0.622,25.485,0.32,22.869,0.584,27.538,0.32,13.953,0.584,15.367,0.022,13.879,0.127,16.006,0.022,12.108,0.127,15.045,1.917,10.854,2.967,34.096,0.866,45.74,1.955,13.734,0.118,13.428,0.136,11.084,0.096,9.196,0.13,75.778,0.413,45.193,0.506
21.293,0.04,9.876,0.069,24.196,0.458,9.701,0.398,30.077,0.458,12.446,0.398,22.706,0.945,12.574,0.633,19.838,0.055,8.442,0.14,19.042,0.62,13.871,0.627,25.256,0.32,23.314,0.591,27.515,0.32,14.118,0.591,15.28,0.022,14.294,0.118,15.766,0.022,12.431,0.118,15.367,1.891,10.932,3.12,34.254,0.826,45.321,1.888,13.751,0.141,13.562,0.146,11.079,0.109,9.181,0.168,76.96,0.355,46.709,0.576
21.387,0.029,10.103,0.051,24.308,0.385,9.83,0.422,30.047,0.385,12.687,0.422,22.525,0.827,12.475,0.615,19.824,0.042,8.541,0.155,18.889,0.576,14.115,0.569,25.283,0.415,23.861,0.576,27.619,0.415,14.279,0.576,15.394,0.024,14.678,0.102,15.712,0.024,12.812,0.102,15.359,2.027,10.786,3.417,34.015,0.797,45.517,1.917,13.699,0.16,13.614,0.152,11.036,0.138,9.45,0.159,75.931,0.4,46.914,0.53
21.417,0.029,10.177,0.051,23.924,0.504,9.876,0.533,29.944,0.504,12.767,0.533,22.402,0.949,12.486,0.618,20.157,0.062,8.673,0.149,18.83,0.593,14.312,0.529,25.093,0.369,24.086,0.604,27.546,0.369,14.422,0.604,15.435,0.027,14.918,0.104,15.659,0.027,12.975,0.104,15.428,1.98,10.763,2.909,34.154,0.812,44.893,1.966,13.742,0.122,13.705,0.138,10.99,0.103,9.308,0.147,73.658,0.39,46.543,0.592
21.408,0.045,10.246,0.056,24.157,0.418,10.017,0.491,30.06,0.418,12.908,0.491,22.482,0.938,12.468,0.616,20.137,0.058,8.841,0.187,18.596,0.585,14.518,0.567,25.12,0.356,24.231,0.611,27.338,0.356,14.457,0.611,15.316,0.025,15.068,0.115,15.696,0.025,13.263,0.115,15.655,1.958,10.803,3.143,34.282,0.801,45.009,2.08,13.472,0.11,13.672,0.147,11.172,0.118,9.603,0.167,72.631,0.422,46.772,0.65
21.335,0.029,10.447,0.076,24.05,0.425,10.044,0.525,30.023,0.425,13.042,0.525,23.102,0.882,12.743,0.635,20.232,0.071,8.967,0.16,18.722,0.589,14.809,0.513,24.92,0.345,24.396,0.604,27.398,0.345,14.539,0.604,15.387,0.025,15.025,0.135,15.595,0.025,13.486,0.135,16.088,1.993,10.871,3.183,34.259,0.813,44.845,1.857,13.547,0.118,13.619,0.152,11.035,0.107,9.632,0.168,73.957,0.424,47.839,0.573
21.323,0.038,10.558,0.062,23.692,0.484,10.004,0.465,29.831,0.484,13.104,0.465,22.862,0.987,12.71,0.604,20.185,0.082,9.073,0.165,18.687,0.593,14.919,0.542,24.791,0.342,24.371,0.609,27.4,0.342,14.69,0.609,15.305,0.035,15.253,0.125,15.839,0.035,13.655,0.125,15.521,1.957,10.583,2.85,34.055,0.804,44.439,1.862,13.402,0.09,13.596,0.114,11.136,0.114,9.853,0.197,73.93,0.389,48.409,0.566
21.338,0.049,10.592,0.071,23.569,0.442,10.032,0.418,29.965,0.442,13.231,0.418,22.942,0.885,12.686,0.598,19.928,0.065,9.062,0.144,18.529,0.545,14.991,0.545,24.86,0.435,24.615,0.6,27.3,0.435,14.677,0.6,15.111,0.015,15.306,0.133,15.693,0.015,13.689,0.133,15.408,2.183,10.413,3.335,34.198,0.886,44.237,1.752,13.376,0.134,13.528,0.147,11.19,0.139,9.933,0.172,75.692,0.347,49.905,0.514
21.347,0.035,10.699,0.04,23.423,0.491,10.097,0.449,29.771,0.491,13.23,0.449,22.664,0.956,12.586,0.642,19.731,0.065,9.035,0.142,18.512,0.538,15.284,0.509,24.882,0.36,24.611,0.644,27.227,0.36,14.771,0.644,15.176,0.024,15.308,0.12,15.569,0.024,13.85,0.12,15.589,1.991,10.328,3.139,34.21,0.839,44.499,1.931,13.215,0.122,13.497,0.134,10.939,0.12,9.927,0.152,74.88,0.37,49.822,0.542
21.3,0.045,10.743,0.055,23.829,0.449,10.238,0.462,29.892,0.449,13.429,0.462,22.78,0.864,12.591,0.616,19.521,0.078,9.021,0.153,18.347,0.567,15.227,0.585,24.499,0.329,24.344,0.604,27.165,0.329,14.824,0.604,15.014,0.036,15.362,0.113,15.504,0.036,13.993,0.113,15.777,2.04,10.46,3.078,34.046,0.824,44.423,1.893,13.345,0.104,13.583,0.139,11.136,0.109,10.099,0.187,77.192,0.318,51.676,0.538
21.413,0.04,10.752,0.073,24.26,0.427,10.513,0.469,30.142,0.427,13.584,0.469,22.527,0.904,12.565,0.671,19.869,0.058,9.227,0.144,18.167,0.573,15.176,0.545,24.637,0.365,24.463,0.616,27.02,0.365,14.847,0.616,15.103,0.033,15.482,0.113,15.315,0.033,13.874,0.113,15.659,2.101,10.33,3.029,34.054,0.85,44.156,1.873,13.461,0.109,13.578,0.117,11.114,0.112,9.95,0.159,75.464,0.389,51.634,0.566
21.403,0.047,10.896,0.082,24.593,0.455,10.637,0.431,30.079,0.455,13.734,0.431,22.341,0.898,12.418,0.609,19.521,0.1,9.198,0.147,18.079,0.576,15.187,0.524,24.359,0.358,24.542,0.645,26.833,0.358,14.915,0.645,14.952,0.036,15.385,0.127,15.355,0.036,13.857,0.127,15.458,2.236,10.101,3.308,33.98,0.801,44.063,1.929,13.447,0.101,13.579,0.126,10.983,0.092,10.277,0.152,74.965,0.389,51.35,0.643
21.316,0.022,10.863,0.051,24.484,0.375,10.675,0.44,30.103,0.375,13.732,0.44,22.61,0.918,12.648,0.605,19.512,0.076,9.249,0.165,17.914,0.569,15.212,0.553,24.511,0.42,24.678,0.647,26.955,0.42,15.094,0.647,15.024,0.036,15.5,0.125,15.346,0.036,14.027,0.125,15.157,1.837,9.959,3.114,34.298,0.875,44.303,1.922,13.365,0.117,13.586,0.139,10.964,0.101,10.242,0.185,75.841,0.366,52.201,0.602
21.331,0.038,10.918,0.08,24.246,0.389,10.642,0.485,30.084,0.389,13.821,0.485,22.049,0.945,12.403,0.644,19.731,0.06,9.399,0.162,17.987,0.565,15.331,0.553,24.582,0.347,24.582,0.636,26.977,0.347,15.139,0.636,14.983,0.044,15.364,0.116,15.605,0.044,14.257,0.116,14.842,1.986,9.8,3.071,34.148,0.786,44.174,1.862,13.355,0.106,13.464,0.133,11.083,0.127,10.425,0.212,77.231,0.349,53.371,0.562
21.352,0.042,10.966,0.056,24.275,0.444,10.618,0.495,30.018,0.444,13.93,0.495,22.143,0.967,12.476,0.695,19.84,0.064,9.472,0.14,18.101,0.562,15.491,0.582,24.668,0.424,24.634,0.605,27.265,0.424,15.273,0.605,15.045,0.016,15.401,0.115,15.706,0.016,14.211,0.115,14.951,1.955,9.91,3.034,34.051,0.877,43.943,1.893,13.278,0.173,13.442,0.12,10.817,0.188,10.162,0.187,77.11,0.414,53.499,0.525
21.231,0.04,11.101,0.06,24.234,0.435,10.62,0.485,29.987,0.435,13.964,0.485,21.906,0.991,12.367,0.575,19.733,0.071,9.475,0.131,17.954,0.545,15.365,0.565,24.662,0.415,24.851,0.636,27.326,0.415,15.436,0.636,15.225,0.033,15.459,0.095,15.655,0.033,14.29,0.095,15.062,2.005,9.934,3.426,33.99,0.893,44.232,1.808,13.239,0.117,13.381,0.136,11.146,0.125,10.627,0.159,76.954,0.41,53.783,0.581
21.333,0.038,11.056,0.064,23.856,0.504,10.545,0.558,29.961,0.504,13.974,0.558,21.937,1.004,12.495,0.605,19.622,0.075,9.536,0.138,17.703,0.511,15.341,0.545,24.632,0.422,24.702,0.605,27.308,0.422,15.385,0.605,15.06,0.035,15.432,0.105,15.735,0.035,14.17,0.105,15.186,2.076,9.936,3.109,34.103,0.783,44.344,1.808,13.112,0.109,13.349,0.144,11.061,0.139,10.624,0.154,75.788,0.392,53.776,0.579
21.316,0.042,11.126,0.071,23.948,0.502,10.59,0.458,29.967,0.502,14.052,0.458,21.666,0.902,12.407,0.682,19.802,0.067,9.745,0.155,17.581,0.482,15.428,0.522,24.789,0.404,24.565,0.615,27.268,0.404,15.495,0.615,15.09,0.027,15.322,0.129,15.547,0.027,14.217,0.129,15.3,2.21,9.957,3.159,33.822,0.812,44.247,1.759,13.082,0.109,13.397,0.141,11.174,0.147,10.719,0.17,75.757,0.387,54,0.624
21.316,0.042,11.163,0.069,23.88,0.427,10.529,0.38,29.955,0.427,14.006,0.38,21.599,0.973,12.495,0.645,19.311,0.053,9.602,0.145,17.433,0.502,15.363,0.564,24.935,0.378,24.752,0.676,27.476,0.378,15.762,0.676,15.253,0.027,15.541,0.095,15.5,0.027,14.152,0.095,15.338,2.1,10.094,3.264,34.001,0.775,44.424,1.623,13.155,0.115,13.341,0.136,11.179,0.163,10.61,0.23,74.801,0.405,53.799,0.614
21.488,0.035,11.193,0.056,23.918,0.562,10.574,0.542,30.01,0.562,14.068,0.542,21.801,0.927,12.571,0.665,19.566,0.062,9.846,0.149,17.417,0.509,15.43,0.575,24.923,0.444,24.905,0.696,27.518,0.444,15.744,0.696,15.278,0.036,15.449,0.133,15.628,0.036,14.06,0.133,15.11,1.986,9.943,3.236,34.157,0.87,44.637,1.928,13.163,0.114,13.413,0.134,10.844,0.116,10.329,0.214,72.4,0.49,52.914,0.661
21.582,0.025,11.27,0.06,24.197,0.513,10.739,0.471,30.057,0.513,14.168,0.471,21.893,0.902,12.707,0.596,19.834,0.067,9.979,0.158,17.271,0.56,15.406,0.564,24.647,0.422,24.583,0.62,27.412,0.422,15.702,0.62,15.241,0.027,15.188,0.113,15.578,0.027,14.16,0.113,15.215,2.105,9.988,3.409,34.031,0.851,44.284,1.848,13.062,0.09,13.283,0.128,10.782,0.103,10.41,0.178,71.506,0.469,52.745,0.659
21.582,0.036,11.276,0.044,24.491,0.455,10.81,0.547,30.28,0.455,14.249,0.547,21.807,0.949,12.657,0.622,19.915,0.071,10.125,0.144,17.277,0.518,15.428,0.556,24.748,0.407,24.559,0.66,27.347,0.407,15.834,0.66,15.099,0.029,15.285,0.098,15.468,0.029,13.983,0.098,15.146,2.15,10.059,3.458,34.095,0.803,44.516,1.793,12.993,0.128,13.176,0.138,10.942,0.094,10.4,0.141,74.239,0.469,54.873,0.654
21.392,0.033,11.342,0.042,24.361,0.524,10.845,0.556,30.254,0.524,14.29,0.556,22.057,0.967,12.592,0.664,19.135,0.065,9.932,0.149,17.285,0.5,15.492,0.505,24.69,0.313,24.498,0.653,27.304,0.313,15.898,0.653,15.038,0.031,15.255,0.096,15.393,0.031,14.221,0.096,15.077,2.192,10.055,3.326,34.087,0.752,44.631,1.665,12.918,0.122,13.201,0.155,10.738,0.076,10.238,0.194,75.969,0.363,55.888,0.592
21.572,0.056,11.316,0.06,24.134,0.404,10.681,0.495,30.154,0.404,14.163,0.495,22.202,0.956,12.32,0.649,19.082,0.065,9.814,0.14,17.038,0.529,15.349,0.464,24.657,0.422,24.606,0.62,27.185,0.422,15.842,0.62,15.031,0.033,15.065,0.113,15.455,0.033,14.128,0.113,14.977,2.139,9.416,3.319,33.997,0.719,44.534,1.775,12.864,0.094,13.138,0.152,10.505,0.118,10.062,0.199,76.174,0.373,55.341,0.536
21.525,0.036,11.269,0.056,23.938,0.462,10.561,0.504,30.259,0.462,14.18,0.504,21.811,0.913,11.944,0.644,19.535,0.08,9.943,0.144,16.983,0.54,15.192,0.529,24.472,0.415,23.837,0.638,27.206,0.415,15.717,0.638,15.154,0.027,14.619,0.105,15.309,0.027,13.805,0.105,14.66,2.192,8.888,3.601,33.917,0.777,44.712,1.815,12.694,0.126,13.001,0.112,10.539,0.094,9.944,0.178,74.764,0.426,54.373,0.648
21.583,0.029,11.181,0.071,24.207,0.44,10.671,0.531,30.194,0.44,14.124,0.531,21.568,0.911,11.662,0.627,19.351,0.062,9.79,0.127,16.787,0.518,14.962,0.52,24.488,0.44,22.83,0.636,27.12,0.44,15.562,0.636,15.2,0.024,14.019,0.069,15.476,0.024,13.332,0.069,14.71,2.105,8.841,3.357,34.045,0.73,44.709,1.627,12.814,0.096,12.959,0.146,10.473,0.129,9.851,0.176,72.979,0.466,53.097,0.65
21.374,0.033,11.043,0.058,23.845,0.467,10.501,0.489,30.254,0.467,14.024,0.489,21.3,0.931,11.397,0.631,18.539,0.067,9.396,0.153,16.845,0.515,14.661,0.529,24.679,0.378,22.291,0.611,27.334,0.378,15.391,0.611,15.245,0.035,13.778,0.093,15.551,0.035,12.968,0.093,14.67,2.143,8.732,3.236,33.803,0.649,43.338,1.605,12.605,0.088,12.471,0.146,10.225,0.091,9.736,0.168,73.474,0.483,53.257,0.688
21.578,0.044,11.021,0.076,24.23,0.362,10.606,0.418,30.387,0.362,14.009,0.418,21.271,1.036,11.213,0.645,18.774,0.064,9.423,0.14,16.759,0.544,14.448,0.571,24.748,0.511,21.916,0.722,27.274,0.511,15.179,0.722,15.122,0.033,13.386,0.089,15.399,0.033,12.736,0.089,14.436,2.042,8.417,3.344,33.611,0.712,41.569,1.484,12.378,0.101,11.979,0.152,10.452,0.083,9.781,0.158,72.004,0.454,52.558,0.696
21.622,0.027,10.922,0.055,24.406,0.353,10.617,0.451,30.446,0.353,13.989,0.451,21.151,0.924,11.134,0.604,18.699,0.071,9.401,0.155,16.654,0.529,14.263,0.542,24.792,0.444,21.411,0.68,27.368,0.444,15.092,0.68,15.08,0.044,12.93,0.105,15.527,0.044,12.47,0.105,14.683,2.096,8.411,3.447,33.87,0.728,40.685,1.542,12.473,0.099,11.599,0.131,10.429,0.105,9.66,0.161,69.839,0.498,51.407,0.734
21.554,0.033,10.852,0.082,24.601,0.467,10.801,0.495,30.423,0.467,13.991,0.495,21.59,0.893,11.161,0.589,19.114,0.073,9.459,0.167,16.517,0.565,14.135,0.531,24.571,0.464,20.767,0.738,27.169,0.464,14.865,0.738,15.016,0.015,12.654,0.113,15.394,0.015,11.958,0.113,14.445,2.111,8.221,3.346,34.032,0.649,39.678,1.591,12.335,0.091,11.263,0.107,10.388,0.103,9.712,0.145,69.304,0.501,51.054,0.715
21.54,0.029,10.637,0.075,24.696,0.42,10.822,0.482,30.505,0.42,13.929,0.482,21.953,0.982,11.163,0.658,18.679,0.078,9.39,0.144,16.452,0.551,13.938,0.538,24.63,0.429,20.516,0.656,27.242,0.429,14.854,0.656,15.071,0.038,12.662,0.113,15.479,0.038,11.949,0.113,14.85,2.174,8.287,3.348,33.808,0.639,38.699,1.616,12.274,0.118,10.966,0.139,10.402,0.056,9.561,0.172,68.796,0.469,50.583,0.8
21.596,0.031,10.618,0.062,24.571,0.489,10.686,0.487,30.465,0.489,13.776,0.487,21.69,0.955,10.982,0.667,18.184,0.071,9.149,0.144,16.439,0.527,13.812,0.509,24.696,0.48,20.453,0.673,27.292,0.48,14.626,0.673,14.843,0.022,12.276,0.104,15.309,0.022,11.683,0.104,14.551,2.036,8.074,3.223,33.825,0.668,38.348,1.406,12.211,0.085,10.736,0.125,10.35,0.082,9.637,0.181,68.493,0.536,50.548,0.734
21.606,0.027,10.541,0.064,24.302,0.553,10.636,0.529,30.466,0.553,13.738,0.529,21.477,0.945,10.843,0.633,18.481,0.056,9.265,0.135,16.474,0.56,13.699,0.544,24.599,0.493,19.789,0.669,27.046,0.493,14.462,0.669,14.961,0.031,12.211,0.125,15.301,0.031,11.591,0.125,14.108,1.971,7.819,3.301,33.699,0.708,37.924,1.435,12.247,0.112,10.448,0.125,10.473,0.089,9.749,0.179,69.525,0.498,51.05,0.768
21.564,0.027,10.497,0.051,24.247,0.411,10.679,0.46,30.414,0.411,13.697,0.46,21.774,0.904,10.89,0.591,18.301,0.058,9.181,0.142,16.391,0.485,13.493,0.564,24.281,0.433,19.635,0.624,27.045,0.433,14.417,0.624,15.002,0.042,11.908,0.115,15.235,0.042,11.259,0.115,14.603,1.984,7.951,3.293,33.875,0.688,37.646,1.447,12.391,0.098,10.304,0.13,10.439,0.085,9.653,0.152,70.258,0.47,51.327,0.765
21.584,0.035,10.505,0.087,24.498,0.418,10.687,0.507,30.577,0.418,13.662,0.507,21.268,0.962,10.624,0.685,18.663,0.067,9.336,0.145,16.291,0.565,13.458,0.524,24.486,0.529,19.46,0.711,27,0.529,14.172,0.711,14.612,0.044,11.853,0.113,15.227,0.044,11.097,0.113,14.608,2.007,7.903,3.239,33.912,0.707,36.986,1.395,12.247,0.112,10.103,0.112,10.265,0.051,9.568,0.21,71.879,0.507,52.472,0.72
21.617,0.04,10.486,0.073,24.041,0.493,10.456,0.535,30.295,0.493,13.617,0.535,21.538,0.987,10.579,0.6,17.993,0.071,9.078,0.145,16.215,0.485,13.295,0.464,24.437,0.456,19.253,0.693,27.199,0.456,14.123,0.693,14.901,0.022,11.703,0.116,15.208,0.022,11.117,0.116,14.253,2.002,7.767,3.384,33.788,0.629,36.724,1.475,12.193,0.117,10.026,0.106,10.236,0.091,9.53,0.163,74.072,0.394,53.741,0.746
21.648,0.024,10.335,0.053,23.992,0.476,10.442,0.489,30.442,0.476,13.527,0.489,21.401,0.918,10.364,0.638,18.299,0.053,9.276,0.133,16.149,0.589,13.1,0.569,24.587,0.464,18.889,0.591,27.05,0.464,14.035,0.591,14.693,0.031,11.573,0.096,15.335,0.031,10.805,0.096,14.299,1.986,7.703,3.288,33.579,0.63,36.198,1.38,12.057,0.12,9.756,0.112,10.109,0.089,9.548,0.167,75.641,0.418,54.8,0.664
21.598,0.04,10.377,0.076,24.066,0.427,10.383,0.482,30.407,0.427,13.423,0.482,21.194,0.887,10.27,0.573,18.494,0.045,9.306,0.158,15.978,0.551,12.911,0.54,24.574,0.5,18.926,0.675,27.059,0.5,13.976,0.675,14.969,0.038,11.484,0.118,15.418,0.038,10.812,0.118,13.657,1.803,7.27,3.295,33.592,0.571,35.803,1.542,12.167,0.118,9.644,0.131,10.141,0.089,9.49,0.163,73.728,0.488,53.71,0.704
21.611,0.056,10.227,0.053,23.642,0.475,10.24,0.527,30.329,0.475,13.431,0.527,21.456,0.929,10.306,0.667,18.687,0.069,9.352,0.131,15.783,0.513,12.863,0.496,24.395,0.509,18.66,0.704,27.045,0.509,13.885,0.704,14.973,0.033,11.457,0.073,15.2,0.033,10.682,0.073,13.601,1.933,7.244,3.418,33.565,0.571,35.487,1.355,11.963,0.11,9.475,0.099,10.266,0.096,9.414,0.141,73.008,0.451,53.438,0.787
21.584,0.035,10.179,0.038,23.832,0.54,10.313,0.502,30.36,0.54,13.295,0.502,21.433,0.929,10.203,0.58,18.072,0.042,9.166,0.156,15.842,0.52,12.821,0.498,24.45,0.509,18.507,0.689,27.06,0.509,13.83,0.689,15.012,0.022,11.502,0.102,15.279,0.022,10.616,0.102,13.999,2.004,7.335,3.373,33.564,0.558,34.724,1.259,11.909,0.123,9.29,0.118,10.099,0.096,9.468,0.174,72.685,0.462,53.199,0.765
21.506,0.027,10.173,0.082,24.015,0.364,10.369,0.513,30.372,0.364,13.184,0.513,21.467,1.002,10.177,0.64,18.667,0.065,9.436,0.116,15.785,0.549,12.679,0.498,24.379,0.44,18.214,0.629,26.998,0.44,13.801,0.629,14.702,0.031,11.178,0.115,15.382,0.031,10.625,0.115,14.243,1.978,7.368,3.4,33.329,0.611,34.318,1.272,11.92,0.107,9.229,0.147,10.216,0.078,9.532,0.181,70.803,0.491,52.352,0.762
21.569,0.042,10.106,0.049,24.238,0.385,10.391,0.493,30.517,0.385,13.372,0.493,21.523,0.984,10.104,0.64,18.333,0.055,9.336,0.145,15.746,0.529,12.643,0.54,24.263,0.491,18.176,0.715,27.048,0.491,13.727,0.715,15.063,0.02,11.019,0.111,15.159,0.02,10.458,0.111,14.18,1.922,7.244,3.391,33.624,0.592,34.109,1.252,11.909,0.102,9.12,0.139,10.01,0.098,9.398,0.159,73.365,0.451,53.771,0.75
21.456,0.045,10.123,0.069,24.345,0.489,10.446,0.487,30.63,0.489,13.326,0.487,20.913,0.942,9.817,0.627,18.268,0.075,9.276,0.149,15.682,0.5,12.419,0.516,24.47,0.593,18.211,0.702,27.023,0.593,13.664,0.702,15.035,0.027,11.302,0.109,15.222,0.027,10.382,0.109,14.173,1.924,7.249,3.31,33.422,0.58,33.986,1.232,11.839,0.123,9.081,0.144,9.966,0.074,9.395,0.167,70.923,0.517,52.75,0.8
21.606,0.042,10.054,0.053,24.25,0.509,10.43,0.48,30.385,0.509,13.238,0.48,20.691,0.88,9.625,0.56,17.736,0.053,9.172,0.14,15.583,0.533,12.425,0.502,24.242,0.482,17.775,0.762,26.747,0.482,13.528,0.762,14.848,0.036,11.131,0.105,15.096,0.036,10.016,0.105,14.258,1.995,7.278,3.326,33.251,0.634,33.918,1.199,11.924,0.128,9.041,0.125,9.852,0.069,9.264,0.176,70.216,0.533,51.969,0.773
21.504,0.038,10.1,0.058,23.949,0.451,10.306,0.46,30.112,0.451,13.103,0.46,20.89,1.029,9.648,0.656,18.028,0.049,9.291,0.153,15.495,0.551,12.321,0.478,23.919,0.491,17.608,0.655,26.652,0.491,13.472,0.655,14.727,0.025,10.841,0.096,15.002,0.025,10.17,0.096,14.329,1.904,7.244,3.301,33.267,0.585,33.749,1.181,11.941,0.104,8.971,0.106,9.903,0.083,9.38,0.159,74.442,0.456,54.591,0.693
21.511,0.027,10.11,0.047,23.693,0.622,10.256,0.544,30.072,0.622,13.165,0.544,20.981,0.929,9.702,0.625,17.664,0.055,9.115,0.151,15.368,0.447,12.233,0.489,24.302,0.504,17.674,0.756,26.716,0.504,13.532,0.756,14.623,0.038,10.932,0.113,15.056,0.038,10.037,0.113,14.528,1.982,7.338,3.303,33.127,0.647,33.323,1.203,11.928,0.099,8.96,0.115,9.953,0.098,9.335,0.167,74.549,0.486,54.786,0.749
21.568,0.042,10.07,0.058,23.795,0.493,10.285,0.533,30.124,0.493,13.072,0.533,20.979,0.94,9.57,0.611,17.928,0.045,9.25,0.133,15.536,0.538,12.143,0.509,24.215,0.453,17.39,0.725,26.757,0.453,13.474,0.725,14.72,0.022,10.953,0.115,15.078,0.022,10.058,0.115,14.196,2.047,7.211,3.415,32.977,0.54,32.856,1.111,11.748,0.125,8.914,0.142,9.824,0.071,9.359,0.178,74.006,0.472,54.371,0.766
21.394,0.047,10.008,0.047,23.535,0.455,10.154,0.425,29.921,0.455,13.017,0.425,20.881,0.962,9.463,0.589,17.496,0.055,9.14,0.164,15.307,0.516,12.165,0.522,23.939,0.476,17.247,0.693,26.599,0.476,13.278,0.693,14.616,0.042,10.746,0.091,14.761,0.042,9.764,0.091,13.519,1.924,6.87,3.286,33.065,0.567,32.915,1.223,11.771,0.128,8.834,0.109,9.821,0.078,9.353,0.172,74.062,0.474,54.542,0.744
21.522,0.02,10.022,0.062,23.524,0.556,10.145,0.455,30.039,0.556,13.013,0.455,20.992,0.893,9.467,0.633,17.505,0.075,9.123,0.151,15.136,0.444,12.024,0.507,24.017,0.549,16.962,0.72,26.533,0.549,13.25,0.72,14.492,0.033,10.74,0.127,15.046,0.033,9.858,0.127,13.485,1.986,6.871,3.292,32.831,0.509,32.676,1.197,11.716,0.094,8.826,0.104,9.819,0.096,9.341,0.19,71.842,0.522,53.129,0.803
21.566,0.038,10.085,0.067,23.86,0.451,10.255,0.556,29.978,0.451,13.029,0.556,20.732,0.845,9.349,0.575,17.43,0.058,9.168,0.127,15.057,0.485,11.94,0.393,23.859,0.491,16.921,0.707,26.433,0.491,13.138,0.707,14.767,0.025,10.772,0.084,14.793,0.025,9.659,0.084,13.552,2.04,6.913,3.321,32.739,0.549,32.274,1.163,11.658,0.122,8.674,0.123,9.846,0.089,9.334,0.176,69.808,0.501,52.445,0.794
21.419,0.033,9.97,0.062,23.933,0.436,10.239,0.542,30.019,0.436,13.044,0.542,20.682,1.007,9.311,0.671,17.601,0.055,9.259,0.113,15.143,0.502,11.916,0.487,23.666,0.562,16.748,0.687,26.237,0.562,13.203,0.687,14.48,0.025,10.716,0.091,14.7,0.025,9.633,0.091,13.283,1.987,6.746,3.154,32.666,0.484,31.987,1.129,11.596,0.106,8.61,0.112,9.745,0.076,9.352,0.176,69.348,0.568,51.839,0.854
21.371,0.047,9.916,0.058,24.298,0.409,10.37,0.438,30.236,0.409,13.121,0.438,20.555,0.971,9.245,0.655,17.24,0.056,9.146,0.147,14.953,0.538,11.847,0.547,23.959,0.484,16.965,0.713,26.631,0.484,13.255,0.713,14.691,0.031,10.657,0.102,14.836,0.031,9.702,0.102,13.317,1.984,6.727,3.279,32.56,0.5,31.689,1.089,11.658,0.093,8.623,0.109,9.816,0.063,9.307,0.185,71.493,0.486,53.092,0.789
21.434,0.031,9.937,0.056,24.255,0.445,10.295,0.484,30.241,0.445,13.123,0.484,20.932,1.011,9.428,0.591,17.059,0.042,9.031,0.149,14.934,0.515,11.901,0.524,24.235,0.491,16.982,0.72,26.784,0.491,13.372,0.72,14.809,0.025,10.56,0.111,15.013,0.025,9.642,0.111,13.084,2.031,6.688,3.165,32.619,0.48,31.778,1.101,11.618,0.098,8.653,0.15,9.855,0.06,9.335,0.196,69.262,0.531,51.86,0.878
21.429,0.033,9.979,0.058,24.218,0.551,10.311,0.542,30.294,0.551,13.005,0.542,20.594,0.907,9.276,0.633,17.65,0.078,9.341,0.14,14.8,0.475,11.796,0.525,24.23,0.465,16.941,0.669,26.706,0.465,13.253,0.669,14.698,0.025,10.608,0.12,15.069,0.025,9.547,0.12,13.42,1.955,6.722,3.274,32.444,0.438,31.331,1.031,11.483,0.083,8.481,0.136,9.481,0.067,9.184,0.192,70.065,0.472,52.495,0.87
21.442,0.045,9.949,0.069,24.464,0.464,10.323,0.46,30.305,0.464,13.039,0.46,20.75,0.94,9.366,0.595,17.054,0.056,9.123,0.124,14.751,0.515,11.685,0.467,24.055,0.56,16.735,0.795,26.705,0.56,13.254,0.795,14.76,0.027,10.589,0.08,15.189,0.027,9.464,0.08,13.424,1.971,6.654,3.221,32.36,0.469,31.239,1.067,11.403,0.102,8.542,0.093,9.714,0.087,9.292,0.139,72.742,0.432,54.595,0.786
21.379,0.04,9.925,0.065,24.404,0.485,10.371,0.533,30.297,0.485,13.128,0.533,21.046,0.927,9.429,0.702,17.24,0.056,9.177,0.118,14.686,0.482,11.682,0.465,24.174,0.476,16.391,0.78,26.644,0.476,13.112,0.78,14.521,0.016,10.479,0.12,14.923,0.016,9.428,0.12,13.075,1.841,6.64,3.196,32.118,0.435,31.031,0.918,11.336,0.109,8.492,0.126,9.727,0.067,9.308,0.19,71.765,0.458,53.989,0.814
21.322,0.035,9.907,0.049,24.561,0.467,10.37,0.513,30.409,0.467,13.091,0.513,20.562,0.933,9.284,0.645,17.519,0.045,9.383,0.147,14.687,0.489,11.703,0.502,23.845,0.52,16.441,0.731,26.502,0.52,13.185,0.731,14.634,0.035,10.35,0.095,14.788,0.035,9.465,0.095,12.938,1.844,6.521,3.181,32.247,0.482,30.811,1,11.445,0.13,8.606,0.112,9.608,0.082,9.217,0.192,71.039,0.523,53.635,0.918
21.165,0.038,9.851,0.051,24.57,0.515,10.376,0.524,30.29,0.515,12.993,0.524,20.461,0.989,9.302,0.635,17.176,0.067,9.226,0.098,14.436,0.498,11.574,0.505,23.587,0.556,16.288,0.727,26.417,0.556,13.131,0.727,14.577,0.033,10.409,0.098,14.954,0.033,9.39,0.098,13.232,1.929,6.655,3.225,31.975,0.469,30.788,0.875,11.274,0.106,8.458,0.11,9.516,0.096,9.286,0.201,71.821,0.566,53.731,0.938
21.155,0.036,9.855,0.055,24.333,0.505,10.342,0.569,30.134,0.505,13.005,0.569,20.57,0.945,9.342,0.749,17.747,0.044,9.494,0.169,14.436,0.527,11.551,0.515,23.675,0.535,16.254,0.742,26.327,0.535,13.11,0.742,14.431,0.027,10.255,0.093,14.888,0.027,9.287,0.093,12.863,1.98,6.481,3.328,31.903,0.424,30.731,0.949,11.297,0.094,8.551,0.099,9.68,0.083,9.356,0.154,71.41,0.509,53.504,0.797
20.992,0.038,9.864,0.06,24.392,0.431,10.361,0.545,30.222,0.431,13.061,0.545,20.7,0.993,9.366,0.649,17.166,0.051,9.352,0.138,14.424,0.504,11.645,0.529,23.969,0.495,16.291,0.72,26.609,0.495,13.201,0.72,14.519,0.035,10.451,0.107,14.903,0.035,9.236,0.107,12.825,1.897,6.47,3.129,31.91,0.505,30.937,1.009,11.352,0.101,8.556,0.126,9.343,0.072,9.102,0.185,71.813,0.458,53.383,0.781
21.043,0.06,9.772,0.047,24.262,0.515,10.262,0.485,30.109,0.515,13.019,0.485,20.644,0.996,9.358,0.616,17.682,0.055,9.536,0.136,14.564,0.489,11.554,0.467,23.769,0.465,16.064,0.704,26.462,0.465,13.233,0.704,14.553,0.018,10.286,0.131,15.066,0.018,9.221,0.131,12.651,1.958,6.371,3.163,31.6,0.435,30.751,0.951,11.252,0.11,8.427,0.134,9.395,0.067,9.262,0.188,71.051,0.501,53.097,0.805
20.989,0.035,9.873,0.058,24.174,0.458,10.231,0.52,29.914,0.458,12.977,0.52,20.797,1.045,9.398,0.624,17.156,0.056,9.252,0.122,14.492,0.502,11.582,0.498,23.659,0.493,16.128,0.736,26.53,0.493,13.118,0.736,14.558,0.018,10.174,0.084,14.934,0.018,9.26,0.084,12.102,1.793,6.238,3.237,31.667,0.464,30.457,0.962,11.212,0.101,8.479,0.094,9.573,0.105,9.336,0.196,68.591,0.624,51.386,1.006
21.01,0.042,9.925,0.053,23.447,0.471,9.967,0.535,29.49,0.471,12.883,0.535,20.462,0.995,9.242,0.585,16.951,0.087,9.318,0.118,14.364,0.545,11.428,0.498,23.644,0.54,15.84,0.744,26.374,0.54,13.023,0.744,14.476,0.015,10.157,0.091,14.688,0.015,9.046,0.091,11.951,1.795,6.226,3.192,31.624,0.413,30.307,0.966,11.101,0.093,8.419,0.117,9.234,0.069,9.227,0.163,67.399,0.566,50.856,0.96
20.84,0.038,9.873,0.076,23.877,0.498,10.17,0.505,29.745,0.498,12.979,0.505,20.173,0.907,9.22,0.627,17.411,0.053,9.416,0.147,14.185,0.422,11.416,0.48,23.459,0.549,15.803,0.753,26.28,0.549,12.973,0.753,14.399,0.027,10.064,0.125,14.647,0.027,9.16,0.125,11.996,1.908,6.267,3.167,31.327,0.397,30.238,0.875,11.109,0.115,8.36,0.126,9.367,0.065,9.279,0.156,70.297,0.53,52.46,0.875
20.741,0.035,9.924,0.085,24.181,0.529,10.336,0.556,30.029,0.529,13.022,0.556,19.865,0.896,9.031,0.598,17.303,0.058,9.411,0.165,14.112,0.491,11.38,0.505,23.488,0.551,15.969,0.76,26.287,0.551,13.07,0.76,14.273,0.035,10.029,0.087,14.455,0.035,9.075,0.087,11.963,1.781,6.269,3.181,31.382,0.411,30.103,0.993,11.075,0.096,8.377,0.096,9.182,0.067,9.138,0.187,72.674,0.536,53.942,0.814
20.658,0.035,9.84,0.069,24.452,0.485,10.388,0.52,30.097,0.485,13.115,0.52,19.873,0.955,9.029,0.684,16.804,0.053,9.254,0.149,14.185,0.518,11.547,0.485,23.308,0.516,15.781,0.727,26.336,0.516,12.995,0.727,14.384,0.044,10.019,0.093,14.758,0.044,9.036,0.093,11.99,1.855,6.327,3.161,31.395,0.397,29.9,0.857,10.882,0.12,8.302,0.131,9.214,0.067,9.024,0.172,70.236,0.195,52.567,0.43
20.634,0.029,9.837,0.073,24.169,0.471,10.247,0.602,29.944,0.471,13.147,0.602,19.397,0.951,8.852,0.675,16.773,0.056,9.264,0.164,14.172,0.498,11.462,0.505,23.532,0.509,15.696,0.676,26.497,0.509,13.167,0.676,14.458,0.025,10.048,0.129,14.796,0.025,9.155,0.129,11.889,1.938,6.244,3.127,31.084,0.35,30.005,0.9,10.91,0.094,8.315,0.115,9.215,0.083,9.192,0.214,64.101,0.624,48.934,0.987
20.673,0.042,9.827,0.058,23.801,0.482,10.056,0.507,29.52,0.482,12.985,0.507,19.338,0.953,8.797,0.6,17.253,0.04,9.453,0.158,14.127,0.465,11.437,0.495,23.608,0.555,15.716,0.784,26.505,0.555,13.135,0.784,14.313,0.042,10.007,0.133,14.67,0.042,9.043,0.133,11.818,1.967,6.15,2.917,30.967,0.348,29.935,0.804,10.738,0.09,8.28,0.109,9.143,0.074,9.261,0.197,54.329,0.811,42.69,1.229
20.749,0.031,9.888,0.056,23.368,0.489,9.815,0.542,29.311,0.489,12.861,0.542,19.538,0.947,8.86,0.582,16.507,0.055,9.153,0.169,14.046,0.522,11.44,0.462,23.464,0.485,15.571,0.709,26.411,0.485,13.043,0.709,14.21,0.031,9.943,0.129,14.594,0.031,8.93,0.129,11.856,1.962,6.219,3.049,30.73,0.303,29.484,0.714,10.236,0.099,8.023,0.102,9.067,0.091,9.113,0.194,48.961,0.923,39.435,1.253
20.668,0.031,9.929,0.055,23.574,0.569,9.892,0.542,29.301,0.569,12.897,0.542,19.574,0.929,8.909,0.633,16.304,0.078,9.14,0.149,14.055,0.518,11.482,0.56,23.315,0.518,15.578,0.713,26.452,0.518,13.049,0.713,14.218,0.04,9.959,0.078,14.565,0.04,9.077,0.078,11.669,1.841,6.203,3.159,30.363,0.257,29.3,0.614,10.081,0.106,7.975,0.117,9.039,0.082,9.157,0.158,54.193,0.834,42.635,1.251
20.567,0.04,9.89,0.049,23.758,0.558,9.978,0.527,29.52,0.558,12.944,0.527,19.235,0.982,8.828,0.691,16.679,0.051,9.286,0.127,14.036,0.511,11.407,0.507,23.291,0.527,15.381,0.784,26.351,0.527,12.986,0.784,14.321,0.04,9.88,0.107,14.532,0.04,8.854,0.107,11.893,1.884,6.255,3.029,30.275,0.259,29.309,0.697,9.959,0.093,7.927,0.101,9.065,0.076,9.179,0.172,56.825,0.747,44.184,1.216
20.462,0.029,9.852,0.075,23.948,0.518,10.061,0.549,29.695,0.518,13.03,0.549,18.923,0.896,8.689,0.613,16.542,0.069,9.278,0.12,13.951,0.52,11.398,0.515,23.354,0.54,15.298,0.698,26.357,0.54,12.912,0.698,14.152,0.022,9.998,0.107,14.583,0.022,8.94,0.107,11.764,1.808,6.294,3.1,30.073,0.272,29.208,0.616,9.825,0.067,7.727,0.112,8.942,0.071,9.033,0.199,52.194,0.834,41.054,1.248
20.429,0.033,9.77,0.064,23.997,0.558,10.062,0.538,29.432,0.558,12.947,0.538,18.954,0.936,8.713,0.693,16.624,0.051,9.308,0.147,13.847,0.535,11.284,0.467,23.678,0.562,15.552,0.802,26.657,0.562,13.101,0.802,14.032,0.027,9.854,0.118,14.795,0.027,8.96,0.118,11.36,1.806,6.065,3.205,29.757,0.232,28.778,0.605,9.398,0.099,7.618,0.117,8.874,0.087,8.986,0.19,46.568,0.902,37.856,1.41
20.262,0.031,9.784,0.051,23.908,0.475,10.104,0.535,29.511,0.475,12.975,0.535,18.856,0.905,8.639,0.72,16.335,0.055,9.197,0.14,13.863,0.52,11.357,0.478,23.734,0.527,15.61,0.767,26.672,0.527,13.232,0.767,14.139,0.018,9.695,0.096,14.726,0.018,8.929,0.096,11.39,1.824,5.987,3.098,29.205,0.223,28.422,0.511,9.033,0.086,7.34,0.115,8.774,0.107,8.855,0.207,34.298,0.958,29.611,1.488
20.313,0.045,9.798,0.069,23.648,0.567,9.909,0.524,29.284,0.567,12.864,0.524,18.941,0.949,8.666,0.653,16.9,0.049,9.431,0.118,13.76,0.52,11.426,0.48,23.436,0.495,15.42,0.713,26.692,0.495,13.159,0.713,14.221,0.02,9.78,0.115,14.673,0.02,8.874,0.115,11.29,1.909,6.017,3.21,29.314,0.272,28.948,0.551,9.337,0.083,7.653,0.107,8.851,0.076,9.011,0.199,29.613,0.957,26.205,1.427
