6-Pgd_1-488,6-Pgd_1-BG,6-Pgd_1-568,6-Pgd_1-BG,6-Pgd_2-488,6-Pgd_2-BG,6-Pgd_2-568,6-Pgd_2-BG,6-Pgd_3-488,6-Pgd_3-BG,6-Pgd_3-568,6-Pgd_3-BG,6-Pgd_4-488,6-Pgd_4-BG,6-Pgd_4-568,6-Pgd_4-BG,6-Pgd_5-488,6-Pgd_5-BG,6-Pgd_5-568,6-Pgd_5-BG,6-Pgd_6-488,6-Pgd_6-BG,6-Pgd_6-568,6-Pgd_6-BG,6-Pgd_7-488,6-Pgd_7-BG,6-Pgd_7-568,6-Pgd_7-BG,6-Pgd_8-488,6-Pgd_8-BG,6-Pgd_8-568,6-Pgd_8-BG,6-Pgd_9-488,6-Pgd_9-BG,6-Pgd_9-568,6-Pgd_9-BG,6-Pgd_10-488,6-Pgd_10-BG,6-Pgd_10-568,6-Pgd_10-BG,6-Pgd_10-488,6-Pgd_10-BG,6-Pgd_10-568,6-Pgd_10-BG,6-Pgd_11-488,6-Pgd_11-BG,6-Pgd_11-568,6-Pgd_11-BG,6-Pgd_11-488,6-Pgd_11-BG,6-Pgd_11-568,6-Pgd_11-BG,6-Pgd_12-488,6-Pgd_12-BG,6-Pgd_12-568,6-Pgd_12-BG,6-Pgd_13-488,6-Pgd_13-BG,6-Pgd_13-568,6-Pgd_13-BG,6-Pgd_14-488,6-Pgd_14-BG,6-Pgd_14-568,6-Pgd_14-BG,6-Pgd_1-488,6-Pgd_1-BG,6-Pgd_1-568,6-Pgd_1-BG,6-Pgd_2-488,6-Pgd_2-BG,6-Pgd_2-568,6-Pgd_2-BG,6-Pgd_3-488,6-Pgd_3-BG,6-Pgd_3-568,6-Pgd_3-BG,6-Pgd_4-488,6-Pgd_4-BG,6-Pgd_4-568,6-Pgd_4-BG,6-Pgd_5-488,6-Pgd_5-BG,6-Pgd_5-568,6-Pgd_5-BG
25.599,0.233,8.28,0.417,24.166,0.233,10.834,0.417,34.522,0.747,9.748,0.533,35.547,0.831,9.55,0.875,41.097,0.831,10.078,0.875,18.996,0.036,19.076,0.119,6.985,0.033,4.521,0.064,29.901,0.069,19.37,0.178,34.833,2.403,20.258,1.267,26.309,0.064,16.766,0.147,23.48,0.064,15.949,0.147,20.479,0.786,9.446,0.611,21.072,0.786,10.807,0.611,20.867,0.064,12.833,0.192,15.444,0.025,11.234,0.158,21.718,0.022,10.691,0.05,30.009,0.397,11.737,0.58,23.909,0.442,11.574,0.696,16.804,0.295,11.662,0.583,12.173,0.043,8.441,0.063,12.862,0.132,8.011,0.152
25.81,0.336,8.214,0.558,22.991,0.336,10.56,0.558,33.552,0.653,9.519,0.486,35.307,0.706,9.667,0.939,40.772,0.706,9.803,0.939,19.307,0.022,19.579,0.086,7.028,0.036,4.484,0.092,30.213,0.069,20.307,0.181,35.096,2.458,19.895,1.208,26.616,0.061,16.605,0.164,23.4,0.061,15.711,0.164,20.854,0.761,9.664,0.594,20.973,0.761,10.905,0.594,21.003,0.056,12.876,0.244,15.382,0.058,10.825,0.128,21.563,0.019,10.447,0.078,29.817,0.356,11.555,0.578,24.21,0.327,11.619,0.673,16.945,0.317,11.115,0.576,10.97,0.036,7.508,0.091,12.48,0.166,7.963,0.159
25.566,0.314,8.182,0.639,23.038,0.314,10.731,0.639,28.589,0.606,8.229,0.439,34.436,0.633,9.751,0.675,38.036,0.633,9.23,0.675,19.277,0.042,19.568,0.142,7.005,0.031,4.498,0.056,29.972,0.058,20.536,0.2,34.65,2.339,19.618,1.258,26.63,0.072,16.52,0.136,23.226,0.072,15.34,0.136,20.768,0.814,9.565,0.597,21.038,0.814,10.941,0.597,20.859,0.056,12.689,0.183,15.333,0.042,10.677,0.128,21.62,0.033,10.272,0.097,29.778,0.304,11.302,0.478,24.039,0.34,11.378,0.626,17.001,0.265,11.112,0.617,11.007,0.032,7.262,0.091,12.528,0.125,8.035,0.177
25.47,0.306,8.129,0.561,22.965,0.306,10.809,0.561,27.738,0.619,7.946,0.467,34.202,0.608,9.853,0.667,37.463,0.608,8.98,0.667,19.299,0.036,19.723,0.069,7.083,0.042,4.543,0.075,29.957,0.053,20.62,0.167,34.765,2.453,19.463,1.347,26.649,0.1,16.416,0.172,23.089,0.1,15.129,0.172,21.568,0.769,9.92,0.619,21.086,0.769,10.915,0.619,20.649,0.058,12.541,0.203,15.341,0.025,10.658,0.117,21.582,0.039,10.204,0.053,29.787,0.311,11.076,0.49,24.011,0.376,11.355,0.687,16.982,0.263,11.102,0.58,10.858,0.034,7.377,0.091,12.44,0.134,8.086,0.172
25.36,0.311,8.08,0.542,22.855,0.311,10.81,0.542,27.338,0.547,7.911,0.386,34.144,0.642,9.967,0.619,37.214,0.642,8.911,0.619,19.357,0.036,19.583,0.103,7.055,0.025,4.536,0.069,30.169,0.069,20.733,0.181,34.626,2.556,19.372,1.192,26.698,0.086,16.193,0.122,22.969,0.086,14.967,0.122,20.7,0.831,9.564,0.592,20.955,0.831,10.918,0.592,20.568,0.056,12.39,0.186,15.298,0.019,10.595,0.114,21.625,0.014,10.183,0.05,29.695,0.338,10.858,0.583,23.955,0.404,11.169,0.683,16.999,0.268,11.228,0.56,11.436,0.027,7.632,0.061,12.38,0.181,8.223,0.147
25.263,0.325,7.939,0.531,22.852,0.325,10.72,0.531,27.348,0.603,7.814,0.356,34.149,0.586,9.867,0.628,37.158,0.586,8.673,0.628,19.297,0.056,19.573,0.078,7.041,0.039,4.573,0.056,30.225,0.047,20.651,0.192,34.643,2.378,19.148,1.261,26.584,0.097,15.834,0.147,22.947,0.097,14.667,0.147,20.965,0.803,9.594,0.6,21.061,0.803,10.894,0.6,20.394,0.056,12.287,0.181,15.338,0.022,10.499,0.108,21.648,0.019,10.143,0.072,29.708,0.336,10.666,0.524,23.741,0.361,11.014,0.739,17.092,0.293,11.31,0.621,11.303,0.048,7.523,0.091,12.539,0.127,8.214,0.168
25.159,0.272,7.881,0.467,22.892,0.272,10.6,0.467,27.006,0.561,7.792,0.428,34.008,0.675,9.935,0.656,37.069,0.675,8.471,0.656,19.265,0.039,19.471,0.125,7.131,0.022,4.611,0.053,30.118,0.078,20.391,0.15,34.898,2.486,18.914,1.325,26.628,0.078,15.583,0.158,22.94,0.078,14.304,0.158,20.875,0.844,9.437,0.606,20.792,0.844,10.668,0.606,20.296,0.058,12.058,0.186,15.312,0.064,10.301,0.114,21.717,0.025,9.922,0.067,29.724,0.34,10.426,0.56,23.891,0.383,10.867,0.712,16.96,0.329,11.321,0.544,11.198,0.05,7.262,0.086,12.508,0.132,8.326,0.159
25.131,0.286,7.677,0.528,22.779,0.286,10.365,0.528,27.029,0.542,7.736,0.458,33.968,0.661,9.976,0.653,36.876,0.661,8.397,0.653,19.331,0.031,19.506,0.117,7.088,0.039,4.586,0.069,30.034,0.044,20.036,0.164,34.552,2.533,18.569,1.308,26.544,0.081,15.321,0.158,22.648,0.081,14.045,0.158,20.841,0.806,9.271,0.597,20.845,0.806,10.529,0.597,20.153,0.056,11.785,0.2,15.256,0.042,10.12,0.103,21.731,0.031,9.725,0.072,29.953,0.336,10.15,0.488,23.896,0.358,10.642,0.63,17.063,0.268,11.332,0.571,10.868,0.048,7.226,0.082,12.555,0.168,8.417,0.17
25.106,0.244,7.549,0.542,22.87,0.244,10.171,0.542,27.095,0.597,7.736,0.414,33.881,0.583,10.012,0.65,36.92,0.583,8.418,0.65,19.299,0.053,19.237,0.125,7.143,0.022,4.626,0.047,30.07,0.056,19.854,0.211,34.832,2.469,18.201,1.281,26.32,0.092,14.96,0.167,22.807,0.092,13.849,0.167,20.746,0.756,9.139,0.578,20.938,0.756,10.369,0.578,20.165,0.064,11.503,0.175,15.301,0.019,9.95,0.078,21.7,0.033,9.604,0.056,29.906,0.322,9.873,0.524,24.041,0.281,10.636,0.628,16.95,0.259,11.287,0.644,11.113,0.036,7.134,0.075,11.759,0.116,6.992,0.154
25.19,0.331,7.364,0.503,22.8,0.331,9.865,0.503,27.029,0.622,7.698,0.419,33.876,0.6,10.157,0.658,36.644,0.6,8.257,0.658,19.281,0.036,19.061,0.086,7.128,0.025,4.583,0.056,30.092,0.067,19.541,0.192,34.943,2.514,17.841,1.306,26.435,0.072,14.599,0.136,22.903,0.072,13.637,0.136,21.367,0.786,9.267,0.606,20.912,0.786,10.091,0.606,20.156,0.075,11.319,0.211,15.22,0.025,9.663,0.131,21.556,0.028,9.339,0.069,29.955,0.347,9.711,0.562,24.052,0.329,10.507,0.624,17.022,0.277,11.181,0.59,11.064,0.057,7.069,0.082,12.004,0.1,6.715,0.159
25.267,0.311,7.229,0.511,22.827,0.311,9.62,0.511,26.908,0.536,7.643,0.428,33.85,0.619,10.138,0.617,36.694,0.619,8.215,0.617,19.311,0.033,18.684,0.117,7.124,0.028,4.472,0.044,30.028,0.061,19.071,0.194,35.107,2.447,17.55,1.225,26.308,0.075,14.3,0.169,22.752,0.075,13.123,0.169,21.033,0.736,8.91,0.711,20.997,0.736,10.063,0.711,20.111,0.064,11.11,0.211,15.186,0.031,9.431,0.144,21.674,0.014,9.211,0.058,29.996,0.263,9.479,0.451,24.168,0.329,10.246,0.612,17.111,0.261,11.078,0.56,10.657,0.048,6.858,0.082,11.978,0.141,6.554,0.177
25.266,0.289,7.123,0.469,22.993,0.289,9.37,0.469,26.942,0.611,7.628,0.478,33.872,0.594,10.297,0.656,36.636,0.594,8.038,0.656,19.298,0.025,18.271,0.111,7.192,0.025,4.44,0.056,30.114,0.047,18.8,0.244,35.108,2.433,17.204,1.164,26.257,0.097,13.86,0.172,22.919,0.097,12.908,0.172,21.167,0.756,8.954,0.514,20.762,0.756,9.904,0.514,20.001,0.05,10.933,0.197,15.19,0.044,9.299,0.122,21.582,0.031,8.965,0.061,29.938,0.259,9.191,0.365,24.174,0.302,10.094,0.585,17.066,0.256,10.946,0.556,10.56,0.027,6.796,0.084,12.039,0.138,6.523,0.136
25.38,0.283,6.991,0.475,23.159,0.283,9.26,0.475,26.96,0.625,7.647,0.417,33.897,0.581,10.216,0.614,36.698,0.581,7.983,0.614,19.41,0.039,17.992,0.125,7.209,0.025,4.359,0.058,30.258,0.078,18.482,0.183,35.462,2.428,16.843,1.353,26.618,0.042,13.672,0.167,22.928,0.042,12.512,0.167,21.667,0.792,9.038,0.644,20.883,0.792,9.87,0.644,19.927,0.069,10.717,0.231,15.07,0.042,9.033,0.125,21.618,0.022,8.806,0.081,30.066,0.245,8.988,0.447,24.128,0.286,9.892,0.549,17.024,0.231,10.791,0.551,10.71,0.036,6.625,0.102,12.027,0.104,6.312,0.204
25.49,0.35,6.844,0.483,23.344,0.35,9.123,0.483,26.803,0.697,7.566,0.503,33.9,0.658,10.246,0.614,36.684,0.658,7.913,0.614,19.339,0.019,17.593,0.072,7.204,0.036,4.35,0.083,30.255,0.067,18.185,0.203,35.277,2.506,16.344,1.194,26.405,0.083,13.216,0.153,23.053,0.083,12.308,0.153,20.826,0.789,8.63,0.569,20.808,0.789,9.809,0.569,19.882,0.056,10.584,0.25,14.974,0.044,8.835,0.078,21.511,0.008,8.71,0.056,29.813,0.268,8.785,0.385,24.116,0.356,9.708,0.553,17.085,0.281,10.775,0.517,10.66,0.036,6.531,0.075,11.827,0.116,6.075,0.202
25.373,0.253,6.807,0.514,23.235,0.253,9.024,0.514,26.861,0.592,7.556,0.461,33.756,0.556,10.357,0.717,36.659,0.556,7.925,0.717,19.381,0.022,17.252,0.081,7.265,0.019,4.259,0.033,30.162,0.081,17.74,0.183,35.708,2.364,16.145,1.289,26.427,0.094,12.882,0.153,23.176,0.094,12.181,0.153,20.879,0.744,8.585,0.581,20.831,0.744,9.728,0.581,19.758,0.05,10.458,0.169,14.976,0.05,8.709,0.1,21.376,0.025,8.52,0.086,29.959,0.252,8.645,0.385,24.222,0.27,9.635,0.501,17.172,0.247,10.689,0.605,10.633,0.036,6.489,0.068,11.737,0.113,5.893,0.163
25.539,0.269,6.693,0.497,23.415,0.269,8.886,0.497,27.036,0.567,7.52,0.478,33.997,0.661,10.463,0.694,36.735,0.661,7.786,0.694,19.387,0.036,16.92,0.103,7.196,0.031,4.257,0.044,30.319,0.075,17.623,0.2,35.647,2.322,15.951,1.269,26.541,0.069,12.641,0.169,22.799,0.069,11.874,0.169,20.897,0.747,8.539,0.517,20.846,0.747,9.705,0.517,19.734,0.061,10.299,0.167,14.898,0.053,8.571,0.089,21.429,0.028,8.428,0.05,29.751,0.259,8.535,0.385,24.133,0.297,9.515,0.463,17.011,0.234,10.525,0.574,10.561,0.041,6.533,0.059,11.727,0.104,5.848,0.156
25.493,0.236,6.606,0.497,23.247,0.236,8.874,0.497,26.881,0.636,7.508,0.444,33.95,0.597,10.453,0.628,36.674,0.597,7.755,0.628,19.346,0.033,16.533,0.1,7.26,0.014,4.243,0.05,30.404,0.067,17.445,0.197,35.6,2.497,15.632,1.219,26.576,0.064,12.286,0.156,23.135,0.064,11.844,0.156,20.937,0.822,8.544,0.628,20.921,0.822,9.705,0.628,19.725,0.089,10.126,0.181,14.988,0.044,8.501,0.125,21.444,0.028,8.41,0.064,29.862,0.218,8.414,0.383,24.17,0.206,9.429,0.562,17.03,0.274,10.581,0.601,11.025,0.05,6.647,0.063,11.641,0.104,5.671,0.163
25.456,0.353,6.539,0.519,23.228,0.353,8.739,0.519,27.058,0.631,7.462,0.397,33.924,0.619,10.588,0.664,36.945,0.619,7.68,0.664,19.373,0.036,16.271,0.086,7.338,0.033,4.186,0.069,30.487,0.078,17.366,0.192,35.746,2.403,15.485,1.261,26.786,0.1,12.347,0.167,22.932,0.1,11.58,0.167,20.981,0.817,8.56,0.619,20.921,0.817,9.697,0.619,19.694,0.039,9.975,0.189,14.944,0.044,8.37,0.117,21.579,0.011,8.324,0.086,29.599,0.22,8.278,0.37,23.99,0.256,9.286,0.472,17.011,0.234,10.556,0.542,10.186,0.045,6.319,0.075,11.557,0.15,5.462,0.179
25.503,0.289,6.494,0.481,23.288,0.289,8.679,0.481,27.187,0.642,7.463,0.386,34.136,0.617,10.622,0.689,37.119,0.617,7.72,0.689,19.485,0.025,16.031,0.114,7.319,0.014,4.147,0.053,30.401,0.056,17.093,0.158,35.698,2.272,15.216,1.303,26.673,0.1,11.978,0.131,22.896,0.1,11.455,0.131,20.69,0.708,8.388,0.608,20.755,0.708,9.69,0.608,19.617,0.061,9.886,0.128,14.96,0.031,8.296,0.122,21.646,0.028,8.379,0.092,29.64,0.231,8.227,0.336,23.985,0.254,9.266,0.413,17.032,0.254,10.437,0.54,10.46,0.045,6.398,0.077,11.364,0.145,5.333,0.138
25.439,0.292,6.46,0.475,23.218,0.292,8.651,0.475,27.213,0.656,7.445,0.433,34.213,0.611,10.66,0.642,37.094,0.611,7.682,0.642,19.362,0.022,15.714,0.078,7.374,0.025,4.211,0.056,30.481,0.056,17.035,0.236,35.864,2.444,15.139,1.428,26.64,0.086,12.068,0.183,22.59,0.086,11.216,0.183,20.63,0.717,8.454,0.617,20.639,0.717,9.701,0.617,19.338,0.056,9.877,0.169,14.884,0.056,8.266,0.094,21.612,0.022,8.303,0.069,29.717,0.24,8.121,0.342,24.155,0.236,9.235,0.458,17.033,0.245,10.442,0.574,10.433,0.036,6.196,0.086,11.397,0.107,5.249,0.195
25.569,0.283,6.416,0.486,23.261,0.283,8.63,0.486,27.5,0.564,7.448,0.422,34.096,0.614,10.75,0.631,37.22,0.614,7.653,0.631,19.361,0.039,15.5,0.092,7.41,0.022,4.14,0.05,30.56,0.061,16.928,0.203,35.881,2.253,15.113,1.117,26.577,0.119,11.842,0.156,23.091,0.119,11.293,0.156,20.657,0.631,8.505,0.675,20.819,0.631,9.838,0.675,19.231,0.036,9.714,0.178,14.886,0.053,8.171,0.136,21.542,0.019,8.214,0.075,29.86,0.231,8.139,0.385,24.051,0.27,9.323,0.465,16.945,0.24,10.417,0.59,10.563,0.048,6.272,0.082,11.416,0.098,5.235,0.177
25.549,0.339,6.417,0.403,23.326,0.339,8.536,0.403,27.51,0.625,7.501,0.406,34.255,0.65,10.677,0.7,37.386,0.65,7.512,0.7,19.336,0.017,15.302,0.111,7.461,0.033,4.195,0.067,30.655,0.078,16.907,0.183,35.771,2.497,15.046,1.256,26.508,0.083,11.579,0.167,23.356,0.083,11.256,0.167,20.543,0.686,8.526,0.633,20.465,0.686,9.766,0.633,19.029,0.044,9.614,0.183,14.831,0.039,8.113,0.078,21.535,0.028,8.232,0.067,29.795,0.224,7.991,0.347,23.922,0.265,9.164,0.488,16.902,0.19,10.406,0.553,10.72,0.045,6.393,0.07,11.081,0.129,5.029,0.195
25.611,0.297,6.394,0.475,23.475,0.297,8.547,0.475,27.438,0.583,7.373,0.475,34.445,0.617,10.811,0.661,37.22,0.617,7.505,0.661,19.309,0.042,15.176,0.072,7.439,0.022,4.125,0.072,30.335,0.067,16.695,0.161,36.078,2.419,14.843,1.275,26.377,0.067,11.464,0.203,23.353,0.067,11.178,0.203,20.537,0.667,8.508,0.592,20.482,0.667,9.816,0.592,19.029,0.039,9.646,0.156,14.802,0.036,8.07,0.1,21.485,0.017,8.149,0.067,29.833,0.224,7.922,0.338,24.089,0.227,9.148,0.404,16.774,0.197,10.362,0.551,10.273,0.036,6.005,0.088,11.087,0.095,4.973,0.168
25.69,0.242,6.396,0.403,23.689,0.242,8.519,0.403,27.438,0.572,7.328,0.392,34.378,0.617,10.935,0.619,37.424,0.617,7.491,0.619,19.276,0.022,14.976,0.117,7.53,0.014,4.184,0.058,30.364,0.089,16.657,0.183,35.869,2.467,14.783,1.225,26.35,0.047,11.47,0.144,23.178,0.047,11.015,0.144,20.427,0.675,8.445,0.578,20.357,0.675,9.724,0.578,18.912,0.047,9.529,0.153,14.645,0.031,7.981,0.078,21.267,0.019,8.189,0.086,29.459,0.215,7.876,0.401,24.041,0.229,9.066,0.501,16.725,0.206,10.392,0.626,10.233,0.034,6.092,0.075,11.072,0.12,4.944,0.172
25.651,0.283,6.302,0.458,23.751,0.283,8.596,0.458,27.49,0.647,7.266,0.483,34.396,0.631,11.027,0.667,37.309,0.631,7.434,0.667,19.278,0.028,14.881,0.106,7.576,0.036,4.185,0.047,30.255,0.061,16.631,0.197,35.995,2.556,14.773,1.317,26.051,0.081,11.144,0.169,23.208,0.081,11.056,0.169,20.402,0.661,8.538,0.556,20.348,0.661,9.906,0.556,18.906,0.061,9.441,0.206,14.751,0.036,7.888,0.119,21.324,0.011,8.127,0.072,29.638,0.227,7.784,0.338,23.852,0.277,9.041,0.456,16.826,0.236,10.408,0.583,10.39,0.032,6.317,0.138,10.97,0.104,4.923,0.141
25.785,0.244,6.377,0.458,23.65,0.244,8.514,0.458,27.372,0.664,7.191,0.403,34.413,0.633,10.902,0.717,37.402,0.633,7.456,0.717,19.264,0.031,14.765,0.075,7.544,0.033,4.179,0.083,30.294,0.075,16.579,0.189,36.173,2.411,14.677,1.203,25.884,0.053,10.945,0.172,23.193,0.053,10.913,0.172,20.58,0.686,8.53,0.525,20.258,0.686,9.894,0.525,18.812,0.042,9.39,0.186,14.624,0.033,7.791,0.083,21.157,0.036,8.154,0.075,29.678,0.222,7.712,0.32,23.92,0.261,8.951,0.463,16.807,0.222,10.371,0.58,10.443,0.05,6.137,0.075,10.567,0.132,4.726,0.156
25.881,0.253,6.315,0.406,23.567,0.253,8.553,0.406,27.455,0.603,7.143,0.478,34.398,0.653,11.016,0.728,37.25,0.653,7.346,0.728,19.177,0.031,14.633,0.072,7.569,0.036,4.207,0.075,30.349,0.075,16.669,0.197,36.017,2.181,14.51,1.181,26.062,0.075,11.125,0.156,23.444,0.075,10.991,0.156,20.671,0.731,8.664,0.561,20.302,0.731,9.967,0.561,18.711,0.064,9.387,0.211,14.522,0.025,7.762,0.061,21.143,0.019,8.087,0.061,29.86,0.261,7.746,0.374,24.079,0.259,9.019,0.51,16.69,0.224,10.388,0.556,10.222,0.05,5.992,0.073,10.443,0.132,4.701,0.111
25.872,0.294,6.322,0.417,23.578,0.294,8.507,0.417,27.199,0.675,7.107,0.478,34.38,0.644,11.081,0.669,37.266,0.644,7.281,0.669,19.3,0.017,14.542,0.1,7.65,0.039,4.206,0.047,30.308,0.072,16.516,0.192,36.064,2.35,14.55,1.283,25.775,0.094,10.891,0.153,23.316,0.094,10.915,0.153,20.142,0.617,8.548,0.606,20.322,0.617,10.184,0.606,18.52,0.053,9.362,0.192,14.497,0.044,7.647,0.111,20.966,0.033,8.05,0.053,29.895,0.236,7.768,0.299,24.017,0.27,9.046,0.465,16.653,0.17,10.387,0.544,9.973,0.032,5.819,0.095,10.515,0.109,4.745,0.122
25.951,0.275,6.352,0.361,23.434,0.275,8.491,0.361,27.326,0.664,7.057,0.456,34.386,0.689,11.107,0.664,37.24,0.689,7.316,0.664,19.186,0.042,14.517,0.108,7.631,0.042,4.201,0.05,30.222,0.044,16.596,0.172,36.051,2.364,14.394,1.161,26.058,0.067,10.939,0.144,23.03,0.067,10.782,0.144,19.972,0.686,8.541,0.625,20.014,0.686,10.102,0.625,18.329,0.036,9.276,0.164,14.378,0.033,7.621,0.125,20.911,0.039,8.063,0.061,29.92,0.272,7.738,0.349,24.032,0.238,8.949,0.451,16.48,0.184,10.271,0.576,10.15,0.048,5.893,0.075,10.435,0.136,4.697,0.145
25.832,0.244,6.33,0.436,23.583,0.244,8.435,0.436,27.159,0.681,6.991,0.381,34.2,0.703,11.222,0.717,37.107,0.703,7.298,0.717,19.189,0.044,14.465,0.067,7.626,0.014,4.209,0.044,30.166,0.058,16.49,0.178,36.11,2.478,14.443,1.2,25.772,0.1,10.79,0.147,23.548,0.1,10.852,0.147,19.733,0.694,8.58,0.628,19.901,0.694,10.208,0.628,18.307,0.061,9.231,0.183,14.336,0.028,7.532,0.111,20.872,0.022,8.207,0.067,29.743,0.236,7.718,0.347,24.066,0.29,8.953,0.476,16.394,0.202,10.375,0.549,10.211,0.05,5.908,0.1,10.674,0.141,4.73,0.172
25.728,0.25,6.374,0.433,23.688,0.25,8.542,0.433,26.959,0.617,6.956,0.453,34.28,0.683,11.18,0.644,37.097,0.683,7.258,0.644,19.141,0.033,14.346,0.097,7.691,0.031,4.246,0.039,30.077,0.075,16.33,0.189,36.175,2.397,14.281,1.272,25.702,0.083,10.638,0.158,23.579,0.083,10.804,0.158,19.717,0.661,8.617,0.589,19.827,0.661,10.216,0.589,18.328,0.056,9.26,0.142,14.299,0.039,7.556,0.111,20.893,0.031,8.142,0.094,29.853,0.227,7.692,0.367,24.138,0.245,8.936,0.413,16.383,0.2,10.349,0.585,10.339,0.032,6.074,0.066,10.741,0.138,4.773,0.175
25.671,0.214,6.332,0.447,23.788,0.214,8.551,0.447,27.201,0.647,6.96,0.522,34.23,0.708,11.212,0.628,37.265,0.708,7.218,0.628,19.271,0.025,14.379,0.094,7.725,0.031,4.266,0.047,30.175,0.075,16.581,0.158,36.235,2.381,14.298,1.244,25.416,0.081,10.541,0.142,23.797,0.081,10.851,0.142,19.748,0.658,8.664,0.606,19.837,0.658,10.356,0.606,18.275,0.033,9.344,0.178,14.292,0.039,7.533,0.103,20.799,0.044,8.105,0.069,29.937,0.193,7.733,0.333,24.094,0.22,8.921,0.515,16.387,0.181,10.443,0.59,10.052,0.023,5.853,0.07,10.659,0.125,4.767,0.177
25.853,0.236,6.321,0.381,23.696,0.236,8.585,0.381,27.282,0.711,6.912,0.403,34.486,0.653,11.396,0.714,37.462,0.653,7.321,0.714,19.209,0.014,14.29,0.108,7.738,0.056,4.305,0.056,30.01,0.072,16.459,0.169,36.203,2.269,14.333,1.153,25.51,0.067,10.52,0.169,23.228,0.067,10.734,0.169,19.694,0.686,8.697,0.622,19.795,0.686,10.397,0.622,18.256,0.044,9.389,0.183,14.257,0.036,7.485,0.075,20.818,0.036,8.244,0.089,29.809,0.236,7.625,0.329,23.964,0.227,8.813,0.401,16.341,0.218,10.435,0.522,10.14,0.034,5.905,0.079,10.639,0.134,4.759,0.172
25.858,0.278,6.295,0.431,23.736,0.278,8.588,0.431,27.345,0.661,6.946,0.433,34.266,0.672,11.502,0.625,37.49,0.672,7.283,0.625,19.116,0.019,14.152,0.081,7.805,0.042,4.344,0.056,29.885,0.058,16.439,0.208,36.31,2.286,14.346,1.131,25.424,0.083,10.479,0.178,23.807,0.083,10.833,0.178,19.744,0.689,8.839,0.633,19.898,0.689,10.531,0.633,18.186,0.042,9.39,0.161,14.127,0.022,7.449,0.119,20.744,0.031,8.246,0.061,29.545,0.243,7.647,0.313,23.922,0.236,8.777,0.392,16.229,0.186,10.398,0.546,10.333,0.05,5.993,0.088,10.498,0.141,4.694,0.179
25.947,0.219,6.344,0.381,23.964,0.219,8.64,0.381,27.087,0.611,6.924,0.525,34.387,0.622,11.466,0.692,37.324,0.622,7.253,0.692,19.059,0.039,14.099,0.078,7.837,0.025,4.321,0.042,30.204,0.058,16.533,0.181,36.408,2.228,14.302,1.211,25.123,0.083,10.3,0.167,23.934,0.083,10.84,0.167,19.643,0.631,8.797,0.622,19.628,0.631,10.529,0.622,18.134,0.042,9.393,0.144,14.103,0.022,7.415,0.103,20.671,0.025,8.271,0.064,29.147,0.202,7.552,0.37,23.792,0.231,8.689,0.429,16.217,0.218,10.421,0.501,10.016,0.027,5.783,0.073,10.611,0.118,4.734,0.172
26.049,0.247,6.377,0.483,23.727,0.247,8.642,0.483,26.111,0.589,6.381,0.528,34.207,0.683,11.188,0.647,36.463,0.683,6.867,0.647,19.15,0.022,14.194,0.072,7.826,0.025,4.313,0.058,29.94,0.042,16.361,0.181,36.38,2.286,14.282,1.281,25.125,0.067,10.242,0.192,23.882,0.067,10.794,0.192,19.64,0.697,8.889,0.622,19.519,0.697,10.619,0.622,17.862,0.056,9.356,0.203,14.178,0.022,7.395,0.114,20.679,0.017,8.288,0.058,29.146,0.172,7.48,0.315,23.744,0.238,8.693,0.358,16.065,0.215,10.469,0.535,9.973,0.041,5.845,0.061,10.552,0.132,4.708,0.204
25.926,0.239,6.422,0.389,23.913,0.239,8.663,0.389,25.294,0.581,6.045,0.444,33.931,0.628,11.1,0.619,35.829,0.628,6.705,0.619,19.066,0.031,14.221,0.081,7.812,0.014,4.374,0.061,30.011,0.064,16.464,0.183,36.456,2.186,14.321,1.156,24.967,0.072,10.238,0.117,24.23,0.072,10.773,0.117,19.271,0.653,8.921,0.558,19.474,0.653,10.668,0.558,17.755,0.036,9.31,0.197,14.134,0.036,7.379,0.1,20.696,0.011,8.385,0.078,29.186,0.175,7.535,0.27,23.735,0.2,8.671,0.381,16.098,0.197,10.511,0.594,9.759,0.027,5.796,0.084,10.202,0.104,4.518,0.177
26.216,0.294,6.423,0.467,23.905,0.294,8.675,0.467,25.004,0.539,5.964,0.414,33.946,0.525,11.008,0.572,35.893,0.525,6.763,0.572,19.092,0.033,14.176,0.064,7.842,0.031,4.426,0.064,29.839,0.039,16.461,0.181,36.375,2.267,14.313,1.131,25.099,0.072,10.239,0.125,23.958,0.072,10.812,0.125,19.056,0.653,8.886,0.575,19.29,0.653,10.643,0.575,17.709,0.05,9.391,0.222,14.112,0.053,7.382,0.117,20.601,0.031,8.397,0.061,29.479,0.231,7.648,0.317,23.875,0.277,8.75,0.401,16.065,0.197,10.446,0.558,9.92,0.025,5.87,0.093,10.229,0.127,4.516,0.163
26.318,0.267,6.428,0.367,23.792,0.267,8.71,0.367,24.668,0.578,5.807,0.406,33.732,0.589,10.99,0.664,35.495,0.589,6.57,0.664,19.114,0.028,14.063,0.078,7.87,0.028,4.369,0.033,29.984,0.058,16.544,0.228,36.449,2.175,14.257,1.267,24.861,0.056,10.112,0.161,23.981,0.056,10.72,0.161,19.045,0.614,8.975,0.639,19.179,0.614,10.727,0.639,17.639,0.061,9.402,0.158,14.035,0.033,7.372,0.083,20.771,0.036,8.495,0.058,29.542,0.204,7.642,0.274,23.826,0.197,8.691,0.499,16.018,0.202,10.519,0.583,9.926,0.039,5.864,0.082,9.969,0.113,4.527,0.154
26.169,0.231,6.478,0.403,23.844,0.231,8.687,0.403,24.296,0.589,5.637,0.419,33.607,0.544,10.947,0.564,35.455,0.544,6.618,0.564,19.104,0.022,14.139,0.125,7.836,0.019,4.398,0.053,29.731,0.056,16.33,0.178,36.373,2.344,14.327,1.25,24.725,0.097,10.116,0.167,24.136,0.097,10.746,0.167,19.204,0.658,9.14,0.575,18.816,0.658,10.588,0.575,17.42,0.061,9.441,0.122,14.077,0.033,7.369,0.119,20.74,0.031,8.521,0.069,29.273,0.218,7.6,0.313,23.687,0.265,8.563,0.383,15.838,0.186,10.549,0.583,9.694,0.05,5.669,0.102,9.903,0.132,4.53,0.156
26.257,0.239,6.448,0.419,23.957,0.239,8.785,0.419,24.606,0.617,5.581,0.444,33.783,0.631,10.923,0.578,35.676,0.631,6.595,0.578,19.1,0.011,14.074,0.089,7.926,0.019,4.442,0.031,29.981,0.053,16.533,0.2,36.449,2.306,14.238,1.1,24.845,0.083,10.069,0.136,24.221,0.083,10.845,0.136,18.741,0.678,9.044,0.531,18.961,0.678,10.753,0.531,17.54,0.042,9.495,0.15,14.074,0.025,7.362,0.103,20.758,0.031,8.653,0.097,29.193,0.224,7.685,0.331,23.631,0.254,8.606,0.338,15.893,0.202,10.548,0.542,9.696,0.041,5.81,0.075,9.814,0.091,4.501,0.159
26.378,0.228,6.53,0.403,23.895,0.228,8.752,0.403,24.381,0.539,5.587,0.433,33.553,0.514,10.862,0.597,35.314,0.514,6.537,0.597,19.036,0.047,14.065,0.069,7.918,0.022,4.485,0.058,29.702,0.033,16.384,0.208,36.561,2.283,14.341,1.144,25.037,0.05,10.303,0.117,24.101,0.05,10.712,0.117,19.03,0.644,9.157,0.544,18.865,0.644,10.753,0.544,17.377,0.05,9.526,0.131,14.019,0.039,7.341,0.089,20.618,0.028,8.745,0.072,28.952,0.222,7.59,0.299,23.548,0.204,8.507,0.358,15.914,0.175,10.58,0.571,10.332,0.05,6.038,0.077,9.869,0.093,4.563,0.143
26.162,0.247,6.524,0.419,23.81,0.247,8.807,0.419,23.475,0.611,5.323,0.378,33.4,0.603,10.901,0.572,34.78,0.603,6.51,0.572,19.065,0.022,14.086,0.1,7.924,0.031,4.492,0.075,29.593,0.042,16.332,0.219,36.278,2.392,14.319,1.133,24.705,0.072,10.049,0.125,24.468,0.072,10.792,0.125,18.747,0.622,9.168,0.567,18.952,0.622,10.893,0.567,17.346,0.075,9.579,0.181,14.025,0.05,7.348,0.083,20.562,0.014,8.775,0.086,29.038,0.172,7.69,0.302,23.736,0.211,8.528,0.406,15.681,0.184,10.623,0.565,9.727,0.025,5.774,0.093,10.02,0.093,4.585,0.168
26.217,0.167,6.507,0.35,23.926,0.167,8.834,0.35,23.541,0.561,5.261,0.419,33.34,0.528,10.842,0.556,34.866,0.528,6.463,0.556,19.007,0.025,13.985,0.053,7.989,0.022,4.519,0.036,29.616,0.061,16.387,0.192,35.998,2.192,14.177,1.136,24.443,0.075,10.007,0.181,24.059,0.075,10.843,0.181,18.603,0.631,9.173,0.522,19.065,0.631,10.972,0.522,17.168,0.042,9.58,0.139,14.02,0.039,7.316,0.1,20.623,0.019,8.818,0.083,29.16,0.177,7.729,0.347,23.782,0.19,8.517,0.345,15.701,0.159,10.656,0.492,9.947,0.054,5.854,0.086,10.057,0.109,4.612,0.186
26.047,0.236,6.57,0.378,23.991,0.236,8.94,0.378,23.02,0.667,5.115,0.403,33.17,0.517,10.73,0.564,34.399,0.517,6.326,0.564,18.931,0.031,14.038,0.086,7.969,0.028,4.516,0.064,29.746,0.05,16.503,0.186,36.234,2.256,14.316,1.231,24.477,0.053,10.066,0.139,24.375,0.053,10.861,0.139,18.738,0.639,9.383,0.614,18.596,0.639,10.951,0.614,17.133,0.028,9.665,0.156,13.922,0.031,7.278,0.106,20.536,0.039,8.847,0.075,29.119,0.222,7.779,0.329,23.676,0.243,8.548,0.449,15.696,0.197,10.693,0.587,9.635,0.054,5.723,0.068,9.937,0.122,4.624,0.166
26.153,0.228,6.607,0.364,23.936,0.228,8.988,0.364,22.801,0.478,5.02,0.431,33.093,0.572,10.812,0.528,34.364,0.572,6.329,0.528,19.09,0.033,14.027,0.072,7.962,0.047,4.531,0.044,29.366,0.044,16.293,0.181,36.38,2.311,14.349,1.172,24.459,0.047,10.163,0.192,24.299,0.047,10.781,0.192,18.386,0.639,9.294,0.542,18.675,0.639,10.921,0.542,17.02,0.05,9.744,0.175,13.884,0.022,7.35,0.122,20.596,0.028,8.953,0.086,28.577,0.202,7.737,0.286,23.382,0.19,8.446,0.381,15.637,0.213,10.728,0.585,9.87,0.041,5.89,0.059,9.586,0.093,4.49,0.202
26.205,0.239,6.563,0.442,23.925,0.239,9.002,0.442,22.29,0.508,4.893,0.419,32.906,0.556,10.917,0.539,33.609,0.556,6.265,0.539,18.953,0.031,14.041,0.044,7.969,0.036,4.637,0.036,29.533,0.081,16.361,0.219,36.117,2.075,14.341,1.094,24.627,0.069,10.096,0.156,24.448,0.069,10.909,0.156,18.03,0.667,9.247,0.503,18.336,0.667,10.937,0.503,16.791,0.042,9.696,0.15,13.979,0.028,7.314,0.108,20.56,0.044,9.027,0.075,28.231,0.215,7.657,0.286,23.344,0.22,8.344,0.383,15.542,0.188,10.709,0.537,9.596,0.025,5.782,0.063,9.512,0.113,4.493,0.161
26.169,0.242,6.675,0.433,24.046,0.242,9.016,0.433,22.247,0.6,4.86,0.386,32.915,0.481,10.8,0.508,33.768,0.481,6.334,0.508,19.006,0.042,13.985,0.078,7.957,0.036,4.578,0.042,29.384,0.069,16.325,0.222,36.302,2.142,14.353,1.178,24.429,0.047,10.13,0.114,24.493,0.047,10.906,0.114,18.217,0.683,9.485,0.533,18.3,0.683,10.829,0.533,16.919,0.042,9.793,0.189,13.861,0.039,7.243,0.097,20.521,0.028,9.093,0.047,28.258,0.186,7.679,0.297,23.284,0.211,8.384,0.338,15.522,0.229,10.891,0.626,9.831,0.034,5.862,0.079,9.666,0.098,4.508,0.163
26.371,0.25,6.674,0.35,24.093,0.25,9.106,0.35,21.991,0.567,4.774,0.381,32.858,0.561,10.923,0.506,33.475,0.561,6.302,0.506,18.992,0.028,14.055,0.072,7.962,0.019,4.614,0.05,29.336,0.072,16.293,0.183,35.992,2.081,14.24,1.158,24.335,0.061,10.05,0.192,24.409,0.061,10.901,0.192,18.34,0.578,9.594,0.589,18.325,0.578,10.91,0.589,16.803,0.039,9.821,0.156,13.926,0.044,7.319,0.108,20.43,0.019,9.19,0.069,28.463,0.197,7.734,0.247,23.432,0.188,8.323,0.349,15.545,0.2,10.992,0.617,9.711,0.036,5.798,0.084,9.808,0.12,4.578,0.15
26.544,0.225,6.736,0.397,24.058,0.225,9.096,0.397,21.908,0.456,4.775,0.392,32.766,0.472,10.938,0.556,33.305,0.472,6.331,0.556,18.955,0.042,14.103,0.083,8.002,0.019,4.604,0.056,29.247,0.05,16.209,0.228,36.211,2.083,14.479,1.067,24.124,0.058,9.977,0.158,24.538,0.058,10.899,0.158,17.939,0.55,9.542,0.558,18.286,0.55,10.942,0.558,16.715,0.047,9.951,0.186,13.739,0.033,7.242,0.119,20.367,0.036,9.169,0.061,28.416,0.204,7.837,0.27,23.314,0.206,8.271,0.331,15.499,0.211,10.961,0.608,9.587,0.034,5.824,0.086,9.666,0.145,4.621,0.204
26.702,0.222,6.761,0.417,23.889,0.222,9.214,0.417,21.478,0.514,4.693,0.419,32.591,0.519,10.99,0.553,33.075,0.519,6.32,0.553,18.956,0.036,14.076,0.044,7.988,0.022,4.645,0.064,29.425,0.044,16.28,0.147,36.026,2.089,14.3,1.244,24.226,0.056,10.046,0.169,24.47,0.056,10.941,0.169,17.98,0.631,9.558,0.542,18.216,0.631,11.024,0.542,16.685,0.028,9.931,0.169,13.726,0.022,7.246,0.122,20.36,0.025,9.216,0.097,28.855,0.206,7.939,0.281,23.552,0.2,8.364,0.381,15.424,0.177,11.049,0.522,9.791,0.045,5.879,0.086,9.562,0.113,4.511,0.19
26.722,0.233,6.85,0.411,23.976,0.233,9.197,0.411,21.332,0.578,4.669,0.447,32.589,0.542,11.1,0.575,32.733,0.542,6.275,0.575,18.996,0.056,14.065,0.081,7.988,0.017,4.667,0.028,29.225,0.044,16.113,0.206,36.087,2.111,14.35,1.197,23.865,0.086,9.827,0.186,24.705,0.086,11.007,0.186,18.142,0.5,9.737,0.514,18.141,0.5,10.962,0.514,16.694,0.056,10.057,0.186,13.792,0.031,7.308,0.1,20.248,0.025,9.332,0.069,28.984,0.197,7.983,0.317,23.772,0.186,8.446,0.399,15.363,0.2,11.153,0.626,9.646,0.029,5.822,0.104,9.39,0.161,4.531,0.186
26.576,0.297,6.835,0.425,24.21,0.297,9.259,0.425,20.62,0.531,4.502,0.453,32.286,0.456,11.112,0.503,32.224,0.456,6.176,0.503,19.107,0.022,14.13,0.053,8.036,0.036,4.722,0.053,29.253,0.047,16.177,0.231,36.277,2.072,14.411,1.117,24.056,0.053,9.939,0.147,24.704,0.053,10.931,0.147,17.895,0.583,9.702,0.575,18.062,0.583,10.972,0.575,16.454,0.039,10.03,0.144,13.78,0.044,7.268,0.097,20.157,0.036,9.392,0.067,28.979,0.22,8.064,0.333,23.805,0.17,8.467,0.379,15.367,0.261,11.203,0.556,9.725,0.036,5.976,0.088,9.432,0.122,4.536,0.177
26.672,0.231,6.901,0.431,24.045,0.231,9.319,0.431,20.325,0.497,4.435,0.356,32.115,0.506,11.11,0.536,31.907,0.506,6.266,0.536,18.988,0.022,14.1,0.131,8.071,0.031,4.742,0.039,29.006,0.053,16.05,0.194,36.214,2.178,14.529,1.211,24.285,0.083,10.058,0.136,24.693,0.083,10.963,0.136,17.692,0.606,9.678,0.525,18.14,0.606,11.053,0.525,16.423,0.058,10.121,0.169,13.72,0.019,7.354,0.103,20.032,0.028,9.431,0.108,28.5,0.152,8.023,0.243,23.389,0.213,8.33,0.383,15.296,0.197,11.301,0.567,9.691,0.045,5.973,0.091,9.366,0.109,4.579,0.154
26.78,0.267,6.99,0.467,24.033,0.267,9.287,0.467,20.542,0.414,4.458,0.356,32.209,0.522,11.198,0.6,32.169,0.522,6.312,0.6,18.965,0.028,14.064,0.078,8.079,0.031,4.713,0.047,29.363,0.053,16.2,0.194,36.11,2.183,14.419,1.164,24.066,0.089,10.086,0.158,24.477,0.089,10.862,0.158,17.589,0.633,9.718,0.536,17.984,0.633,11.011,0.536,16.363,0.047,10.159,0.158,13.741,0.033,7.317,0.108,20.043,0.022,9.538,0.078,27.864,0.177,7.921,0.279,23.181,0.186,8.278,0.333,15.235,0.172,11.334,0.558,9.8,0.054,5.926,0.052,9.58,0.1,4.649,0.188
26.806,0.244,7.015,0.381,23.987,0.244,9.33,0.381,20.571,0.522,4.496,0.442,32.037,0.497,11.302,0.575,32.324,0.497,6.377,0.575,18.881,0.031,13.871,0.078,8.112,0.025,4.779,0.072,29.009,0.072,16.061,0.158,35.911,2.131,14.366,1.192,23.949,0.044,10.046,0.133,24.797,0.044,11.02,0.133,17.601,0.614,9.794,0.594,18.108,0.614,11.136,0.594,16.48,0.058,10.323,0.133,13.596,0.044,7.233,0.092,19.98,0.039,9.592,0.092,27.438,0.147,7.926,0.231,23.029,0.184,8.075,0.333,15.259,0.213,11.513,0.571,9.771,0.027,6.028,0.086,9.284,0.147,4.568,0.166
26.779,0.208,7.042,0.447,24.016,0.208,9.388,0.447,20.222,0.528,4.363,0.358,32.29,0.492,11.368,0.556,31.853,0.492,6.442,0.556,18.933,0.025,13.896,0.067,8.047,0.025,4.768,0.056,28.962,0.072,16.016,0.192,36.015,2.214,14.501,1.206,23.937,0.056,9.923,0.136,24.565,0.056,11.079,0.136,17.553,0.547,9.81,0.561,17.917,0.547,11.043,0.561,16.311,0.033,10.192,0.167,13.633,0.033,7.258,0.108,19.902,0.031,9.685,0.083,27.777,0.15,8.009,0.256,23.241,0.211,8.222,0.324,15.164,0.202,11.591,0.624,9.791,0.034,6.118,0.111,9.671,0.111,4.753,0.163
26.707,0.239,7.068,0.406,24.066,0.239,9.501,0.406,20.21,0.583,4.426,0.433,31.953,0.467,11.331,0.506,31.7,0.467,6.346,0.506,19.016,0.039,13.88,0.089,8.054,0.042,4.782,0.067,29.435,0.039,16.257,0.206,36.05,2.153,14.5,1.042,24.011,0.061,10.088,0.15,24.719,0.061,11.032,0.15,17.438,0.656,9.836,0.578,17.821,0.656,11.037,0.578,16.192,0.039,10.317,0.125,13.562,0.053,7.3,0.111,19.949,0.025,9.748,0.089,28.211,0.17,8.122,0.27,23.391,0.193,8.325,0.331,15.232,0.247,11.642,0.576,9.857,0.025,6.194,0.088,9.463,0.122,4.666,0.161
26.553,0.225,7.082,0.428,24.343,0.225,9.528,0.428,19.962,0.45,4.423,0.358,31.823,0.486,11.458,0.533,31.671,0.486,6.428,0.533,18.97,0.019,13.932,0.092,8.047,0.039,4.821,0.061,28.968,0.056,15.953,0.175,35.985,2.178,14.502,1.2,23.865,0.028,9.91,0.139,24.752,0.028,11.036,0.139,17.399,0.544,9.915,0.564,17.588,0.544,10.961,0.564,16.054,0.047,10.411,0.133,13.614,0.053,7.298,0.097,19.889,0.028,9.848,0.094,28.454,0.17,8.255,0.281,23.493,0.222,8.282,0.315,15.225,0.206,11.711,0.603,9.574,0.041,6.03,0.075,9.661,0.107,4.711,0.186
26.578,0.217,7.14,0.425,24.232,0.217,9.585,0.425,19.949,0.494,4.326,0.411,31.911,0.508,11.549,0.528,31.428,0.508,6.501,0.528,18.974,0.033,13.814,0.064,8.108,0.031,4.794,0.036,28.956,0.05,15.918,0.219,36.155,2.167,14.504,1.106,24.005,0.056,10.133,0.183,24.784,0.056,11.06,0.183,17.058,0.553,9.862,0.594,17.595,0.553,11.01,0.594,16.025,0.031,10.418,0.156,13.644,0.047,7.33,0.111,19.98,0.019,10.039,0.089,28.379,0.172,8.303,0.29,23.52,0.172,8.325,0.361,15.189,0.209,11.891,0.63,9.73,0.029,6.094,0.082,9.402,0.12,4.675,0.175
26.747,0.219,7.155,0.414,24.383,0.219,9.699,0.414,19.709,0.503,4.341,0.369,32.077,0.5,11.601,0.492,31.487,0.5,6.471,0.492,18.93,0.033,13.838,0.083,8.092,0.017,4.851,0.058,29.064,0.05,15.918,0.169,36.286,2.147,14.626,1.119,24.014,0.083,10.069,0.192,24.851,0.083,11.092,0.192,17.289,0.65,9.955,0.597,17.693,0.65,11.04,0.597,15.924,0.056,10.518,0.136,13.638,0.028,7.282,0.081,19.796,0.033,10.018,0.083,28.342,0.186,8.353,0.322,23.384,0.193,8.294,0.401,15.207,0.222,11.969,0.565,9.874,0.036,6.231,0.073,9.633,0.152,4.724,0.168
26.692,0.231,7.235,0.4,24.374,0.231,9.715,0.4,19.418,0.45,4.313,0.419,31.86,0.469,11.636,0.525,31.217,0.469,6.567,0.525,18.913,0.033,13.894,0.081,8.091,0.028,4.897,0.031,28.969,0.072,15.862,0.219,35.928,2.053,14.541,1.061,24.009,0.022,10.098,0.175,25.032,0.022,11.145,0.175,17.073,0.542,9.951,0.556,17.527,0.542,11.006,0.556,15.837,0.042,10.521,0.178,13.512,0.031,7.326,0.142,19.741,0.028,10.095,0.081,28.435,0.193,8.439,0.313,23.535,0.202,8.426,0.329,15.027,0.209,11.956,0.517,9.705,0.043,6.166,0.1,9.311,0.109,4.685,0.166
26.807,0.253,7.279,0.414,24.479,0.253,9.812,0.414,19.121,0.528,4.19,0.403,31.721,0.439,11.694,0.478,30.74,0.439,6.448,0.478,18.879,0.044,13.753,0.072,8.155,0.05,4.907,0.05,28.978,0.047,15.799,0.189,35.952,2.131,14.578,1.111,23.472,0.064,9.967,0.167,24.978,0.064,11.106,0.167,16.94,0.544,9.998,0.528,17.256,0.544,10.958,0.528,15.823,0.053,10.545,0.136,13.612,0.008,7.292,0.1,19.776,0.011,10.213,0.092,28.581,0.22,8.512,0.315,23.605,0.19,8.402,0.354,15.073,0.181,12.14,0.61,9.594,0.059,6.184,0.091,9.482,0.116,4.719,0.168
26.966,0.261,7.355,0.4,24.346,0.261,9.822,0.4,19.181,0.481,4.248,0.403,31.837,0.481,11.743,0.45,31.039,0.481,6.549,0.45,18.996,0.025,13.798,0.094,8.124,0.028,4.892,0.064,29.067,0.056,15.823,0.192,36.069,2.025,14.716,1.122,23.61,0.089,9.895,0.167,25.016,0.089,11.098,0.167,17.062,0.492,10.044,0.575,17.088,0.492,10.932,0.575,15.851,0.036,10.604,0.172,13.644,0.028,7.374,0.131,19.73,0.025,10.281,0.092,28.446,0.163,8.517,0.259,23.608,0.204,8.335,0.351,15.05,0.206,12.1,0.569,9.386,0.036,6.156,0.086,9.317,0.143,4.663,0.177
26.93,0.225,7.401,0.383,24.503,0.225,9.925,0.383,19.176,0.531,4.23,0.356,31.881,0.5,11.77,0.547,30.903,0.5,6.64,0.547,18.937,0.042,13.779,0.094,8.076,0.031,4.883,0.064,28.775,0.064,15.676,0.167,36.195,2.078,14.702,1.103,23.407,0.056,9.874,0.15,25.068,0.056,11.167,0.15,16.996,0.522,10.138,0.558,17.418,0.522,11.054,0.558,15.787,0.033,10.722,0.128,13.488,0.036,7.329,0.108,19.481,0.028,10.31,0.081,28.639,0.161,8.579,0.295,23.568,0.227,8.4,0.385,14.98,0.175,12.151,0.608,9.362,0.057,6.252,0.086,9.17,0.1,4.563,0.138
26.98,0.275,7.43,0.439,24.505,0.275,10.014,0.439,18.772,0.547,4.148,0.389,31.718,0.422,11.926,0.472,30.427,0.422,6.632,0.472,18.975,0.025,13.716,0.089,8.077,0.019,4.942,0.067,29.046,0.039,15.788,0.164,36.322,2.264,14.795,1.214,23.563,0.083,10.021,0.128,24.98,0.083,11.225,0.128,16.824,0.575,9.988,0.519,17.352,0.575,11.039,0.519,15.658,0.072,10.677,0.186,13.499,0.047,7.342,0.108,19.645,0.036,10.45,0.092,28.671,0.184,8.685,0.259,23.656,0.197,8.366,0.365,15.034,0.222,12.276,0.576,9.989,0.027,6.842,0.079,8.374,0.116,4.198,0.141
26.795,0.278,7.508,0.464,24.535,0.278,10.099,0.464,19.138,0.511,4.224,0.322,31.74,0.483,11.875,0.522,30.568,0.483,6.702,0.522,18.984,0.022,13.824,0.103,8.121,0.022,4.948,0.064,29.048,0.053,15.82,0.228,36.17,1.928,14.818,1.203,23.521,0.036,9.978,0.169,24.966,0.036,11.214,0.169,16.823,0.653,10.13,0.542,17.167,0.653,11.066,0.542,15.537,0.036,10.667,0.131,13.634,0.014,7.356,0.086,19.532,0.028,10.525,0.075,28.116,0.179,8.65,0.304,23.534,0.147,8.339,0.283,15.143,0.181,12.518,0.587,9.773,0.041,7.242,0.095,7.563,0.111,3.785,0.134
26.882,0.25,7.581,0.497,24.434,0.25,10.26,0.497,18.776,0.486,4.248,0.356,31.559,0.431,12.579,0.656,30.48,0.431,6.947,0.656,18.993,0.025,13.853,0.089,8.077,0.036,5.063,0.072,28.675,0.056,15.582,0.167,35.918,2.047,14.761,1.119,23.215,0.061,9.901,0.167,24.935,0.061,11.25,0.167,16.677,0.531,10.75,0.597,16.883,0.531,11.577,0.597,15.465,0.053,10.843,0.136,13.553,0.047,7.385,0.094,19.511,0.036,10.692,0.075,28.774,0.186,8.941,0.286,23.868,0.184,8.453,0.315,14.997,0.245,12.59,0.535,9.547,0.043,7.432,0.077,8.017,0.134,4.545,0.184
26.893,0.242,7.957,0.417,24.536,0.242,10.904,0.417,18.674,0.5,4.322,0.375,31.645,0.533,13.833,0.728,30.214,0.533,7.356,0.728,18.839,0.011,13.718,0.086,8.052,0.025,5.082,0.044,28.948,0.2,15.904,0.678,35.147,2.044,14.616,1.053,23.31,0.044,10.156,0.131,25.009,0.044,11.329,0.131,16.332,0.567,11.825,0.622,17.209,0.567,13.144,0.622,15.573,0.05,11.597,0.153,13.692,0.047,7.707,0.114,19.749,0.014,11.307,0.083,28.433,0.215,9.596,0.238,23.554,0.218,8.659,0.383,14.923,0.177,13.041,0.59,9.896,0.048,7.894,0.079,7.979,0.141,4.949,0.163
27.091,0.228,8.408,0.436,24.565,0.228,11.605,0.436,18.465,0.472,4.342,0.381,31.858,0.525,15.222,0.689,30.058,0.525,7.748,0.689,18.901,0.017,13.756,0.092,8.123,0.036,5.099,0.069,28.804,0.325,15.921,0.894,36.055,2.125,15.281,1.028,23.829,0.047,10.44,0.164,24.817,0.047,11.587,0.164,16.379,0.544,12.777,0.533,17.364,0.544,14.213,0.533,15.493,0.044,12.413,0.133,13.85,0.036,8.038,0.111,19.969,0.017,12.327,0.083,28.559,0.156,10.193,0.322,23.77,0.209,9.168,0.336,14.938,0.222,13.501,0.639,9.66,0.034,7.889,0.091,8.097,0.129,5.216,0.172
27.304,0.292,8.978,0.458,24.576,0.292,12.259,0.458,18.601,0.497,4.553,0.353,31.763,0.447,16.082,0.642,30.307,0.447,8.338,0.642,18.913,0.036,13.806,0.097,8.205,0.033,5.122,0.056,28.856,0.419,16.317,1.303,35.273,1.997,15.754,1.122,22.609,0.064,10.138,0.128,24.87,0.064,12.003,0.128,16.351,0.542,13.426,0.525,17.35,0.542,15.073,0.525,15.375,0.053,12.905,0.156,13.884,0.044,8.345,0.097,20.087,0.022,13.177,0.081,28.449,0.218,10.689,0.265,23.765,0.204,9.395,0.367,14.914,0.166,13.986,0.624,9.517,0.041,8.138,0.082,8.206,0.127,5.427,0.197
27.61,0.219,9.429,0.431,24.577,0.219,12.996,0.431,18.45,0.481,4.646,0.383,31.692,0.481,16.761,0.65,30.275,0.481,8.752,0.65,18.954,0.031,13.873,0.1,8.154,0.028,5.228,0.058,28.632,0.308,16.354,1.078,35.471,2.067,16.301,1.108,23.674,0.081,10.893,0.142,24.524,0.081,12.127,0.142,16.393,0.533,13.797,0.528,17.222,0.533,15.31,0.528,15.378,0.053,13.349,0.161,13.999,0.039,8.745,0.094,20.083,0.017,14.036,0.069,28.12,0.166,11.156,0.274,23.607,0.218,9.509,0.317,14.895,0.181,14.389,0.624,9.499,0.032,8.46,0.054,8.281,0.129,5.524,0.211
27.743,0.281,9.822,0.339,24.447,0.281,13.396,0.339,18.691,0.5,4.876,0.422,31.831,0.539,17.141,0.567,30.607,0.539,9.104,0.567,18.789,0.019,14.077,0.1,8.177,0.006,5.238,0.042,28.104,0.247,16.292,0.797,35.364,1.986,16.826,1.178,23.023,0.05,10.884,0.156,24.317,0.05,12.344,0.156,16.148,0.481,13.851,0.544,17.227,0.481,15.671,0.544,15.389,0.033,13.692,0.181,13.838,0.014,8.929,0.117,19.944,0.019,14.584,0.078,27.806,0.213,11.413,0.331,23.459,0.195,9.663,0.397,15.108,0.209,14.812,0.553,9.507,0.025,8.668,0.093,8.258,0.111,5.672,0.179
27.851,0.208,10.189,0.406,24.415,0.208,13.823,0.406,18.462,0.403,4.935,0.414,31.931,0.5,17.413,0.556,30.719,0.5,9.499,0.556,18.679,0.019,14.161,0.1,8.144,0.047,5.308,0.053,27.961,0.225,16.438,0.728,34.707,1.914,17.099,1.078,22.922,0.075,11.009,0.158,24.102,0.075,12.639,0.158,16.256,0.592,14.117,0.569,17.361,0.592,15.769,0.569,15.452,0.053,13.972,0.142,13.893,0.031,9.087,0.117,19.883,0.019,15.145,0.072,27.717,0.181,11.676,0.293,23.262,0.177,9.803,0.347,15.039,0.179,14.977,0.565,9.608,0.045,8.807,0.111,8.381,0.143,5.87,0.175
28.046,0.222,10.498,0.397,24.539,0.222,14.034,0.397,18.694,0.508,5.143,0.356,31.823,0.5,17.685,0.689,31.012,0.5,9.88,0.689,18.472,0.019,14.1,0.092,8.075,0.017,5.353,0.058,28.007,0.297,16.643,0.803,35.094,2.017,17.706,1.092,22.579,0.069,11.02,0.178,23.974,0.069,12.867,0.178,16.409,0.553,14.31,0.622,17.462,0.553,16.013,0.622,15.457,0.05,14.106,0.161,13.928,0.05,9.373,0.083,20.008,0.022,15.566,0.081,28.147,0.211,11.967,0.333,23.587,0.166,9.985,0.401,15.018,0.175,15.056,0.583,9.647,0.048,9.031,0.104,8.258,0.138,5.892,0.177
27.956,0.264,10.796,0.322,24.516,0.264,14.325,0.322,18.843,0.467,5.276,0.431,31.875,0.481,17.691,0.589,31.18,0.481,10.192,0.589,18.292,0.022,14.199,0.067,8.022,0.022,5.456,0.039,27.935,0.322,16.78,1.003,34.749,1.908,18.032,1.2,22.778,0.069,11.392,0.181,23.939,0.069,13.163,0.181,16.568,0.494,14.363,0.536,17.211,0.494,15.84,0.536,15.421,0.056,14.182,0.175,14.054,0.047,9.617,0.092,20.014,0.014,15.972,0.056,28.945,0.177,12.303,0.302,23.954,0.197,10.3,0.385,14.999,0.175,15.156,0.694,9.802,0.032,9.172,0.073,8.277,0.122,5.962,0.179
27.996,0.206,11.01,0.431,24.638,0.206,14.494,0.431,18.648,0.417,5.36,0.425,31.712,0.389,17.63,0.611,31.226,0.389,10.355,0.611,18.195,0.019,14.084,0.097,8.026,0.028,5.477,0.042,28.206,0.372,17.186,1.053,34.681,2.1,18.224,1.208,22.772,0.067,11.597,0.139,23.857,0.067,13.445,0.139,16.238,0.578,14.233,0.564,17.241,0.578,15.814,0.564,15.412,0.047,14.196,0.133,14.067,0.039,9.789,0.092,20.013,0.039,16.194,0.072,28.848,0.243,12.544,0.324,24.013,0.209,10.349,0.383,14.996,0.166,15.138,0.61,9.683,0.039,9.312,0.098,8.327,0.141,6.05,0.224
27.951,0.222,11.219,0.425,24.769,0.222,14.724,0.425,18.804,0.431,5.562,0.392,31.905,0.508,17.765,0.619,31.449,0.508,10.772,0.619,18.275,0.025,14.298,0.064,8.04,0.022,5.596,0.05,28.075,0.358,17.237,0.983,34.778,1.986,18.672,1.144,22.87,0.064,11.788,0.139,23.755,0.064,13.668,0.139,16.449,0.519,14.444,0.519,16.92,0.519,15.686,0.519,15.25,0.036,14.208,0.139,13.972,0.031,9.885,0.092,19.878,0.017,16.394,0.094,28.861,0.202,12.706,0.342,23.98,0.238,10.384,0.392,14.991,0.177,15.05,0.594,9.808,0.032,9.481,0.1,8.299,0.152,6.056,0.247
27.983,0.217,11.429,0.4,24.77,0.217,14.919,0.4,18.926,0.411,5.683,0.433,31.815,0.503,17.749,0.644,31.449,0.503,11.051,0.644,18.168,0.036,14.273,0.103,8.041,0.022,5.599,0.075,27.898,0.381,17.297,0.981,34.721,1.972,18.927,1.081,22.732,0.067,11.978,0.175,23.849,0.067,13.792,0.175,16.139,0.486,14.26,0.511,17.091,0.486,15.76,0.511,15.212,0.036,14.152,0.133,13.843,0.039,10.062,0.094,19.597,0.019,16.374,0.078,29.087,0.2,12.942,0.317,24.181,0.22,10.512,0.442,15.046,0.188,15.16,0.628,9.368,0.039,9.437,0.125,8.194,0.138,6.074,0.222
27.958,0.244,11.543,0.347,24.771,0.244,14.985,0.347,18.779,0.439,5.87,0.403,31.671,0.569,17.642,0.672,31.644,0.569,11.309,0.672,18.055,0.028,14.323,0.086,7.984,0.019,5.679,0.047,27.869,0.289,17.402,0.878,34.835,2.036,19.33,1.233,22.811,0.053,12.202,0.203,23.6,0.053,13.966,0.203,16.284,0.561,14.279,0.617,17.186,0.561,15.856,0.617,15.115,0.047,14.137,0.119,13.832,0.019,10.107,0.083,19.423,0.022,16.489,0.078,29.257,0.184,13.048,0.372,24.187,0.19,10.522,0.399,14.986,0.204,14.999,0.624,9.821,0.032,9.917,0.048,8.119,0.161,6.103,0.136
27.804,0.219,11.733,0.414,24.846,0.219,14.989,0.414,18.988,0.447,5.934,0.394,31.814,0.469,17.641,0.6,31.713,0.469,11.556,0.6,18.067,0.05,14.521,0.092,8.063,0.019,5.708,0.039,27.971,0.392,17.555,1.153,34.737,2.028,19.505,1.142,23.085,0.053,12.524,0.15,23.633,0.053,14.187,0.15,16.481,0.564,14.456,0.622,16.887,0.564,15.54,0.622,15.207,0.047,14.097,0.178,13.905,0.031,10.277,0.103,19.455,0.025,16.554,0.111,29.434,0.188,13.256,0.361,24.245,0.234,10.643,0.395,15.041,0.204,15.04,0.576,9.966,0.052,9.978,0.091,8.169,0.141,6.139,0.177
27.715,0.219,11.696,0.361,24.885,0.219,15.162,0.361,19.229,0.461,6.089,0.406,31.838,0.464,17.641,0.656,32.185,0.464,11.838,0.656,18.156,0.031,14.514,0.067,8.017,0.022,5.87,0.056,28.056,0.331,17.807,0.981,34.763,2.147,19.773,1.158,22.763,0.075,12.495,0.158,23.754,0.075,14.349,0.158,16.258,0.586,14.405,0.458,16.96,0.586,15.587,0.458,15.2,0.033,14.024,0.125,13.774,0.033,10.259,0.103,19.289,0.025,16.63,0.092,29.125,0.175,13.22,0.417,24.02,0.166,10.427,0.456,14.898,0.179,14.853,0.678,9.646,0.057,9.912,0.093,8.165,0.125,6.275,0.204
27.618,0.231,11.733,0.394,25.096,0.231,15.242,0.394,19.519,0.492,6.298,0.431,31.776,0.536,17.743,0.608,32.535,0.536,12.09,0.608,18.032,0.014,14.571,0.106,8.074,0.025,5.92,0.047,27.662,0.303,17.58,0.897,34.662,1.975,19.882,1.064,22.635,0.072,12.512,0.189,23.801,0.072,14.487,0.189,16.105,0.517,14.316,0.489,16.895,0.517,15.678,0.489,15.219,0.033,14.045,0.153,13.712,0.031,10.335,0.111,19.125,0.014,16.564,0.075,28.909,0.181,13.341,0.372,23.878,0.2,10.613,0.435,14.812,0.197,14.793,0.687,9.555,0.059,9.776,0.073,10.913,0.129,8.692,0.188
27.622,0.211,11.951,0.375,24.964,0.211,15.298,0.375,19.209,0.419,6.302,0.339,31.523,0.506,17.409,0.614,31.955,0.506,12.062,0.614,18.023,0.025,14.581,0.106,8.021,0.008,5.924,0.05,27.426,0.306,17.499,0.853,34.21,1.931,19.846,1.097,22.526,0.092,12.666,0.208,23.809,0.092,14.669,0.208,15.999,0.517,14.369,0.456,16.702,0.517,15.549,0.456,15.018,0.039,14.02,0.144,13.63,0.028,10.364,0.131,19.015,0.031,16.621,0.086,28.991,0.204,13.409,0.408,23.935,0.184,10.653,0.388,14.818,0.227,14.735,0.653,10.005,0.043,10.236,0.077,10.087,0.156,7.925,0.2
27.846,0.217,12.103,0.408,24.912,0.217,15.248,0.408,19.443,0.425,6.446,0.358,31.753,0.519,17.465,0.733,32.135,0.519,12.253,0.733,18.01,0.019,14.668,0.092,8.05,0.025,6.026,0.081,27.428,0.314,17.688,0.792,34.316,1.822,20.082,1.131,22.411,0.064,12.742,0.158,23.787,0.064,14.845,0.158,16.116,0.486,14.322,0.458,16.754,0.486,15.541,0.458,15.064,0.044,14.012,0.147,13.556,0.033,10.359,0.075,18.821,0.022,16.52,0.081,29.026,0.231,13.617,0.358,24.172,0.22,10.723,0.397,14.959,0.213,14.826,0.649,9.745,0.048,9.86,0.091,10.378,0.143,8.251,0.204
28.096,0.25,12.266,0.439,24.687,0.25,15.369,0.439,19.223,0.442,6.482,0.367,31.499,0.5,17.446,0.661,32.085,0.5,12.41,0.661,18,0.039,14.718,0.069,8.034,0.031,6.061,0.053,27.791,0.325,18.025,0.953,34.748,1.981,20.458,1.175,22.796,0.067,13.008,0.117,23.454,0.067,14.835,0.117,15.868,0.586,14.281,0.461,16.554,0.586,15.461,0.461,14.81,0.042,13.977,0.181,13.448,0.039,10.438,0.108,18.686,0.019,16.528,0.086,29.088,0.175,13.629,0.374,24.131,0.231,10.746,0.478,14.929,0.206,14.856,0.635,9.792,0.048,9.939,0.084,10.567,0.118,8.54,0.2
28.062,0.214,12.284,0.403,24.725,0.214,15.388,0.403,19.264,0.467,6.484,0.378,31.388,0.467,17.462,0.561,32.032,0.467,12.453,0.561,18.018,0.036,14.793,0.097,7.962,0.006,6.11,0.081,27.62,0.325,18.055,0.833,34.51,1.975,20.664,1.122,22.404,0.086,12.95,0.181,23.823,0.086,15.035,0.181,16.023,0.511,14.417,0.569,16.531,0.511,15.562,0.569,14.789,0.05,13.89,0.156,13.534,0.042,10.491,0.089,18.594,0.033,16.584,0.081,28.695,0.177,13.551,0.347,23.866,0.186,10.56,0.363,14.929,0.166,14.9,0.596,9.929,0.045,10.244,0.084,10.677,0.127,8.802,0.193
28.054,0.225,12.368,0.389,24.751,0.225,15.537,0.389,19.384,0.433,6.65,0.411,31.438,0.586,17.405,0.639,32.228,0.586,12.689,0.639,18.052,0.019,14.841,0.061,7.996,0.025,6.249,0.061,27.507,0.342,17.946,0.867,34.828,1.969,21.085,1.142,22.254,0.058,13.066,0.139,24.068,0.058,15.299,0.139,15.998,0.508,14.33,0.519,16.218,0.508,15.301,0.519,14.823,0.053,13.931,0.147,13.538,0.036,10.545,0.081,18.713,0.036,16.512,0.05,28.211,0.163,13.546,0.34,23.53,0.209,10.444,0.406,14.894,0.186,14.72,0.644,9.428,0.036,9.731,0.084,10.747,0.122,8.785,0.163
27.987,0.236,12.414,0.383,24.854,0.236,15.621,0.383,19.468,0.478,6.683,0.358,31.541,0.489,17.301,0.6,32.189,0.489,12.718,0.6,18.063,0.019,14.892,0.069,7.94,0.039,6.355,0.061,27.511,0.356,18.11,0.814,34.744,1.953,21.294,1.069,22.268,0.064,13.189,0.169,23.716,0.064,15.355,0.169,15.945,0.519,14.274,0.561,16.409,0.519,15.425,0.561,14.792,0.042,13.93,0.156,13.631,0.031,10.618,0.125,18.807,0.033,16.695,0.081,27.653,0.19,13.286,0.277,23.307,0.19,10.31,0.34,14.875,0.204,14.683,0.701,9.7,0.032,10.151,0.084,10.768,0.136,8.855,0.211
28.094,0.236,12.574,0.378,24.844,0.236,15.642,0.378,19.494,0.481,6.746,0.444,31.546,0.572,17.32,0.631,32.264,0.572,13.057,0.631,17.982,0.025,14.91,0.072,8.022,0.031,6.317,0.061,27.385,0.3,18.045,0.775,34.754,1.944,21.354,1.094,22.556,0.075,13.401,0.192,23.759,0.075,15.452,0.192,16.097,0.528,14.396,0.522,16.388,0.528,15.392,0.522,14.743,0.047,14.041,0.136,13.745,0.036,10.688,0.142,18.743,0.028,16.613,0.078,27.845,0.193,13.487,0.293,23.454,0.181,10.3,0.401,14.804,0.186,14.666,0.61,9.659,0.029,10.377,0.088,10.867,0.129,9.009,0.243
27.781,0.228,12.487,0.394,24.862,0.228,15.688,0.394,19.221,0.492,6.778,0.414,31.118,0.453,17.284,0.714,31.987,0.453,12.981,0.714,17.902,0.036,14.856,0.081,7.993,0.022,6.394,0.044,27.461,0.311,18.148,0.756,34.58,1.953,21.519,1.142,22.432,0.094,13.46,0.142,23.884,0.094,15.506,0.142,15.997,0.597,14.464,0.506,16.186,0.597,15.327,0.506,14.648,0.028,13.83,0.172,13.767,0.019,10.83,0.078,18.854,0.025,16.65,0.1,28.28,0.163,13.636,0.315,23.651,0.195,10.6,0.351,14.837,0.197,14.659,0.63,9.601,0.036,10.42,0.061,10.951,0.12,9.194,0.193
27.62,0.219,12.575,0.386,24.927,0.219,15.874,0.386,19.336,0.419,6.917,0.372,31.174,0.517,17.222,0.603,32.041,0.517,13.078,0.603,18.002,0.033,15.005,0.092,8.021,0.061,6.439,0.033,27.553,0.303,18.407,0.964,34.928,2.186,21.874,1.053,22.671,0.069,13.779,0.178,23.619,0.069,15.645,0.178,15.697,0.517,14.223,0.497,16.091,0.517,15.229,0.497,14.535,0.025,13.774,0.183,13.648,0.042,10.759,0.119,18.688,0.022,16.622,0.083,28.15,0.186,13.578,0.283,23.593,0.227,10.615,0.374,14.707,0.163,14.585,0.592,9.589,0.043,10.66,0.093,11.027,0.161,9.235,0.218
27.78,0.247,12.674,0.442,24.903,0.247,15.872,0.442,19.154,0.375,6.956,0.397,31.034,0.594,17.254,0.619,31.676,0.594,13.25,0.619,17.967,0.022,14.993,0.092,7.988,0.036,6.541,0.05,27.482,0.272,18.422,0.703,33.99,1.864,21.684,1.072,22.512,0.069,13.98,0.156,23.731,0.069,15.8,0.156,15.727,0.567,14.265,0.564,15.924,0.567,15.067,0.564,14.435,0.028,13.749,0.133,13.824,0.031,10.839,0.097,18.879,0.025,16.736,0.081,28.303,0.197,13.722,0.297,23.763,0.218,10.755,0.374,14.76,0.193,14.693,0.61,9.801,0.057,10.613,0.075,10.952,0.127,9.237,0.168
27.751,0.272,12.624,0.361,25.018,0.272,15.885,0.361,19.154,0.381,6.968,0.4,31.024,0.531,17.221,0.636,31.877,0.531,13.266,0.636,17.974,0.036,15.068,0.072,7.998,0.039,6.588,0.053,27.565,0.264,18.649,0.894,34.296,1.942,21.967,1.256,22.904,0.05,14.215,0.189,23.595,0.05,15.855,0.189,15.529,0.517,14.135,0.536,15.955,0.517,15.174,0.536,14.445,0.033,13.777,0.186,13.827,0.036,10.985,0.086,18.982,0.014,16.808,0.081,28.198,0.2,13.781,0.299,23.542,0.222,10.697,0.372,14.756,0.202,14.699,0.624,9.868,0.054,10.705,0.073,10.798,0.143,9.445,0.159
27.815,0.2,12.789,0.367,24.983,0.2,15.947,0.367,19.303,0.461,7.083,0.431,30.93,0.525,17.315,0.633,31.985,0.525,13.531,0.633,18.008,0.036,15.182,0.108,8.027,0.044,6.688,0.061,27.663,0.328,18.782,0.767,34.634,2.067,22.526,0.994,22.429,0.081,14.171,0.169,23.953,0.081,16.056,0.169,15.578,0.514,14.273,0.492,15.78,0.514,15.177,0.492,14.239,0.044,13.646,0.147,13.735,0.053,10.953,0.072,18.855,0.036,16.682,0.117,27.923,0.188,13.644,0.302,23.415,0.238,10.746,0.415,14.787,0.186,14.747,0.649,9.742,0.043,10.487,0.075,10.863,0.156,9.492,0.204
27.97,0.172,12.716,0.397,24.973,0.172,15.993,0.397,19.458,0.419,7.163,0.425,31.098,0.506,17.335,0.664,32.237,0.506,13.582,0.664,18.125,0.039,15.313,0.086,8.046,0.031,6.712,0.025,27.539,0.236,18.797,0.8,34.894,2.075,22.874,1.164,22.378,0.067,14.246,0.178,23.73,0.067,16.206,0.178,15.544,0.467,14.314,0.547,15.664,0.467,15.15,0.547,14.348,0.022,13.685,0.175,13.782,0.042,10.956,0.103,18.709,0.022,16.729,0.094,28.109,0.224,13.717,0.327,23.563,0.227,10.688,0.372,14.666,0.184,14.634,0.726,9.961,0.041,10.417,0.082,11.584,0.177,10.439,0.238
28.077,0.244,12.885,0.425,24.848,0.244,16.102,0.425,19.333,0.447,7.162,0.389,30.875,0.456,17.385,0.656,31.802,0.456,13.675,0.656,17.996,0.022,15.285,0.089,7.943,0.025,6.685,0.053,27.911,0.228,19.228,0.708,34.597,2.006,23.034,1.139,22.711,0.053,14.641,0.164,23.76,0.053,16.365,0.164,15.526,0.528,14.325,0.536,15.825,0.528,15.316,0.536,14.414,0.025,13.765,0.125,13.634,0.047,10.879,0.147,18.629,0.019,16.662,0.058,27.879,0.197,13.832,0.304,23.086,0.202,10.566,0.358,14.604,0.222,14.565,0.66,10.163,0.027,10.64,0.059,11.334,0.127,10.43,0.188
28.189,0.275,12.88,0.436,24.867,0.275,16.068,0.436,19.857,0.511,7.33,0.422,30.92,0.442,17.312,0.603,32.347,0.442,13.683,0.603,17.911,0.017,15.197,0.078,7.978,0.025,6.835,0.058,27.49,0.242,18.736,0.594,34.706,1.919,22.919,1.1,22.939,0.078,14.787,0.181,23.791,0.078,16.387,0.181,15.481,0.467,14.274,0.6,15.606,0.467,15.056,0.6,14.156,0.047,13.718,0.144,13.656,0.044,10.956,0.117,18.574,0.028,16.684,0.086,27.858,0.227,13.83,0.347,23.446,0.186,10.734,0.444,14.581,0.222,14.497,0.719,9.919,0.025,10.616,0.061,12.131,0.129,10.894,0.202
27.943,0.25,12.86,0.369,25.069,0.25,16.118,0.369,19.852,0.444,7.344,0.403,31.167,0.467,16.961,0.664,32.434,0.467,13.585,0.664,17.965,0.031,15.41,0.069,7.953,0.044,6.886,0.044,27.788,0.233,18.583,0.55,34.261,1.939,22.242,1.183,22.392,0.058,14.109,0.156,23.83,0.058,16.006,0.156,15.297,0.436,13.885,0.614,14.93,0.436,14.361,0.614,13.945,0.044,13.354,0.144,13.541,0.053,10.83,0.069,18.444,0.036,16.043,0.078,28.039,0.172,13.524,0.281,23.461,0.154,10.701,0.381,14.51,0.211,14.488,0.653,9.554,0.027,9.955,0.082,12.285,0.134,10.993,0.218
27.93,0.222,12.739,0.353,25.037,0.222,15.961,0.353,19.461,0.475,7.123,0.425,31.052,0.514,16.514,0.719,32.043,0.514,13.167,0.719,18.019,0.019,15.424,0.086,7.915,0.033,6.868,0.053,27.896,0.136,18.425,0.269,35.13,1.956,22.279,1.239,22.716,0.036,14.188,0.161,23.762,0.036,15.805,0.161,15.329,0.556,13.603,0.483,15.373,0.556,14.329,0.483,13.957,0.047,13.261,0.131,13.473,0.031,10.573,0.1,18.376,0.019,15.503,0.061,27.873,0.145,13.173,0.333,23.256,0.193,10.808,0.376,14.48,0.177,14.503,0.717,9.617,0.036,10.16,0.054,12.357,0.12,11.079,0.168
27.942,0.239,12.762,0.447,25.293,0.239,16.013,0.447,19.26,0.536,7.071,0.403,31.127,0.489,16.349,0.653,31.862,0.489,12.95,0.653,17.977,0.039,15.373,0.086,7.919,0.036,6.895,0.039,27.729,0.219,17.997,0.5,34.724,1.983,21.788,1.05,22.411,0.044,13.819,0.147,24.378,0.044,15.702,0.147,15.198,0.539,13.454,0.483,14.994,0.539,13.816,0.483,14.042,0.047,13.062,0.144,13.569,0.028,10.38,0.114,18.488,0.017,15.122,0.039,28.108,0.145,12.963,0.317,23.413,0.204,10.716,0.351,14.434,0.215,14.421,0.683,9.939,0.034,10.347,0.075,12.37,0.125,11.22,0.159
27.994,0.211,12.728,0.397,25.192,0.211,15.91,0.397,19.078,0.519,6.865,0.378,30.926,0.503,16.172,0.683,31.469,0.503,12.855,0.683,17.983,0.019,15.427,0.064,7.932,0.022,6.934,0.047,27.937,0.189,17.963,0.414,34.776,2.006,21.743,1.114,22.566,0.061,13.831,0.147,24.372,0.061,15.547,0.147,15.128,0.508,13.097,0.508,15.006,0.508,13.746,0.508,13.952,0.033,12.868,0.133,13.692,0.047,10.233,0.078,18.559,0.017,14.727,0.072,28.114,0.19,12.767,0.356,23.45,0.215,10.589,0.338,14.305,0.197,13.976,0.728,9.704,0.045,9.999,0.079,12.364,0.102,11.189,0.186
28.332,0.186,12.638,0.411,25.082,0.186,15.858,0.411,18.87,0.478,6.81,0.422,30.962,0.539,15.967,0.597,31.537,0.539,12.732,0.597,18.017,0.022,15.244,0.089,7.878,0.025,6.973,0.039,27.501,0.164,17.491,0.378,34.806,1.853,21.63,1.158,22.794,0.064,13.742,0.181,24.327,0.064,15.338,0.181,15.175,0.511,12.932,0.517,14.906,0.511,13.47,0.517,13.791,0.019,12.541,0.119,13.683,0.033,10.075,0.094,18.409,0.025,14.325,0.064,27.776,0.147,12.377,0.347,23.407,0.236,10.478,0.363,14.286,0.195,13.571,0.651,9.533,0.027,10.006,0.084,12.238,0.122,11.279,0.152
28.33,0.261,12.716,0.394,25.053,0.261,15.846,0.394,18.911,0.403,6.776,0.417,30.87,0.494,15.75,0.675,31.444,0.494,12.53,0.675,18.004,0.025,15.282,0.111,7.867,0.025,6.924,0.05,27.649,0.136,17.497,0.378,34.659,1.972,21.463,1.075,22.233,0.056,13.368,0.2,24.53,0.056,15.181,0.2,15.109,0.558,12.867,0.517,14.626,0.558,13.184,0.517,13.723,0.053,12.305,0.197,13.721,0.036,9.961,0.086,18.474,0.022,13.951,0.072,27.927,0.181,12.223,0.331,23.515,0.218,10.475,0.367,14.344,0.222,13.342,0.605,9.67,0.041,9.918,0.079,12.163,0.132,11.326,0.159
28.448,0.272,12.663,0.428,25.013,0.272,15.673,0.428,19.186,0.494,6.803,0.406,31.046,0.483,15.771,0.753,31.853,0.483,12.559,0.753,18.087,0.033,15.247,0.081,7.875,0.036,7,0.039,28.013,0.214,17.744,0.625,35.399,1.833,21.81,1.1,22.425,0.05,13.439,0.125,24.423,0.05,15.043,0.125,15.074,0.461,12.674,0.553,14.85,0.461,13.215,0.553,13.71,0.033,12.206,0.175,13.637,0.036,9.823,0.069,18.283,0.017,13.599,0.05,27.534,0.193,11.918,0.302,23.31,0.19,10.34,0.454,14.266,0.211,13.08,0.628,9.724,0.034,10.115,0.073,12.25,0.104,11.36,0.193
28.424,0.206,12.518,0.35,24.968,0.206,15.756,0.35,19.539,0.508,6.779,0.392,31.026,0.553,15.544,0.617,32.281,0.553,12.526,0.617,18.179,0.033,15.137,0.072,7.585,0.044,7.172,0.058,27.672,0.211,17.472,0.464,35.184,1.967,21.716,1.164,22.273,0.039,13.213,0.142,24.47,0.039,14.932,0.142,15.027,0.447,12.554,0.547,14.79,0.447,13.101,0.547,13.721,0.05,12.049,0.114,13.698,0.053,9.766,0.1,18.505,0.022,13.429,0.086,27.876,0.188,11.883,0.324,23.457,0.179,10.368,0.42,14.32,0.204,12.876,0.655,9.644,0.048,9.842,0.052,12.3,0.091,11.355,0.209
28.217,0.239,12.47,0.458,24.905,0.239,15.691,0.458,19.158,0.519,6.621,0.422,30.887,0.486,15.541,0.672,31.547,0.486,12.186,0.672,18.233,0.031,15.178,0.072,7.505,0.039,7.215,0.044,27.698,0.303,17.483,0.878,34.574,1.822,21.226,1.111,22.125,0.056,13.158,0.167,24.577,0.056,14.832,0.167,14.978,0.486,12.342,0.453,14.591,0.486,12.877,0.453,13.741,0.05,11.914,0.106,13.715,0.044,9.623,0.072,18.328,0.031,13.105,0.072,27.031,0.186,11.53,0.311,22.965,0.181,10.144,0.365,14.137,0.2,12.619,0.637,9.525,0.034,10.044,0.091,12.296,0.118,11.46,0.177
28.201,0.211,12.292,0.464,25.081,0.211,15.726,0.464,19.236,0.45,6.607,0.442,30.903,0.536,15.212,0.656,31.683,0.536,12.131,0.656,18.181,0.033,15.242,0.056,7.508,0.042,7.221,0.028,28.088,0.158,17.64,0.442,34.425,1.875,21.191,1.114,22.533,0.05,13.267,0.139,24.091,0.05,14.733,0.139,14.925,0.522,12.349,0.517,14.445,0.522,12.565,0.517,13.594,0.031,11.754,0.158,13.493,0.028,9.414,0.097,18.079,0.011,12.757,0.067,26.914,0.147,11.343,0.308,23.204,0.179,10.212,0.422,14.235,0.188,12.474,0.66,9.531,0.039,9.939,0.073,12.308,0.125,11.399,0.175
28.338,0.217,12.33,0.425,24.937,0.217,15.662,0.425,19.302,0.422,6.57,0.369,30.957,0.506,15.217,0.686,31.726,0.506,12.13,0.686,18.104,0.025,15.304,0.089,7.448,0.047,7.191,0.047,28.047,0.169,17.647,0.389,35.008,1.883,21.499,1.139,22.49,0.053,13.329,0.136,24.316,0.053,14.622,0.136,15.051,0.489,12.204,0.464,14.554,0.489,12.676,0.464,13.612,0.028,11.622,0.117,13.465,0.036,9.382,0.064,17.993,0.022,12.558,0.047,27.002,0.145,11.189,0.322,23.259,0.19,10.128,0.388,14.152,0.206,12.324,0.655,9.403,0.023,9.813,0.068,12.363,0.122,11.414,0.215
28.328,0.222,12.223,0.431,24.95,0.222,15.573,0.431,19.19,0.436,6.578,0.408,30.557,0.525,14.925,0.725,31.355,0.525,11.86,0.725,18.12,0.031,15.329,0.069,7.407,0.019,7.205,0.044,27.784,0.097,17.504,0.247,34.507,1.897,21.119,1.061,22.341,0.033,13.123,0.169,24.38,0.033,14.536,0.169,14.837,0.464,12.037,0.422,14.227,0.464,12.391,0.422,13.53,0.042,11.431,0.197,13.554,0.028,9.28,0.069,18.099,0.019,12.44,0.064,27.201,0.184,11.166,0.338,23.398,0.243,10.198,0.388,14.188,0.197,12.195,0.651,9.194,0.039,9.659,0.093,12.441,0.104,11.542,0.184
28.042,0.239,12.095,0.369,25.23,0.239,15.519,0.369,18.861,0.392,6.417,0.411,30.495,0.497,14.776,0.667,31.3,0.497,11.744,0.667,18.167,0.056,15.19,0.103,7.325,0.022,7.217,0.058,27.91,0.119,17.498,0.325,35.166,1.814,21.489,1.231,22.536,0.047,13.253,0.142,23.925,0.047,14.426,0.142,14.7,0.506,11.849,0.461,14.063,0.506,12.288,0.461,13.437,0.039,11.352,0.111,13.466,0.022,9.213,0.092,17.977,0.017,12.225,0.061,26.38,0.186,10.903,0.342,23.057,0.143,9.968,0.374,14.095,0.19,12.03,0.617,9.533,0.052,10.152,0.098,12.579,0.122,11.566,0.222
28.055,0.208,11.994,0.422,25,0.208,15.452,0.422,19.264,0.444,6.464,0.411,30.409,0.525,14.701,0.633,31.531,0.525,11.559,0.633,18.259,0.033,15.282,0.069,7.436,0.036,7.192,0.042,28.321,0.208,17.798,0.494,35.141,2.025,21.348,1.111,22.037,0.047,13.022,0.106,24.17,0.047,14.264,0.106,14.58,0.422,11.777,0.497,13.644,0.422,11.806,0.497,13.218,0.028,11.169,0.111,13.428,0.044,9.152,0.072,18.019,0.019,12.082,0.056,26.045,0.163,10.676,0.268,22.711,0.202,9.788,0.376,14.096,0.175,11.887,0.698,9.536,0.025,10.052,0.095,12.644,0.129,11.525,0.206
27.896,0.242,11.944,0.358,25.011,0.242,15.411,0.358,19.334,0.461,6.439,0.389,30.486,0.536,14.533,0.622,31.638,0.536,11.659,0.622,18.286,0.014,15.24,0.106,7.369,0.017,7.196,0.05,28.022,0.247,17.529,0.531,34.667,1.947,21.047,1.067,22.448,0.053,13.261,0.153,24.217,0.053,14.238,0.153,14.42,0.472,11.574,0.489,13.709,0.472,11.732,0.489,13.103,0.044,10.947,0.128,13.437,0.028,9.051,0.086,17.95,0.028,11.978,0.075,25.184,0.179,10.383,0.293,22.387,0.152,9.577,0.317,14.088,0.172,11.854,0.655,9.252,0.034,9.8,0.075,12.665,0.127,11.585,0.163
27.726,0.189,11.811,0.367,25.072,0.189,15.428,0.367,19.329,0.461,6.424,0.369,30.509,0.481,14.5,0.664,31.648,0.481,11.491,0.664,18.179,0.033,15.287,0.092,7.299,0.042,7.201,0.042,28.043,0.172,17.45,0.397,34.967,1.858,21.092,1.131,22.701,0.047,13.275,0.156,24.143,0.047,14.239,0.156,14.35,0.475,11.362,0.45,13.567,0.475,11.649,0.45,13.109,0.014,10.914,0.144,13.535,0.033,9.099,0.108,17.911,0.033,11.898,0.067,25.511,0.156,10.388,0.231,22.685,0.2,9.69,0.351,13.961,0.188,11.664,0.658,9.105,0.043,9.739,0.095,12.626,0.102,11.537,0.195
27.955,0.194,11.765,0.356,25.148,0.194,15.279,0.356,19.379,0.433,6.41,0.422,30.381,0.533,14.434,0.725,31.511,0.533,11.435,0.725,18.128,0.025,15.237,0.078,7.303,0.025,7.16,0.069,27.612,0.167,17.125,0.414,34.997,1.894,21.116,1.106,22.297,0.042,13.033,0.156,23.811,0.042,14.078,0.156,14.373,0.469,11.345,0.467,13.527,0.469,11.598,0.467,13.076,0.039,10.758,0.117,13.552,0.047,9.025,0.111,17.905,0.039,11.745,0.061,26.006,0.154,10.467,0.288,23.024,0.204,9.742,0.37,13.912,0.17,11.517,0.703,8.966,0.029,9.627,0.07,12.668,0.125,11.54,0.193
27.972,0.269,11.782,0.472,25.155,0.269,15.176,0.472,19.131,0.456,6.429,0.408,30.367,0.617,14.166,0.614,31.46,0.617,11.425,0.614,18.209,0.022,15.143,0.072,7.315,0.025,7.183,0.064,27.723,0.128,17.286,0.339,34.195,1.739,20.718,1.05,22.479,0.039,13.24,0.161,23.671,0.039,13.997,0.161,14.188,0.439,11.29,0.453,13.347,0.439,11.36,0.453,12.92,0.025,10.724,0.139,13.43,0.039,8.92,0.075,17.829,0.019,11.75,0.056,26.095,0.172,10.383,0.329,23.117,0.159,9.763,0.374,13.962,0.181,11.564,0.628,9.143,0.032,9.618,0.095,12.627,0.127,11.486,0.172
28.142,0.228,11.786,0.461,25.011,0.228,15.123,0.461,19.375,0.464,6.417,0.444,30.183,0.517,13.981,0.653,31.65,0.517,11.327,0.653,18.174,0.042,15.242,0.086,7.29,0.044,7.169,0.047,28.147,0.139,17.598,0.433,35.028,1.889,20.974,1.133,22.376,0.05,13.064,0.125,23.783,0.05,14.072,0.125,14.184,0.508,11.166,0.533,13.065,0.508,11.133,0.533,12.841,0.025,10.585,0.131,13.375,0.044,8.913,0.094,17.793,0.033,11.707,0.064,26.117,0.188,10.433,0.279,23.143,0.177,9.72,0.327,13.892,0.161,11.361,0.58,8.979,0.039,9.622,0.07,12.624,0.132,11.502,0.193
28.063,0.197,11.706,0.431,24.87,0.197,15.108,0.431,19.31,0.414,6.338,0.319,30.01,0.503,13.893,0.65,31.324,0.503,11.183,0.65,18.179,0.025,15.205,0.083,7.224,0.036,7.118,0.031,27.715,0.108,17.186,0.242,34.084,1.944,20.477,1.161,22.12,0.044,12.917,0.175,23.777,0.044,14.092,0.175,14.135,0.486,11.085,0.536,12.891,0.486,10.865,0.536,12.886,0.039,10.525,0.136,13.215,0.025,8.802,0.092,17.472,0.025,11.453,0.067,26.275,0.143,10.345,0.297,23.139,0.184,9.743,0.385,13.904,0.156,11.415,0.655,8.928,0.023,9.617,0.066,12.569,0.166,11.526,0.177
27.871,0.231,11.686,0.389,24.856,0.231,15.05,0.389,18.902,0.406,6.224,0.347,29.655,0.511,13.675,0.556,30.68,0.511,11.076,0.556,18.28,0.017,15.203,0.075,7.273,0.036,7.136,0.061,27.819,0.114,17.308,0.317,34.822,1.861,20.745,1.006,22.208,0.061,12.992,0.15,23.556,0.061,14.009,0.15,13.959,0.447,11.072,0.464,12.792,0.447,10.786,0.464,12.612,0.033,10.345,0.122,13.143,0.025,8.782,0.106,17.401,0.025,11.365,0.067,26.329,0.184,10.323,0.306,23.282,0.22,9.745,0.429,13.92,0.186,11.421,0.599,9.261,0.036,9.802,0.073,12.463,0.12,11.485,0.159
27.704,0.236,11.636,0.381,24.824,0.236,15.033,0.381,18.99,0.431,6.276,0.461,29.53,0.492,13.584,0.717,30.702,0.492,11.027,0.717,18.232,0.031,15.236,0.089,7.296,0.019,7.162,0.05,28.018,0.192,17.439,0.392,34.333,1.925,20.539,1.025,21.853,0.047,12.843,0.139,23.853,0.047,14.11,0.139,13.829,0.411,10.86,0.467,12.9,0.411,10.798,0.467,12.717,0.031,10.403,0.122,13.089,0.042,8.8,0.089,17.327,0.047,11.409,0.078,26.314,0.209,10.234,0.313,23.354,0.22,9.708,0.399,13.937,0.195,11.343,0.574,9.012,0.043,9.659,0.057,12.73,0.136,11.479,0.195
27.614,0.261,11.618,0.369,24.739,0.261,14.927,0.369,19.19,0.417,6.324,0.356,29.876,0.525,13.673,0.683,31.164,0.525,10.954,0.683,18.302,0.036,15.301,0.075,7.289,0.022,7.041,0.05,27.312,0.114,17.021,0.253,34.027,1.833,20.343,1.114,22.333,0.044,13.034,0.189,23.86,0.044,14.018,0.189,13.774,0.467,10.785,0.467,12.568,0.467,10.584,0.467,12.573,0.033,10.252,0.119,13.243,0.028,8.794,0.086,17.403,0.025,11.326,0.069,26.467,0.188,10.304,0.349,23.444,0.259,9.719,0.388,13.883,0.22,11.297,0.673,8.967,0.027,9.744,0.079,12.775,0.134,11.556,0.211
27.471,0.2,11.582,0.35,24.748,0.2,14.964,0.35,19.36,0.386,6.299,0.381,29.589,0.494,13.315,0.619,31.275,0.494,10.933,0.619,18.132,0.031,15.201,0.117,7.24,0.014,7.124,0.078,27.586,0.1,17.084,0.275,34.139,1.847,20.405,1.086,22.303,0.044,13.105,0.156,23.982,0.044,13.999,0.156,13.663,0.478,10.772,0.511,12.52,0.478,10.452,0.511,12.549,0.042,10.224,0.131,13.059,0.053,8.675,0.044,17.189,0.025,11.238,0.078,26.069,0.2,10.192,0.299,23.246,0.209,9.656,0.385,13.918,0.177,11.297,0.637,8.771,0.027,9.381,0.079,12.793,0.141,11.503,0.2
27.309,0.203,11.52,0.394,24.707,0.203,14.891,0.394,19.177,0.361,6.268,0.372,29.623,0.553,13.26,0.672,31.086,0.553,10.939,0.672,18.122,0.033,15.099,0.103,7.173,0.025,7.053,0.047,27.398,0.158,16.986,0.733,34.251,1.911,20.372,0.989,21.642,0.058,12.791,0.164,23.89,0.058,14.079,0.164,13.602,0.517,10.691,0.469,12.43,0.517,10.439,0.469,12.309,0.028,10.078,0.164,13.05,0.044,8.609,0.119,16.956,0.017,11.083,0.081,24.793,0.181,9.827,0.265,22.582,0.204,9.261,0.322,13.778,0.17,11.237,0.612,8.784,0.018,9.494,0.079,12.679,0.138,11.413,0.141
27.368,0.236,11.503,0.442,24.699,0.236,14.876,0.442,19.36,0.506,6.31,0.389,29.646,0.492,13.127,0.656,31.071,0.492,10.793,0.656,18.2,0.019,15.284,0.094,7.173,0.025,7.105,0.047,27.381,0.094,17.042,0.225,33.91,1.75,20.168,1.119,21.665,0.047,12.779,0.175,23.88,0.047,14.119,0.175,13.511,0.503,10.599,0.444,12.316,0.503,10.265,0.444,12.274,0.056,10.042,0.125,12.958,0.047,8.562,0.125,16.969,0.025,11.102,0.081,25.14,0.125,9.923,0.274,23.013,0.161,9.431,0.331,13.905,0.181,11.207,0.565,8.74,0.039,9.331,0.082,12.599,0.125,11.433,0.152
27.544,0.286,11.524,0.4,24.699,0.286,14.851,0.4,19.263,0.428,6.289,0.4,29.394,0.436,12.951,0.686,31.082,0.436,10.698,0.686,18.287,0.028,15.288,0.089,7.262,0.025,7.078,0.05,27.581,0.089,17.065,0.239,34.441,1.883,20.514,1.125,21.77,0.022,12.81,0.161,23.835,0.022,14.115,0.161,13.352,0.508,10.468,0.461,12.204,0.508,10.157,0.461,12.288,0.033,9.906,0.131,12.869,0.033,8.505,0.106,16.686,0.031,11.036,0.075,24.959,0.152,9.818,0.259,22.859,0.2,9.331,0.32,13.747,0.211,11.117,0.605,8.812,0.036,9.47,0.061,12.491,0.12,11.363,0.188
27.502,0.219,11.446,0.411,24.746,0.219,14.713,0.411,19.273,0.447,6.213,0.369,29.139,0.503,12.924,0.717,30.962,0.503,10.683,0.717,18.258,0.039,15.306,0.097,7.21,0.039,7.106,0.05,27.62,0.069,17.178,0.253,34.161,1.758,20.315,1.194,21.871,0.075,13.088,0.156,23.742,0.075,14.135,0.156,13.239,0.442,10.417,0.483,12.13,0.442,10.003,0.483,12.14,0.028,9.886,0.178,12.934,0.033,8.55,0.083,16.762,0.019,11.081,0.064,24.475,0.141,9.721,0.256,22.715,0.175,9.203,0.37,13.635,0.179,11.067,0.621,8.535,0.039,9.313,0.075,12.311,0.107,11.369,0.188
27.589,0.256,11.475,0.414,24.582,0.256,14.595,0.414,19.315,0.394,6.237,0.444,29.228,0.556,12.784,0.603,30.959,0.556,10.637,0.603,18.287,0.031,15.231,0.081,7.215,0.025,7.036,0.058,27.113,0.069,16.871,0.233,34.044,1.822,20.328,1.086,21.553,0.056,12.806,0.128,23.859,0.056,14.032,0.128,13.221,0.478,10.458,0.486,11.989,0.478,9.931,0.486,12.072,0.028,9.909,0.122,13.018,0.053,8.661,0.106,16.791,0.036,11.09,0.058,24.467,0.141,9.695,0.247,22.659,0.195,9.273,0.308,13.736,0.166,11.098,0.653,8.37,0.027,9.125,0.091,12.581,0.12,11.411,0.188
27.491,0.247,11.47,0.408,24.624,0.247,14.689,0.408,19.427,0.45,6.275,0.383,29.034,0.506,12.758,0.694,31.068,0.506,10.676,0.694,18.245,0.019,15.258,0.086,7.145,0.036,6.985,0.064,27.464,0.078,17.072,0.206,33.7,1.803,19.975,1.033,21.157,0.025,12.541,0.147,23.874,0.025,14.095,0.147,13.004,0.478,10.083,0.469,11.862,0.478,9.814,0.469,11.982,0.028,9.781,0.133,13.114,0.025,8.565,0.092,16.858,0.033,11.131,0.092,24.295,0.177,9.678,0.283,22.646,0.179,9.163,0.363,13.673,0.2,11.18,0.608,8.605,0.039,9.234,0.086,12.503,0.145,11.394,0.188
27.626,0.233,11.459,0.383,24.583,0.233,14.669,0.383,19.418,0.397,6.346,0.367,29.129,0.464,12.665,0.703,31.047,0.464,10.614,0.703,18.255,0.022,15.188,0.092,7.142,0.039,7.037,0.061,27.353,0.208,17.025,0.508,33.661,1.831,19.917,1.089,21.785,0.05,13.025,0.175,23.843,0.05,14.21,0.175,12.998,0.469,10.215,0.45,11.803,0.469,9.781,0.45,11.91,0.028,9.661,0.111,13.092,0.05,8.635,0.069,16.832,0.028,11.106,0.056,24.816,0.145,9.715,0.281,22.895,0.188,9.321,0.37,13.609,0.19,11.037,0.633,8.218,0.029,8.966,0.075,12.548,0.143,11.452,0.172
27.631,0.253,11.505,0.347,24.592,0.253,14.587,0.347,19.158,0.375,6.193,0.422,28.618,0.514,12.519,0.633,30.559,0.514,10.556,0.633,18.23,0.022,15.257,0.092,7.111,0.042,6.96,0.064,27.672,0.072,17.136,0.211,34.065,1.822,20.097,1.117,21.74,0.05,12.999,0.178,23.721,0.05,14.157,0.178,12.781,0.417,9.982,0.447,11.606,0.417,9.618,0.447,11.751,0.05,9.527,0.131,12.941,0.019,8.604,0.089,16.51,0.017,10.987,0.083,24.661,0.177,9.729,0.304,22.816,0.184,9.214,0.374,13.559,0.211,10.982,0.549,8.254,0.027,8.974,0.07,12.661,0.093,11.462,0.163
27.543,0.233,11.438,0.422,24.413,0.233,14.565,0.422,19.633,0.372,6.365,0.428,29.013,0.492,12.485,0.633,31.131,0.492,10.728,0.633,18.297,0.014,15.3,0.131,7.121,0.014,7.011,0.039,27.22,0.144,16.894,0.311,34.537,1.828,20.424,1.111,21.648,0.039,13.043,0.192,23.55,0.039,14.172,0.192,12.702,0.408,9.866,0.403,11.524,0.408,9.539,0.403,11.755,0.033,9.559,0.136,12.911,0.031,8.513,0.111,16.387,0.022,10.99,0.075,24.141,0.161,9.58,0.351,22.652,0.175,9.103,0.372,13.545,0.17,10.943,0.664,8.262,0.034,8.996,0.082,12.562,0.113,11.44,0.204
27.528,0.253,11.481,0.403,24.395,0.253,14.553,0.403,19.634,0.447,6.4,0.364,28.675,0.481,12.47,0.708,30.799,0.481,10.681,0.708,18.326,0.031,15.222,0.1,7.101,0.022,6.947,0.061,27.543,0.089,17.175,0.189,34.114,1.728,20.196,1.153,21.693,0.061,13.13,0.183,23.625,0.061,14.306,0.183,12.647,0.464,9.908,0.364,11.241,0.464,9.318,0.364,11.579,0.033,9.471,0.131,12.744,0.036,8.469,0.067,16.161,0.033,10.858,0.083,23.866,0.145,9.453,0.306,22.464,0.143,9.06,0.336,13.536,0.175,10.96,0.605,8.267,0.039,9.061,0.084,12.602,0.125,11.34,0.197
27.47,0.186,11.452,0.4,24.325,0.186,14.643,0.4,19.412,0.406,6.34,0.361,28.571,0.5,12.34,0.667,30.72,0.5,10.52,0.667,18.382,0.022,15.267,0.067,7.089,0.036,6.958,0.061,27.649,0.042,17.225,0.244,34.201,1.822,20.36,1.039,21.937,0.036,13.248,0.181,23.408,0.036,14.254,0.181,12.491,0.419,9.883,0.461,11.261,0.419,9.348,0.461,11.472,0.025,9.406,0.119,12.842,0.031,8.425,0.097,16.137,0.036,10.867,0.075,24.485,0.168,9.641,0.274,22.823,0.181,9.176,0.379,13.451,0.17,10.879,0.619,8.151,0.041,8.953,0.095,12.517,0.159,11.332,0.179
27.193,0.219,11.412,0.414,24.179,0.219,14.516,0.414,19.554,0.397,6.393,0.414,28.384,0.456,12.218,0.761,30.777,0.456,10.68,0.761,18.266,0.017,15.228,0.086,7.113,0.028,6.999,0.067,27.154,0.047,16.908,0.192,33.556,1.875,19.945,1.119,21.017,0.047,12.744,0.175,23.655,0.047,14.365,0.175,12.404,0.469,9.782,0.467,10.993,0.469,9.123,0.467,11.454,0.061,9.358,0.169,12.856,0.056,8.428,0.083,16.102,0.025,10.875,0.072,24.151,0.134,9.553,0.322,22.81,0.154,9.208,0.39,13.589,0.184,10.966,0.569,8.216,0.029,9.174,0.109,12.553,0.109,11.257,0.193
27.265,0.242,11.418,0.394,24.167,0.242,14.54,0.394,19.665,0.436,6.378,0.517,28.48,0.508,12.199,0.697,30.765,0.508,10.671,0.697,18.26,0.028,15.279,0.086,7.054,0.047,6.917,0.044,27.61,0.1,17.291,0.272,34.127,1.875,20.214,1.103,21.389,0.064,12.979,0.133,23.475,0.064,14.379,0.133,12.5,0.444,9.703,0.453,10.982,0.444,9.085,0.453,11.519,0.042,9.341,0.147,12.851,0.036,8.514,0.089,16.008,0.025,10.802,0.067,23.766,0.145,9.436,0.293,22.54,0.184,9.04,0.356,13.586,0.186,11.021,0.644,7.865,0.045,8.902,0.066,12.584,0.104,11.161,0.211
26.877,0.222,11.371,0.411,24.188,0.222,14.483,0.411,19.675,0.436,6.373,0.419,28.551,0.497,12.158,0.658,30.788,0.497,10.634,0.658,18.192,0.019,15.237,0.094,7.073,0.042,6.901,0.053,27.291,0.056,16.934,0.222,34.253,1.786,20.296,1.078,21.616,0.064,13.154,0.117,23.574,0.064,14.469,0.117,12.473,0.486,9.674,0.414,11.119,0.486,9.109,0.414,11.556,0.047,9.293,0.147,12.777,0.028,8.509,0.092,15.887,0.017,10.865,0.097,23.332,0.134,9.363,0.324,22.192,0.138,8.803,0.404,13.424,0.166,10.925,0.673,7.828,0.032,8.703,0.091,12.405,0.145,11.238,0.184
26.614,0.25,11.272,0.397,24.097,0.25,14.508,0.397,19.84,0.408,6.5,0.353,28.499,0.439,12.114,0.628,31.003,0.439,10.673,0.628,18.321,0.014,15.3,0.089,7.094,0.022,6.917,0.05,27.483,0.081,17.143,0.192,33.917,1.881,20.127,1.036,21.913,0.05,13.454,0.161,23.706,0.05,14.504,0.161,12.382,0.447,9.782,0.475,10.996,0.447,9.05,0.475,11.364,0.056,9.194,0.128,12.733,0.028,8.439,0.086,15.621,0.022,10.746,0.064,22.366,0.134,9.16,0.288,22.028,0.143,8.698,0.342,13.372,0.184,10.904,0.646,7.707,0.027,8.521,0.077,12.358,0.145,11.133,0.184
26.418,0.211,11.259,0.361,24.23,0.211,14.481,0.361,19.732,0.422,6.437,0.406,28.049,0.567,12.04,0.669,30.673,0.567,10.601,0.669,18.252,0.025,15.182,0.086,7.022,0.044,6.878,0.033,27.147,0.067,16.934,0.2,33.664,1.842,20.011,1.064,21.808,0.058,13.339,0.147,23.466,0.058,14.488,0.147,12.293,0.481,9.703,0.472,10.786,0.481,8.84,0.472,11.293,0.053,9.165,0.1,12.562,0.042,8.35,0.064,15.484,0.017,10.63,0.069,22.608,0.145,9.13,0.249,22.012,0.145,8.737,0.313,13.413,0.179,10.967,0.669,7.915,0.052,8.935,0.068,12.256,0.095,11.1,0.166
26.624,0.197,11.351,0.408,24.035,0.197,14.462,0.408,19.588,0.442,6.404,0.408,27.988,0.5,11.963,0.703,30.334,0.5,10.51,0.703,18.323,0.033,15.334,0.081,7.046,0.022,6.977,0.058,27.269,0.044,16.93,0.172,33.418,1.933,19.862,1.086,21.494,0.067,13.285,0.119,23.472,0.067,14.549,0.119,12.008,0.444,9.361,0.417,10.732,0.444,8.883,0.417,11.251,0.039,9.128,0.153,12.551,0.028,8.387,0.1,15.277,0.017,10.595,0.092,22.667,0.113,9.24,0.245,22.144,0.161,8.678,0.363,13.414,0.202,10.906,0.558,7.748,0.036,8.823,0.073,12.327,0.12,11.187,0.168
26.746,0.222,11.381,0.439,23.887,0.222,14.47,0.439,19.391,0.389,6.332,0.422,27.93,0.461,11.967,0.653,30.11,0.461,10.433,0.653,18.309,0.017,15.266,0.114,7.043,0.031,6.934,0.047,26.99,0.061,16.892,0.169,33.316,1.817,19.907,1.147,21.721,0.058,13.411,0.169,23.391,0.058,14.516,0.169,12.133,0.436,9.516,0.436,10.574,0.436,8.813,0.436,11.175,0.058,9.108,0.106,12.527,0.05,8.371,0.081,15.166,0.028,10.536,0.061,22.415,0.154,9.144,0.224,22.046,0.15,8.715,0.322,13.295,0.2,10.85,0.608,7.724,0.05,8.669,0.098,12.5,0.098,11.214,0.215
26.57,0.281,11.359,0.411,23.767,0.281,14.373,0.411,19.536,0.453,6.325,0.378,27.8,0.472,11.903,0.614,30.083,0.472,10.415,0.614,18.216,0.047,15.173,0.075,7.011,0.033,6.883,0.053,26.921,0.064,16.878,0.222,33.308,1.892,19.943,1.156,21.215,0.058,13.232,0.142,23.465,0.058,14.68,0.142,12.102,0.461,9.544,0.417,10.524,0.461,8.823,0.417,11.2,0.022,9.069,0.114,12.548,0.042,8.367,0.114,15.203,0.028,10.527,0.083,22.445,0.156,9.107,0.254,22.153,0.179,8.628,0.322,13.241,0.19,10.878,0.624,7.541,0.043,8.69,0.102,12.598,0.122,11.16,0.236
26.58,0.256,11.265,0.392,23.825,0.256,14.34,0.392,19.274,0.381,6.347,0.403,27.585,0.544,11.811,0.642,29.832,0.544,10.289,0.642,18.306,0.017,15.26,0.106,6.984,0.033,6.901,0.064,26.844,0.072,16.712,0.222,33.848,1.872,20.168,1.058,21.021,0.042,13.145,0.153,23.503,0.042,14.628,0.153,11.987,0.442,9.498,0.422,10.462,0.442,8.702,0.422,11.117,0.039,9.108,0.125,12.644,0.039,8.424,0.133,15.184,0.028,10.563,0.103,22.22,0.143,9.063,0.243,22.053,0.154,8.613,0.37,13.081,0.186,10.586,0.612,7.761,0.045,8.763,0.07,11.989,0.111,10.908,0.19
26.017,0.178,11.237,0.425,23.932,0.178,14.388,0.425,18.986,0.464,6.212,0.403,27.173,0.439,11.745,0.722,29.164,0.439,10.297,0.722,18.268,0.019,15.245,0.103,6.96,0.006,6.847,0.056,26.645,0.086,16.606,0.222,32.699,1.733,19.562,0.972,20.983,0.05,13.079,0.153,23.543,0.05,14.843,0.153,11.829,0.422,9.349,0.467,10.46,0.422,8.722,0.467,11.064,0.044,8.973,0.1,12.519,0.036,8.362,0.106,15.023,0.031,10.484,0.072,21.993,0.141,8.992,0.24,22.141,0.156,8.666,0.329,12.898,0.154,10.524,0.61,7.348,0.043,8.252,0.066,11.733,0.1,10.691,0.161
25.695,0.206,11.182,0.386,23.924,0.206,14.396,0.386,19.215,0.461,6.308,0.394,27.367,0.436,11.68,0.689,29.504,0.436,10.302,0.689,18.248,0.025,15.156,0.086,6.937,0.011,6.875,0.056,26.381,0.036,16.494,0.164,33.093,1.683,19.834,1,20.588,0.044,12.949,0.178,23.475,0.044,14.864,0.178,11.712,0.422,9.308,0.481,10.313,0.422,8.67,0.481,11.053,0.039,8.999,0.114,12.505,0.033,8.331,0.078,14.956,0.022,10.461,0.056,22.36,0.109,9.071,0.283,22.207,0.17,8.566,0.329,12.528,0.163,10.217,0.526,7.447,0.061,8.491,0.098,11.378,0.104,10.482,0.143
25.823,0.169,11.094,0.375,23.877,0.169,14.32,0.375,19.434,0.381,6.33,0.422,27.267,0.422,11.652,0.628,29.829,0.422,10.311,0.628,18.233,0.047,15.218,0.081,6.9,0.036,6.89,0.033,26.648,0.064,16.678,0.208,33.106,1.789,19.863,0.978,20.68,0.047,13.145,0.136,23.512,0.047,14.785,0.136,11.534,0.4,8.966,0.525,10.244,0.4,8.553,0.525,10.871,0.022,8.899,0.139,12.463,0.031,8.355,0.097,14.854,0.033,10.373,0.083,21.935,0.129,8.959,0.252,22.039,0.163,8.562,0.39,12.435,0.15,10.174,0.558,7.558,0.048,8.476,0.079,11.246,0.127,10.494,0.143
26.043,0.247,11.206,0.367,23.755,0.247,14.283,0.367,19.38,0.4,6.376,0.408,27.305,0.528,11.708,0.683,29.569,0.528,10.445,0.683,18.235,0.028,15.207,0.1,6.926,0.019,6.865,0.033,26.761,0.067,16.784,0.183,33.499,1.864,20.011,1.092,21.339,0.05,13.445,0.106,23.358,0.05,14.827,0.106,11.767,0.472,9.16,0.467,10.161,0.472,8.514,0.467,10.914,0.044,8.91,0.175,12.37,0.019,8.304,0.1,14.64,0.028,10.383,0.103,22.352,0.172,9.127,0.308,22.285,0.159,8.789,0.315,12.254,0.17,10.022,0.583,7.201,0.032,8.203,0.073,11.659,0.088,10.693,0.17
25.935,0.214,11.196,0.4,23.796,0.214,14.223,0.4,18.977,0.467,6.247,0.4,26.747,0.5,11.522,0.647,29.007,0.5,10.22,0.647,18.269,0.044,15.21,0.1,6.928,0.025,6.883,0.058,27.113,0.075,16.986,0.164,32.902,1.703,19.722,1.142,21.39,0.042,13.488,0.158,23.369,0.042,14.894,0.158,11.635,0.381,9.201,0.431,10.129,0.381,8.465,0.431,10.822,0.025,8.826,0.144,12.37,0.044,8.279,0.128,14.648,0.028,10.322,0.094,22.045,0.143,9.021,0.27,22.314,0.172,8.643,0.32,12.066,0.143,9.864,0.605,7.058,0.039,8.188,0.082,11.373,0.093,10.53,0.141
25.891,0.194,11.134,0.372,23.694,0.194,14.275,0.372,19.009,0.456,6.276,0.478,26.724,0.431,11.519,0.733,29.19,0.431,10.15,0.733,18.218,0.022,15.143,0.097,6.936,0.039,6.868,0.047,26.293,0.081,16.445,0.211,33.427,1.756,20.093,1.089,21.053,0.061,13.328,0.153,23.326,0.061,14.942,0.153,11.445,0.408,9.021,0.447,10.106,0.408,8.424,0.447,10.746,0.031,8.786,0.103,12.564,0.014,8.367,0.122,14.831,0.017,10.401,0.089,21.333,0.118,8.838,0.34,21.856,0.154,8.484,0.345,11.765,0.197,9.643,0.63,7.112,0.048,8.255,0.084,11.098,0.138,10.345,0.136
25.668,0.217,11.146,0.4,23.709,0.217,14.341,0.4,18.955,0.403,6.351,0.394,26.765,0.45,11.525,0.658,28.973,0.45,10.213,0.658,18.355,0.025,15.102,0.081,6.893,0.031,6.888,0.047,27.16,0.067,16.981,0.206,33.508,1.914,20.024,1.072,21.102,0.067,13.446,0.153,23.235,0.067,14.772,0.153,11.212,0.411,8.765,0.425,10.045,0.411,8.392,0.425,10.746,0.022,8.824,0.128,12.62,0.056,8.459,0.083,14.623,0.019,10.392,0.078,21.339,0.138,8.847,0.259,21.955,0.143,8.529,0.354,11.423,0.186,9.442,0.587,6.968,0.045,8.096,0.07,10.317,0.095,9.919,0.12
25.477,0.225,11.056,0.394,23.769,0.225,14.267,0.394,19.188,0.356,6.322,0.422,26.759,0.486,11.622,0.692,29.103,0.486,10.293,0.692,18.281,0.036,15.087,0.086,6.909,0.044,6.857,0.028,26.952,0.061,16.916,0.219,33.172,1.789,19.973,1.003,21.119,0.061,13.603,0.153,23.168,0.061,14.837,0.153,11.36,0.425,8.978,0.542,9.916,0.425,8.365,0.542,10.698,0.05,8.745,0.128,12.375,0.047,8.325,0.092,14.289,0.017,10.265,0.069,21.197,0.143,8.803,0.234,21.884,0.15,8.456,0.277,11.448,0.163,9.506,0.576,6.981,0.034,8.053,0.1,9.357,0.066,9.181,0.129
