6-Pgd_KK_1-405,6-Pgd_KK_1-BG,6-Pgd_KK_1-568,6-Pgd_KK_1-BG,6-Pgd_KK_2-405,6-Pgd_KK_2-BG,6-Pgd_KK_2-568,6-Pgd_KK_2-BG,6-Pgd_KK_3-405,6-Pgd_KK_3-BG,6-Pgd_KK_3-568,6-Pgd_KK_3-BG,6-Pgd_KK_4-405,6-Pgd_KK_4-BG,6-Pgd_KK_4-568,6-Pgd_KK_4-BG,6-Pgd_KK_5-405,6-Pgd_KK_5-BG,6-Pgd_KK_5-568,6-Pgd_KK_5-BG,6-Pgd_KK_6-405,6-Pgd_KK_6-BG,6-Pgd_KK_6-568,6-Pgd_KK_6-BG,6-Pgd_KK_7-405,6-Pgd_KK_7-BG,6-Pgd_KK_7-568,6-Pgd_KK_7-BG,6-Pgd_KK_8-405,6-Pgd_KK_8-BG,6-Pgd_KK_8-568,6-Pgd_KK_8-BG,6-Pgd_KK_9-405,6-Pgd_KK_9-BG,6-Pgd_KK_9-568,6-Pgd_KK_9-BG,6-Pgd_KK_10-405,6-Pgd_KK_10-BG,6-Pgd_KK_10-568,6-Pgd_KK_10-BG,6-Pgd_KK_11-405,6-Pgd_KK_11-BG,6-Pgd_KK_11-568,6-Pgd_KK_11-BG,6-Pgd_KK_12-405,6-Pgd_KK_12-BG,6-Pgd_KK_12-568,6-Pgd_KK_12-BG,6-Pgd_KK_13-405,6-Pgd_KK_13-BG,6-Pgd_KK_13-568,6-Pgd_KK_13-BG,6-Pgd_KK_14-405,6-Pgd_KK_14-BG,6-Pgd_KK_14-568,6-Pgd_KK_14-BG,6-Pgd_KK_15-405,6-Pgd_KK_15-BG,6-Pgd_KK_15-568,6-Pgd_KK_15-BG,6-Pgd_KK_16-405,6-Pgd_KK_16-BG,6-Pgd_KK_16-568,6-Pgd_KK_16-BG,6-Pgd_KK_17-405,6-Pgd_KK_17-BG,6-Pgd_KK_17-568,6-Pgd_KK_17-BG,6-Pgd_KK_18-405,6-Pgd_KK_18-BG,6-Pgd_KK_18-568,6-Pgd_KK_18-BG
25.412,0.657,31.745,0,14.673,0.2,21.719,0,26.111,0.086,81.943,0,16.815,0.086,62.586,0,26.397,0.057,86.474,0,18.286,0.057,41.858,0,19.064,0.13,53.738,0.013,30.961,1.167,69.663,0.095,17.87,1.167,45.757,0.095,30.721,1,69.144,0.086,25.284,1,62.905,0.086,25.967,0,60.249,0,21.554,0,58.396,0,28.309,0,72.002,0.056,43.942,0,97.368,0.014,37.389,0,68.76,0.042,63.193,0,139.25,0.042,50.522,0,113.236,0.042
38.319,0.4,54.334,0,27.219,0.286,39.129,0,26.149,0.114,82.269,0,16.788,0.114,61.35,0,26.57,0.143,87.548,0,18.343,0.171,42.137,0,18.906,0.143,52.815,0.013,31.608,1.381,70.529,0.095,17.926,1.381,46.435,0.071,30.454,1,69.491,0.171,25.328,1,63.614,0.171,31.877,0,82.802,0.028,21.353,0,58.983,0.028,28.193,1,72.189,0.042,43.58,0,97.428,0.014,39.441,0,73.811,0.042,61.994,0,137.495,0.042,48.691,0,110.735,0.042
42.887,0.286,57.766,0,27.062,0.171,37.647,0.029,26.324,0.143,81.937,0.029,16.994,0.143,61.874,0.029,26.546,0.029,87.214,0,18.406,0.029,43.103,0,18.678,0.091,52.578,0.019,31.519,1.357,70.69,0.071,18.067,1.357,46.438,0.119,29.676,1,68.744,0.086,25.329,1,64.56,0.086,31.182,0,82.425,0.014,20.978,0,58.531,0.014,28.463,1,72.519,0,43.622,0,96.507,0,38.795,0,72.524,0.056,61.242,0,138.076,0.056,48.139,0,110.393,0.056
45.598,0.4,60.369,0.029,26.368,0.114,37.01,0,26.213,0.114,81.376,0,16.818,0.114,62.457,0,26.515,0.086,87.422,0,18.303,0.143,43.022,0.029,18.264,0.11,52.525,0.019,31.793,1.452,70.618,0.119,18.219,1.452,46.694,0,28.734,0,68.467,0.029,24.867,0,63.593,0.029,30.782,0,81.884,0,20.639,0,58.212,0,28.547,0,73.093,0.028,43.709,0,96.014,0.014,38.746,0,74.301,0.028,59.733,0,137.674,0.028,47.532,0,109.96,0.028
47.873,0.2,63.718,0.086,25.894,0.314,36.239,0,25.754,0.114,80.949,0,16.56,0.114,61.78,0,26.07,0.114,87.059,0,17.529,0.171,41.473,0,18.285,0.117,52.202,0,31.51,1.167,70.491,0,18.081,1.167,46.657,0.048,28.994,1,67.989,0.114,24.885,1,63.521,0.114,17.04,0,48.81,0.028,18.444,0,51.393,0.028,28.49,1,73.461,0.042,43.217,0,96.206,0.042,39.394,0,74.559,0.056,59.135,0,137.99,0.056,46.906,0,109.529,0.056
46.879,0.171,62.754,0.029,25.388,0.171,35.591,0,25.423,0.086,79.516,0,16.409,0.086,60.774,0,25.684,0.114,85.599,0,17.85,0.114,41.93,0,18.008,0.117,51.969,0.006,31.517,1.405,70.686,0.048,18.335,1.405,46.668,0.143,28.276,1,68.285,0.143,24.655,1,63.877,0.143,20.41,0,62.825,0,5.251,0,9.62,0,28.408,0,74.012,0.028,43.054,0,96.125,0.069,39.212,0,76.091,0.042,58.632,0,136.088,0.042,46.349,0,108.919,0.042
45.65,0.2,60.508,0.029,25.46,0.114,35.104,0.029,25.013,0.257,79.133,0,16.139,0.257,59.84,0,24.735,0.143,84.152,0,11.891,0.229,30.025,0,17.793,0.13,51.504,0,31.813,1.476,71.053,0.143,17.867,1.476,46.984,0.095,27.347,0,67.454,0.229,24.491,0,63.565,0.229,29.273,0,79.282,0,19.887,0,57.264,0,28.71,0,74.592,0.042,43.003,0,95.776,0,39.324,0,76.061,0.028,58.536,0,137.567,0.028,45.592,0,108.574,0.028
46.201,0.171,61.344,0.029,25.206,0.143,35.016,0,24.165,0.143,77.403,0.029,15.664,0.143,58.503,0.029,23.914,0.057,81.942,0,17.66,0.2,42.137,0,17.634,0.084,51.019,0,32.242,1,72.17,0.095,18.031,1,46.862,0.095,27.476,1,66.596,0.171,16.393,1,37.576,0.171,28.545,0,78.061,0,20.081,0,56.961,0,28.788,0,74.342,0.028,42.699,0,95.744,0.028,38.914,0,76.51,0.042,57.368,0,137.271,0.042,45.593,0,108.378,0.042
46.124,0.171,61.512,0,24.992,0.057,35.344,0,23.573,0.114,77.318,0,15.402,0.114,58.225,0,23.562,0.057,81.803,0,17.335,0.114,41.99,0,17.638,0.084,50.937,0.006,32.148,1.119,72.055,0.095,18.419,1.119,47.068,0.214,26.501,1,65.881,0.057,22.022,1,58.314,0.057,27.811,0,77.428,0,19.997,0,58.217,0,28.552,0,73.976,0.028,42.18,0,95.022,0,39.441,0,77.256,0.056,57.212,0,136.94,0.056,44.746,0,106.836,0.056
44.719,0.371,59.736,0,24.167,0.171,34.81,0,23.108,0.114,75.219,0,14.899,0.114,57.395,0,22.523,0.2,79.184,0,17.375,0.114,42.241,0,17.493,0.123,50.936,0.006,32.516,1.429,72.084,0.214,18.107,1.429,47.484,0.048,26.732,0,65.031,0.171,23.617,0,62.87,0.171,27.806,0,77.648,0,19.639,0,55.923,0,28.158,0,73.6,0.014,42.826,0,95.368,0.042,39.21,0,77.716,0,56.68,0,136.146,0,44.378,0,106.25,0
42.92,0.143,57.731,0.029,24.577,0.143,34.956,0,22.448,0.057,75.014,0,14.689,0.057,57.16,0,22.193,0.086,78.21,0,17.284,0.029,42.201,0,17.358,0.13,50.366,0,32.481,1.452,72.027,0.048,18.206,1.452,47.274,0.167,25.543,0,64.412,0.143,23.453,0,62.325,0.143,27.085,0,76.138,0,19.253,0,55.758,0,27.909,0,73.552,0.042,42.227,0,95.235,0,38.89,0,76.324,0.028,56.667,0,137.32,0.028,44.504,0,107.361,0.028
40.997,0.229,56.275,0,24.025,0.114,34.126,0,22.354,0.086,75.124,0.057,14.696,0.086,56.727,0.057,22.336,0.114,78.934,0.029,17.483,0.114,42.7,0,17.495,0.136,50.74,0.006,32.222,1.095,72.255,0.167,18.157,1.095,47.22,0.071,25.514,1,63.347,0.2,23.187,1,61.985,0.2,26.119,0,74.85,0,19.4,0,55.983,0,27.649,0,72.97,0,41.985,0,94.7,0,38.452,0,75.986,0.014,55.906,0,137.632,0.014,44.138,0,106.496,0.014
39.878,0.286,55.348,0,23.368,0.086,33.96,0,21.691,0.086,74.435,0.029,14.52,0.086,56.033,0.029,21.983,0.143,77.859,0,17.288,0.057,41.918,0,17.464,0.117,50.648,0,32.262,1.214,72.171,0.071,18.097,1.214,47.066,0.048,24.647,0,62.273,0.086,23.036,0,61.565,0.086,26.682,0,74.743,0.014,19.13,0,55.358,0.014,27.573,0,73.061,0.028,41.933,0,94.622,0.014,38.322,0,76.084,0.028,56.158,0,138.101,0.028,43.877,0,106.771,0.028
39.334,0.143,55.531,0,22.619,0.257,33.471,0,21.702,0.286,74.089,0,14.391,0.286,56.043,0,21.552,0.2,77.274,0.057,17.304,0.029,42.156,0,17.454,0.13,50.348,0,32.303,1.119,72.412,0.048,18.06,1.119,47.536,0.048,24.311,0,61.702,0.029,22.707,0,61.543,0.029,25.973,0,73.437,0.014,19.183,0,54.905,0.014,27.609,0,73.302,0.014,41.487,0,94.498,0.014,37.487,0,74.361,0.014,55.842,0,137.242,0.014,43.709,0,107.021,0.014
38.727,0.286,54.972,0.029,22.571,0.114,33.306,0.029,21.171,0.114,72.923,0,14.042,0.114,55.67,0,21.019,0.029,76.03,0.029,17.442,0.257,42.486,0,17.416,0.123,50.253,0.006,32.201,1.048,72.465,0.048,18.458,1.048,47.626,0.024,24.913,1,62.38,0.029,23,1,61.647,0.029,26.143,0,74.172,0,18.538,0,53.763,0,27.104,0,73.08,0,41.503,0,94.596,0.028,37.303,0,75.179,0.028,56.248,0,138.466,0.028,43.697,0,106.982,0.028
37.727,0.257,54.657,0,22.205,0.029,33.032,0.029,21.138,0.171,73.222,0.057,14.002,0.171,55.396,0.057,21.081,0.057,76.338,0,17.252,0.143,42.404,0,17.29,0.084,50.225,0,32.065,1.262,72.283,0.024,18.466,1.262,47.248,0.119,24.036,0,61.92,0.143,22.646,0,60.967,0.143,25.45,0,71.937,0,18.414,0,54.168,0,27.638,0,73.362,0.028,41.209,0,93.637,0.014,38.124,0,75.893,0.028,54.587,0,137.715,0.028,42.768,0,105.592,0.028
37.387,0.171,54.571,0,21.96,0.114,32.835,0,20.984,0.257,73.077,0,14.072,0.257,55.253,0,20.745,0,75.102,0,17.24,0.143,41.987,0,17.517,0.11,50.181,0,32.291,1.452,72.298,0.119,18.305,1.452,47.319,0.024,23.172,0,61.684,0.057,22.434,0,60.531,0.057,24.499,0,68.938,0,18.604,0,53.836,0,27.561,0,73.344,0,41.11,0,94.033,0.014,37.697,0,75.52,0.042,55.398,0,136.758,0.042,42.76,0,104.762,0.042
37.295,0.114,54.407,0,21.871,0.086,33.082,0.029,20.522,0.114,72.54,0,12.369,0.114,51.492,0,20.63,0.057,75.43,0.029,17.224,0,42.364,0,17.557,0.11,50.47,0,32.306,1.071,72.214,0.024,18.522,1.071,47.297,0.095,23.139,1,61.154,0.029,22.13,1,60.48,0.029,24.538,0,70.298,0,18.297,0,53.303,0,28.025,0,73.512,0.014,40.967,0,92.963,0.014,36.758,0,74.662,0.014,54.618,0,136.581,0.014,42.87,0,105.297,0.014
37.044,0.2,53.856,0,21.455,0.057,33.059,0,20.148,0.057,72.457,0,13.718,0.057,54.642,0,20.458,0.114,75.171,0.057,17.263,0.057,42.319,0,17.627,0.11,50.614,0.013,32.456,1.119,72.304,0.095,18.382,1.119,47.617,0.143,22.981,0,60.446,0.086,21.977,0,60.025,0.086,23.794,0,68.725,0,18.563,0,54.181,0,27.758,0,73.612,0,40.292,0,90.941,0,36.492,0,75.361,0.028,54.121,0,136.926,0.028,42.3,0,104.764,0.028
36.208,0.257,54.067,0,21.205,0.086,32.605,0,20.043,0.057,71.473,0,13.464,0.057,53.967,0,19.952,0.143,74.225,0,17.251,0.143,42.404,0.029,17.603,0.117,50.207,0.006,32.429,1.214,72.227,0.143,18.315,1.214,47.26,0,22.448,1,59.832,0.057,21.987,1,59.822,0.057,23.636,0,68.129,0,17.844,0,53.174,0,27.778,0,73.337,0.056,40.443,0,91.614,0.028,38.27,0,76.235,0.069,53.119,0,135.17,0.069,41.934,0,104.091,0.069
35.998,0.114,54.278,0,20.736,0.114,32.349,0,19.904,0.029,71.305,0.029,13.268,0.029,53.661,0.029,19.705,0.114,73.292,0,17.377,0.029,42.384,0,17.666,0.084,50.078,0.006,32.622,1.071,73.043,0,18.345,1.071,47.149,0.143,22.288,0,59.815,0.057,21.841,0,59.528,0.057,23.537,0,68.194,0,16.893,0,49.603,0,27.914,0,73.402,0.028,40.417,0,92.252,0,37.455,0,76.958,0.083,53.203,0,134.064,0.083,41.214,0,103.123,0.083
35.548,0.057,54.257,0,20.577,0.114,31.859,0,19.634,0.114,71.075,0.029,13.199,0.114,53.774,0.029,19.675,0.086,72.927,0,17.269,0.143,42.416,0,17.653,0.123,50.166,0,32.215,1.048,72.236,0.143,18.391,1.048,47.482,0.071,22.385,0,59.647,0.057,21.683,0,59.171,0.057,23.288,0,68.007,0.042,17.697,0,53.499,0.042,27.775,0,73.498,0.014,39.667,0,91.234,0,37.664,0,76.42,0.056,53.078,0,134.813,0.056,41.154,0,103.659,0.056
35.196,0.114,53.876,0,20.091,0.029,31.739,0.029,19.642,0.171,70.653,0,13.075,0.171,53.084,0,19.322,0.029,72.036,0,16.191,0.029,40.075,0,17.805,0.143,50.076,0.006,32.436,1,72.391,0.071,18.519,1,47.592,0.167,22.12,0,59.01,0.086,21.625,0,59.344,0.086,22.535,0,63.622,0.028,18.326,0,53.673,0.028,27.412,0,73.354,0.014,39.654,0,91.729,0,37.375,0,76.212,0.042,52.136,0,134.698,0.042,41.19,0,103.556,0.042
35.021,0.171,54.16,0,19.974,0.114,31.289,0,19.326,0,70.701,0,12.941,0,53.189,0,19.165,0.057,71.755,0,16.72,0.114,41.255,0,17.724,0.136,49.829,0,32.243,1,72.531,0.167,18.53,1,47.776,0.095,22.249,1,59.383,0.029,21.648,1,59.639,0.029,23.008,0,67.067,0.014,18.154,0,52.954,0.014,27.374,0,73.016,0.069,39.955,0,91.086,0,37.639,0,77.823,0.028,51.593,0,134.018,0.028,40.515,0,102.2,0.028
34.947,0.286,53.843,0,19.726,0.114,31.162,0,19.251,0.143,69.923,0,12.724,0.143,52.496,0,19.313,0.143,71.719,0.057,17.167,0.2,42.27,0,17.754,0.084,49.504,0.019,32.175,1,72.92,0.095,18.331,1,47.465,0.214,22.056,0,58.915,0.143,21.593,0,58.924,0.143,22.328,0,65.628,0.014,17.409,0,51.283,0.014,27.419,0,72.969,0,39.534,0,91.608,0,37.513,0,77.179,0.042,52.741,0,133.885,0.042,40.756,0,102.052,0.042
34.267,0.2,53.884,0,19.606,0.029,31.086,0.029,18.162,0.057,64.588,0,12.7,0.057,52.072,0,19.198,0.143,71.739,0,17.239,0.057,42.367,0,17.961,0.13,50.143,0,32.385,1,72.56,0.214,18.479,1,47.764,0.19,21.445,1,58.384,0.057,21.387,1,58.698,0.057,21.852,0,64.957,0,17.65,0,52.17,0,27.963,0,73.433,0.056,40.039,0,92.842,0.042,37.436,0,76.937,0.069,51.865,0,134.832,0.069,40.689,0,102.639,0.069
34.19,0.229,53.693,0.029,19.281,0.143,30.86,0,18.98,0.057,70.454,0,12.75,0.057,52.045,0,19.309,0.057,71.82,0,17.235,0.171,42.212,0,18.21,0.123,49.677,0,32.27,1.357,72.011,0.19,18.569,1.357,47.717,0.048,21.558,0,58.212,0,21.314,0,58.363,0,21.921,0,63.955,0.014,17.496,0,51.605,0.014,27.62,0,73.185,0,40.059,0,92.809,0,37.347,0,77.135,0.056,51.31,0,133.879,0.056,40.312,0,102.716,0.056
34.083,0.229,53.709,0.057,19.551,0.143,30.972,0,18.928,0.171,70.026,0,12.061,0.171,48.589,0,18.93,0.029,71.425,0,17.238,0.086,42.302,0,18.175,0.11,49.379,0.006,32.233,1.071,72.66,0.048,18.626,1.071,47.942,0.095,21.471,0,58.061,0.029,21.397,0,58.49,0.029,22.078,0,64.457,0,17.871,0,52.215,0,27.465,0,73.002,0.028,40.012,0,93.799,0.014,37.345,0,77.142,0.028,50.891,0,132.474,0.028,40.404,0,102.561,0.028
33.386,0.257,53.436,0,19.586,0.114,31.13,0,18.448,0.143,69.704,0,12.605,0.143,51.799,0,18.844,0.229,71.576,0,17.353,0.143,42.092,0,18.239,0.13,49.768,0.013,32.335,1.119,72.49,0.095,18.509,1.119,47.875,0.048,20.955,0,57.5,0,21.265,0,58.195,0,21.588,0,63.331,0.014,17.222,0,51.443,0.014,27.652,0,73.41,0.028,40.136,0,94.443,0,37.287,0,77.709,0.014,51.39,0,133.051,0.014,40.623,0,103.199,0.014
33.65,0.114,53.783,0,19.21,0.029,30.95,0,18.857,0.143,69.33,0,12.274,0.143,51.579,0,18.355,0.057,68.853,0,17.754,0.057,42.967,0,18.392,0.104,49.546,0,32.083,1.381,72.255,0.048,18.687,1.381,47.439,0.071,20.666,0,55.759,0.029,21.16,0,57.346,0.029,21.48,0,63.197,0.014,17.387,0,50.998,0.014,27.465,0,72.637,0,40.28,0,93.917,0.028,37.755,0,79.054,0.042,50.725,0,132.776,0.042,40.302,0,102.85,0.042
33.607,0.257,54.204,0,19.427,0.029,30.891,0,18.77,0.086,69.204,0,12.316,0.086,51.051,0,18.442,0.143,70.334,0,17.636,0.057,42.439,0,18.552,0.13,49.628,0,32.022,1,72.533,0.071,18.728,1,47.595,0.095,20.478,0,55.945,0,20.937,0,57.457,0,20.262,0,61.413,0,17.02,0,50.355,0,27.427,0,72.619,0.056,40.244,0,93.364,0.014,37.552,0,77.653,0.028,50.363,0,132.111,0.028,40.263,0,102.859,0.028
33.458,0.229,53.867,0,18.374,0.029,30.023,0,18.616,0.143,68.93,0,12.796,0.143,51.168,0,18.787,0.171,71.15,0,17.785,0.114,42.723,0,18.663,0.078,49.393,0.006,31.788,1.143,72.581,0.095,18.752,1.143,47.26,0.095,20.55,0,56.612,0,20.911,0,57.489,0,20.343,0,61.72,0.014,17.653,0,52.303,0.014,27.621,0,72.581,0.042,40.795,0,94.589,0,36.245,0,74.214,0,50.651,0,131.218,0,40.39,0,102.916,0
33.383,0.286,53.863,0,19.167,0.057,31.274,0,18.622,0.143,69.401,0.029,12.398,0.143,51.431,0.029,18.93,0,71.076,0,17.596,0.171,42.37,0,18.857,0.162,49.546,0,32.03,1,72.48,0.095,18.363,1,47.439,0.119,21.161,0,56.63,0,20.912,0,57.552,0,20.942,0,62.028,0,16.988,0,50.871,0,27.338,0,72.817,0.028,40.909,0,94.715,0,36.59,0,76.522,0.069,50.928,0,132.172,0.069,40.684,0,104.068,0.069
33.025,0.114,53.875,0.029,19.108,0.171,30.596,0.029,18.497,0.143,69.101,0,12.38,0.143,51.188,0,18.926,0.086,70.632,0,18.04,0.086,42.805,0,19.021,0.13,49.501,0.013,32.314,1.024,72.625,0.119,18.597,1.024,47.735,0.071,20.634,0,56.512,0,21.115,0,56.973,0,20.496,0,61.412,0.014,17.29,0,51.015,0.014,27.541,0,72.828,0.028,40.53,0,94.551,0.028,37.231,0,78.723,0.042,50.351,0,132.604,0.042,40.089,0,102.765,0.042
32.949,0.171,53.923,0,18.682,0.086,30.699,0,18.251,0.057,68.869,0,8.996,0.057,37.055,0,18.711,0.229,70.688,0,17.933,0.086,42.815,0,19.209,0.143,49.218,0.006,32.215,1.071,72.415,0.071,18.633,1.071,47.718,0.024,20.163,0,56.161,0,21.004,0,57.289,0,20.061,0,61.026,0,16.902,0,50.239,0,27.644,0,72.46,0,41.107,0,95.004,0,37.716,0,78.695,0.028,49.729,0,130.216,0.028,39.694,0,101.525,0.028
32.763,0.314,53.84,0,18.823,0.2,30.392,0,18.199,0.057,68.256,0.029,12.177,0.057,49.481,0.029,18.204,0.2,68.968,0,17.908,0.057,42.785,0,19.277,0.11,49.122,0.006,32.026,1.095,72.474,0.024,18.546,1.095,47.537,0.071,20.177,0,55.542,0,20.953,0,56.765,0,19.825,0,60.306,0.042,16.661,0,49.645,0.042,27.35,0,72.089,0,41.039,0,94.653,0,37.445,0,79.392,0.056,49.561,0,128.903,0.056,39.9,0,102.925,0.056
32.675,0.143,53.791,0,18.542,0.057,30.228,0,18.063,0.143,67.859,0,12.039,0.143,50.036,0,18.184,0,68.295,0,17.953,0.086,42.506,0,19.361,0.13,48.944,0,31.992,1.071,72.769,0.071,18.593,1.071,48.141,0.167,20.253,0,55.376,0,20.748,0,56.013,0,19.282,0,59.611,0,16.502,0,49.631,0,27.184,0,71.931,0,40.317,0,93.804,0,38.361,0,79.869,0.042,48.832,0,129.349,0.042,39.774,0,102.62,0.042
32.364,0.171,53.446,0,18.769,0.086,30.594,0,18.047,0.057,67.994,0,12.161,0.057,50.504,0,18.144,0.086,68.175,0,18.183,0.171,42.493,0,19.391,0.143,48.975,0.006,32.025,1,72.424,0.167,18.55,1,47.967,0.19,20.072,0,55.351,0,20.908,0,55.848,0,19.213,0,58.945,0,16.743,0,49.856,0,27.658,0,72.255,0,38.938,0,92.013,0.014,37.932,0,79.531,0.014,49.975,0,131.979,0.014,39.921,0,103.234,0.014
32.675,0.2,53.91,0,18.674,0.086,30.59,0,17.776,0.2,68.953,0.029,12.05,0.2,50.436,0.029,18.325,0.029,68.704,0,17.945,0.171,43.008,0,19.59,0.084,48.68,0,31.723,1,72.283,0.19,18.792,1,47.718,0.071,20.236,0,55.214,0,21.003,0,56.23,0,19.308,0,58.777,0.042,16.651,0,49.864,0.042,27.513,0,72.018,0.014,38.877,0,91.75,0,37.923,0,79.872,0.028,48.873,0,131.183,0.028,39.698,0,102.946,0.028
32.316,0.2,53.62,0,18.506,0.2,30.208,0,18.101,0.086,68.414,0,12.002,0.086,50.408,0,18.579,0.086,68.769,0,18.174,0.057,42.59,0,19.55,0.175,48.487,0,31.914,1,72.751,0.071,18.719,1,48.089,0.095,19.633,0,54.707,0,20.553,0,55.748,0,18.623,0,58.191,0,15.936,0,48.309,0,27.411,0,71.917,0,40.453,0,94.471,0,38.515,0,80.408,0.083,49.692,0,132.314,0.083,39.924,0,103.475,0.083
32.321,0.171,53.344,0,18.263,0.143,30.154,0.029,17.967,0.143,67.112,0,12.099,0.143,50.599,0,18.462,0.143,68.802,0,18.351,0.171,43.068,0,19.9,0.071,48.442,0.013,31.773,1,72.021,0.095,18.498,1,47.912,0.048,19.998,0,54.622,0,20.972,0,55.806,0,18.576,0,57.543,0.014,16.704,0,50.308,0.014,27.217,0,71.254,0,40.89,0,95.599,0,38.207,0,80.543,0.014,50.01,0,132.491,0.014,39.803,0,103.187,0.014
32.437,0.171,53.786,0,18.321,0.114,30.286,0,18.099,0.086,68.301,0.057,11.984,0.086,50.172,0.057,18.429,0.057,69.026,0.029,18.566,0.086,42.778,0,19.808,0.11,48.935,0,31.741,1,72.508,0.048,18.388,1,47.701,0.024,20.062,0,54.377,0,20.699,0,55.546,0,18.402,0,57.192,0.042,15.954,0,48.826,0.042,27.372,0,71.376,0,41.106,0,96.547,0,38.702,0,81.186,0.014,49.166,0,131.226,0.014,39.691,0,103.17,0.014
32.072,0.171,53.573,0.057,18.318,0.171,30.189,0.029,18.086,0.229,67.469,0,12.07,0.229,50.017,0,18.228,0.143,68.617,0,18.812,0.229,42.875,0,20.037,0.123,48.809,0.006,31.571,1,72.649,0.024,18.45,1,47.657,0.048,19.891,0,54.198,0,20.772,0,55.399,0,18.526,0,56.389,0.028,16.646,0,50.284,0.028,27.38,0,71.55,0.028,40.944,0,94.667,0,38.804,0,81.24,0.069,49.378,0,131.712,0.069,39.526,0,103.048,0.069
32.017,0.114,53.779,0,18.268,0.114,30.514,0,17.943,0.086,67.953,0.029,12.165,0.086,50.192,0.029,18.455,0.086,69.182,0,18.803,0.086,42.872,0,20.201,0.084,48.872,0.013,31.4,1.095,72.168,0.048,18.375,1.095,47.585,0.071,19.905,0,54.32,0,20.829,0,55.04,0,18.273,0,56.288,0.014,15.981,0,48.832,0.014,27.694,0,71.502,0,40.7,0,94.712,0,39.301,0,81.811,0.028,49.008,0,131.244,0.028,39.369,0,102.953,0.028
32.125,0.143,53.514,0,18.154,0.286,29.711,0,18.233,0.114,67.743,0,12.095,0.114,50.802,0,17.027,0.229,61.415,0,18.787,0.029,42.483,0.029,20.474,0.162,48.625,0.006,31.389,1.238,71.949,0.071,18.573,1.238,47.46,0.119,19.968,0,54.562,0,20.957,0,55.072,0,18.247,0,56.277,0.014,16.309,0,48.863,0.014,27.465,0,71.612,0.042,39.997,0,94.694,0,39.825,0,82.69,0,49.327,0,131.018,0,39.251,0,102.5,0
31.961,0.257,53.858,0,18.019,0.086,29.891,0,18.095,0.086,67.824,0,11.948,0.086,49.999,0,18.543,0.114,68.93,0,18.743,0.143,42.83,0,20.451,0.104,48.372,0,31.484,1.095,72.071,0.119,18.337,1.095,47.809,0.071,19.569,0,53.904,0,20.549,0,54.917,0,18.155,0,56.216,0.014,15.779,0,48.138,0.014,27.671,0,71.57,0.028,40.695,0,95.682,0,39.786,0,82.611,0.056,49.366,0,131.222,0.056,39.696,0,103.368,0.056
31.637,0.257,54.006,0.029,18.164,0.057,29.589,0,17.914,0.086,67.444,0.029,11.652,0.086,49.423,0.029,18.554,0.057,68.528,0,19.054,0.057,42.683,0.029,20.49,0.078,48.45,0.006,31.358,1,72.23,0.071,18.496,1,47.979,0.167,19.694,0,53.691,0,20.553,0,54.719,0,17.491,0,55.053,0.028,16.488,0,48.865,0.028,27.32,0,70.828,0.056,40.887,0,95.538,0.028,39.483,0,83.021,0.014,49.248,0,131.018,0.014,39.389,0,103.245,0.014
31.476,0.229,53.315,0,18.083,0.114,29.459,0,17.97,0.086,67.6,0,12.083,0.086,50.522,0,18.779,0.057,69.691,0,18.935,0.143,43.14,0,20.785,0.078,48.584,0.006,30.944,1.048,72.202,0.167,18.441,1.048,47.776,0.095,19.542,0,53.37,0,20.451,0,54.531,0,17.184,0,54.738,0,16.05,0,48.179,0,27.164,0,70.525,0,40.654,0,95.637,0,39.198,0,82.895,0.042,49.417,0,131.267,0.042,39.772,0,103.638,0.042
31.606,0.257,53.636,0.029,18.116,0.057,30.022,0.029,18.254,0.143,67.789,0,12.16,0.143,50.733,0,18.653,0.086,70.277,0,19.235,0.171,42.621,0,20.742,0.13,48.83,0.019,31.117,1,71.513,0.095,18.414,1,47.708,0.048,19.605,0,53.277,0,20.421,0,54.253,0,17.114,0,54.041,0,16.217,0,48.311,0,26.537,0,69.996,0,40.623,0,95.622,0.028,39.478,0,82.385,0.069,49.361,0,132.345,0.069,39.903,0,104.509,0.069
31.415,0.229,53.786,0.029,18.156,0.143,29.622,0,18.213,0.057,67.896,0.029,12.059,0.057,50.605,0.029,18.824,0.086,69.704,0.029,19.278,0.086,42.77,0,20.857,0.201,48.605,0.013,31.025,1,71.905,0.048,18.216,1,47.732,0.048,19.425,0,53.78,0,20.451,0,54.329,0,17.309,0,54.313,0,15.668,0,48.676,0,27.157,0,71.248,0.028,41.079,0,96.416,0.028,38.972,0,81.853,0.097,50.097,0,132.337,0.097,40.114,0,104.782,0.097
31.665,0.114,53.823,0.057,18.242,0.171,29.728,0,18.106,0.029,67.449,0,12.027,0.029,50.022,0,18.644,0.057,69.596,0,19.167,0.314,42.571,0.029,20.725,0.097,48.42,0.006,30.763,1,72.037,0.048,18.387,1,47.437,0.19,19.636,0,53.694,0,20.715,0,54.592,0,17.507,0,54.546,0.042,16.257,0,48.58,0.042,27.136,0,71.14,0.014,40.964,0,96.41,0.014,39.422,0,82.431,0,50.337,0,131.78,0,40.099,0,104.774,0
31.476,0.229,53.827,0.029,17.957,0,29.797,0,13.575,0.029,54.928,0,11.899,0.029,50.577,0,18.589,0.086,69.5,0,19.304,0.143,42.592,0,20.763,0.117,48.211,0,30.842,1,72.362,0.19,18.449,1,47.575,0.048,19.727,0,53.566,0,20.645,0,54.418,0,17.196,0,54.285,0,15.787,0,47.81,0,27.012,0,70.535,0.014,41.082,0,95.38,0,38.807,0,82.179,0.028,49.595,0,132.864,0.028,40.41,0,105.316,0.028
31.397,0.143,53.76,0,17.847,0.029,29.592,0,18.131,0.029,67.305,0,11.885,0.029,50.42,0,18.316,0.057,69.51,0.029,19.506,0.057,42.535,0,20.848,0.091,48.001,0,30.746,1,71.41,0.048,18.323,1,47.899,0.095,19.541,0,53.741,0,20.717,0,54.622,0,17.098,0,54.3,0.014,15.483,0,48.024,0.014,26.95,0,70.807,0,40.57,0,96.327,0.042,39.256,0,81.949,0.056,49.376,0,132.288,0.056,40.876,0,106.337,0.056
31.402,0.2,53.957,0,18.115,0.171,29.374,0,17.945,0.086,67.508,0.029,11.845,0.086,50.451,0.029,18.474,0.086,68.941,0.057,19.759,0.114,42.562,0,21.034,0.117,48.498,0,30.551,1,71.478,0.095,18.198,1,47.359,0.024,19.759,0,53.696,0,20.517,0,54.361,0,16.507,0,52.787,0,16.529,0,49.795,0,26.802,0,70.309,0,41.407,0,95.864,0.014,39.837,0,82.189,0.028,49.669,0,133.614,0.028,40.986,0,106.916,0.028
31.419,0.229,53.89,0,18.018,0.057,29.793,0,17.88,0.057,66.705,0,12.029,0.057,50.53,0,18.266,0.086,69.104,0.029,19.95,0.057,42.648,0,21.389,0.117,48.542,0.013,30.794,1,71.877,0.024,18.261,1,47.609,0.095,19.706,0,52.719,0,20.116,0,53.769,0,16.484,0,52.772,0,15.02,0,46.231,0,26.783,0,70.169,0,41.108,0,96.187,0.014,38.865,0,82.8,0.069,50.589,0,134.218,0.069,41.157,0,107.028,0.069
31.493,0.114,53.658,0,18.106,0.057,29.836,0,18.016,0.114,67.201,0.029,11.885,0.114,50.501,0.029,18.345,0.057,68.903,0,19.887,0.057,42.373,0,21.644,0.11,48.695,0.006,30.741,1.238,71.886,0.095,18.346,1.238,47.156,0.095,19.346,0,52.451,0,20.191,0,53.539,0,16.284,0,52.385,0,15.966,0,48.111,0,27.052,0,70.433,0.014,41.123,0,96.389,0.014,39.193,0,83.161,0.028,50.957,0,134.041,0.028,41.095,0,106.828,0.028
31.878,0.2,54.299,0,18.06,0.086,29.721,0,17.994,0.114,66.92,0,11.779,0.114,49.99,0,18.031,0.029,68.265,0,20.044,0.229,42.577,0,21.648,0.162,48.934,0,30.786,1.048,71.819,0.095,18.271,1.048,47.701,0.071,19.516,0,53.238,0,20.461,0,54.08,0,16.614,0,52.602,0.014,15.883,0,47.807,0.014,26.809,0,70.188,0,40.936,0,96.737,0,38.832,0,83.681,0.028,50.914,0,133.723,0.028,41.066,0,106.958,0.028
32.39,0.371,54.805,0,18.751,0.057,30.238,0,17.673,0.057,66.952,0.029,11.839,0.057,50.21,0.029,17.959,0.143,68.603,0,20.304,0.114,42.647,0,21.669,0.143,48.778,0,30.455,1,72.148,0.071,18.368,1,47.362,0.024,19.513,0,52.805,0,20.433,0,54.416,0,16.557,0,53.395,0,15.147,0,47.131,0,26.85,0,70.629,0,41.182,0,96.556,0.014,39.524,0,83.436,0.014,50.653,0,134.912,0.014,41.051,0,106.872,0.014
33.421,0.2,55.65,0,20.475,0.143,32.114,0,18.088,0.029,66.655,0,11.707,0.029,50.734,0,18.111,0.171,68.855,0,20.268,0.114,42.72,0.029,21.67,0.091,48.666,0,30.674,1,71.732,0.024,18.218,1,47.345,0,19.464,0,53.251,0,20.391,0,54.285,0,16.487,0,52.617,0.014,15.614,0,48.563,0.014,26.967,0,70.383,0.028,41.246,0,96.72,0.014,38.967,0,82.308,0.028,50.932,0,135.912,0.028,41.454,0,107.944,0.028
33.778,0.143,55.352,0.029,21.405,0.229,31.741,0,17.887,0.2,67.013,0,11.687,0.2,50.32,0,18.03,0.114,69.045,0,20.296,0.086,43.104,0,21.715,0.104,48.546,0.006,30.562,1,71.695,0,18.004,1,47.825,0.071,19.584,0,53.061,0,20.374,0,54.1,0,16.546,0,52.386,0,15.774,0,47.801,0,27.043,0,71.111,0.014,40.964,0,96.751,0.014,39.578,0,82.876,0.042,51.107,0,134.901,0.042,41.564,0,108.104,0.042
34.79,0.314,56.374,0,21.772,0.2,31.419,0,18.163,0.057,66.606,0,11.949,0.057,50.577,0,18.244,0.057,69.331,0.029,20.19,0.086,42.468,0,21.716,0.136,48.425,0,30.732,1.095,72.067,0.071,18.28,1.095,47.719,0.024,20.016,0,52.803,0,20.224,0,54.249,0,16.337,0,52.552,0,15.491,0,47.377,0,26.848,0,70.245,0.014,41.467,0,97.002,0,39.59,0,83.622,0.069,50.513,0,134.893,0.069,41.778,0,108.435,0.069
35.337,0.229,56.949,0.029,22.237,0.229,31.516,0.029,18.254,0.171,67.485,0,11.806,0.171,50.783,0,18.281,0.057,69.518,0.029,20.537,0.171,42.859,0.029,21.774,0.071,48.308,0.019,30.543,1,72.08,0.024,18.22,1,47.63,0.071,19.441,0,52.395,0,20.044,0,53.627,0,15.912,0,51.415,0.014,15.594,0,47.986,0.014,26.899,0,70.084,0,41.523,0,97.146,0,39.765,0,83.347,0.028,50.534,0,135.376,0.028,42.001,0,108.618,0.028
36.212,0.143,58.261,0,7.74,0.057,12.08,0.029,18.129,0.086,67.646,0.029,12.059,0.086,50.83,0.029,17.655,0.086,67.045,0,20.674,0.086,43.067,0,21.793,0.156,48.399,0,30.356,1,72.024,0.071,18.46,1,47.635,0.024,19.677,0,52.514,0,20.175,0,53.294,0,16.116,0,51.546,0,15.683,0,48.349,0,26.584,0,70.004,0.014,41.78,0,97.838,0.028,39.026,0,83.928,0.028,51.17,0,135.819,0.028,42.091,0,108.913,0.028
34.474,0.229,56.406,0,9.131,0.114,14.291,0.057,17.744,0.086,65.526,0,11.964,0.086,50.968,0,18.246,0.114,69.354,0,20.537,0.2,42.81,0.029,21.59,0.143,48.302,0,30.538,1,71.961,0.024,18.271,1,47.904,0.048,19.442,0,52.347,0,20.251,0,53.64,0,15.78,0,51.405,0,15.704,0,48.116,0,26.637,0,70.202,0.028,41.845,0,97.753,0,39.741,0,84.268,0.014,51.078,0,135.515,0.014,41.995,0,108.891,0.014
34.583,0.257,56.786,0,9.062,0.086,14.574,0.029,18.454,0.057,67.218,0.029,11.853,0.057,51.051,0.029,18.147,0.086,69.616,0.029,20.499,0.2,42.399,0.029,21.787,0.149,48.328,0.013,30.164,1,72.371,0.048,18.174,1,47.498,0.095,19.673,0,52.509,0,20.007,0,53.631,0,16.182,0,51.207,0,15.41,0,47.966,0,26.606,0,69.752,0,41.792,0,98.475,0.014,40.608,0,85.914,0.042,51.14,0,134.727,0.042,41.591,0,107.294,0.042
34.492,0.286,56.279,0,9.382,0.286,15.05,0,18.368,0.086,67.446,0.029,11.961,0.086,50.985,0.029,18.108,0.143,69.373,0,20.568,0.086,42.55,0,21.587,0.084,48.609,0,29.973,1,71.911,0.095,18.282,1,48.01,0.119,19.468,0,52.376,0,19.732,0,53.338,0,16.131,0,51.309,0.014,15.036,0,47.801,0.014,26.226,0,69.863,0.028,42.154,0,98.535,0,41.524,0,86.879,0.028,51.327,0,135.817,0.028,42.205,0,108.418,0.028
34.356,0.257,56.357,0,9.347,0.143,14.827,0,16.314,0.171,67.598,0,9.848,0.171,51.186,0,15.205,0.143,69.84,0,21.29,0.143,44.045,0,21.973,0.117,48.795,0,30.741,1,73.255,0.119,15.194,1,39.99,0.119,18.012,0,52.725,0,18.847,0,53.537,0,14.844,0,51.201,0,13.853,0,47.393,0,25.007,0,69.968,0,42.665,0,99.455,0.014,41.741,0,87.995,0.042,52.419,0,136.265,0.042,42.506,0,108.955,0.042
34.597,0.371,55.949,0,9.161,0.057,14.923,0.029,14.066,0.057,69.088,0,8.413,0.057,52.445,0,11.927,0.143,70.546,0,18.244,0.143,44.38,0.029,18.935,0.11,48.344,0,26.055,1.071,72.917,0.119,14.592,1.071,44.188,0.167,13.906,0,52.66,0,15.359,0,53.296,0,12.848,0,50.631,0.014,12.296,0,48.443,0.014,17.652,0,69.296,0,41.902,0,98.196,0.014,41.406,0,87.221,0.042,49.786,0,137.396,0.042,41.651,0,110.492,0.042
31.048,0.286,54.951,0,8.64,0.057,15.007,0,13.575,0.029,69.098,0,8.015,0.029,52.394,0,11.265,0.143,71.453,0,14.455,0.114,44.25,0.029,15.209,0.123,48.421,0.006,21.818,1,72.867,0.167,13.465,1,45.656,0.143,13.034,0,52.447,0,14.09,0,53.028,0,12.294,0,50.611,0,12.105,0,46.995,0,15.894,0,69.472,0,38.449,0,99.032,0,38.256,0,87.026,0.056,34.745,0,138.472,0.056,34.969,0,111.13,0.056
23.674,0.257,54.206,0,7.381,0.171,15.024,0.029,12.882,0.114,67.842,0,7.918,0.114,52.254,0,11.087,0.257,71.68,0.057,13.512,0.029,44.312,0,14.014,0.078,48.53,0.006,20.69,1.095,72.902,0.143,13.085,1.095,46.181,0.143,12.174,0,51.794,0,13.383,0,52.705,0,11.839,0,49.722,0,11.894,0,47.52,0,15.24,0,69.191,0.042,36.434,0,99.989,0.014,33.837,0,87.517,0.042,30.409,0,138.663,0.042,29.523,0,111.092,0.042
20.933,0.143,53.419,0.029,7.019,0.114,15.006,0,12.811,0.2,69.028,0,7.699,0.2,52.152,0,10.929,0.057,71.121,0,12.866,0.086,43.801,0.029,13.36,0.091,47.875,0,20.021,1,72.787,0.143,13.234,1,46.377,0.095,12.325,0,51.427,0,13.143,0,52.872,0,11.719,0,50.318,0.028,11.62,0,47.481,0.028,15,0,69.802,0.014,35.34,0,100.273,0,32.774,0,87.951,0.042,28.493,0,138.476,0.042,27.703,0,110.522,0.042
19.897,0.257,52.76,0,6.664,0.114,15.106,0,12.243,0.114,68.625,0,7.651,0.114,52.039,0,10.893,0.086,71.764,0,12.89,0.143,44.005,0,13.157,0.11,47.653,0.006,19.592,1,72.644,0.095,13.086,1,47.375,0.071,11.73,0,51.434,0,12.742,0,52.476,0,11.466,0,49.74,0,11.274,0,46.98,0,14.617,0,68.893,0,34.893,0,99.747,0.028,31.329,0,87.294,0,27.429,0,137.671,0,26.845,0,109.39,0
19.486,0.171,52.181,0.029,6.6,0.086,15.071,0,12.03,0.171,67.899,0,7.54,0.171,51.629,0,10.801,0.2,72.094,0,13.022,0.086,44.056,0,12.859,0.084,48.181,0.006,19.587,1,72.792,0.071,12.99,1,47.962,0.119,11.629,0,51.698,0,12.454,0,52.592,0,11.502,0,50.113,0,11.358,0,47.831,0,14.411,0,69.372,0.028,34.212,0,99.272,0,30.429,0,86.923,0.028,26.803,0,135.335,0.028,26.499,0,109.206,0.028
19.181,0.286,52.218,0,6.623,0.114,15.262,0,11.659,0.114,69.108,0,7.583,0.114,51.388,0,10.605,0.171,70.889,0,12.838,0.057,43.669,0,12.748,0.097,47.633,0,19.462,1.024,72.386,0.119,13.059,1.024,47.368,0.048,11.108,0,51.531,0,12.05,0,52.282,0,11.251,0,48.335,0.014,11.437,0,47.748,0.014,14.186,0,68.681,0,33.601,0,98.985,0,29.984,0,87.515,0.042,25.491,0,134.934,0.042,26.278,0,109.234,0.042
19.104,0.086,51.534,0,6.325,0.114,15.193,0,11.504,0.314,68.147,0,7.276,0.314,50.945,0,10.485,0.114,70.014,0.029,12.745,0.057,43.576,0,12.479,0.123,47.905,0.006,19.204,1,72.168,0.048,12.994,1,47.2,0.048,11.632,0,51.291,0,12.173,0,51.97,0,11.187,0,49.371,0.028,10.803,0,46.725,0.028,14.331,0,69.155,0.028,32.624,0,97.953,0,28.322,0,87.287,0.097,25.602,0,135.212,0.097,25.808,0,109.311,0.097
19.259,0.286,51.655,0,6.272,0.057,14.93,0,11.396,0.086,68.622,0,7.218,0.086,51.115,0,10.583,0.143,71.584,0.029,13.096,0.143,44.234,0,12.513,0.084,47.871,0.006,19.19,1.095,72.781,0.048,12.971,1.095,47.347,0.143,11.637,0,51.118,0,12.024,0,51.903,0,10.789,0,48.933,0,10.998,0,47.324,0,14.024,0,68.7,0.028,32.79,0,98.554,0.028,27.424,0,86.786,0.056,25.244,0,136.828,0.056,25.765,0,109.299,0.056
19.325,0.257,51.638,0,6.131,0.086,15.343,0,11.662,0.143,68.719,0.029,7.349,0.143,51.245,0.029,10.632,0.086,71.664,0,12.776,0.029,43.425,0,12.403,0.071,48.286,0.006,19.272,1.048,72.286,0.143,12.927,1.048,47.646,0.095,10.486,0,50.678,0,11.434,0,51.565,0,10.424,0,48.324,0,10.846,0,47.422,0,13.936,0,67.981,0.028,32.625,0,99.997,0.028,26.923,0,84.566,0.083,25.6,0,138.127,0.083,25.785,0,110.866,0.083
19.107,0.229,51.217,0.029,6.138,0.2,15.327,0,11.089,0.086,68.503,0.029,7.295,0.086,51.119,0.029,10.659,0.143,71.755,0,12.684,0.171,43.992,0,12.353,0.117,48.13,0,19.027,1.119,72.214,0.095,13.026,1.119,48.043,0,10.539,0,50.283,0,11.29,0,51.54,0,10.423,0,47.157,0.028,10.599,0,46.668,0.028,13.688,0,67.663,0,31.658,0,99.105,0.014,26.599,0,85.27,0.028,25.351,0,137.647,0.028,25.555,0,110.08,0.028
19.173,0.314,51.312,0,6.273,0.086,15.478,0,11.127,0.086,67.692,0,7.25,0.086,50.779,0,10.602,0.371,70.631,0,12.736,0.286,44.086,0,12.254,0.175,48.381,0.006,19.26,1.286,72.254,0,13.057,1.286,47.831,0.024,10.585,0,49.696,0,11.219,0,50.934,0,10.455,0,46.652,0,10.593,0,47.509,0,13.57,0,67.713,0.028,31.021,0,99.947,0,26.413,0,85.529,0.056,24.661,0,137.721,0.056,25.466,0,110.263,0.056
19.473,0.314,51.475,0,6.12,0.171,15.347,0,10.669,0.229,66.706,0,7.1,0.229,49.975,0,10.143,0.2,69.203,0,12.649,0.2,43.536,0,12.157,0.266,47.935,0.026,19.563,1.452,72.266,0.024,13.216,1.452,47.962,0.143,10.5,0,50.029,0,11.368,0,50.44,0,10.312,0,46.957,0,10.559,0,46.971,0,13.692,0,67.569,0.014,30.657,0,99.501,0,25.308,0,87.145,0.069,25.092,0,136.659,0.069,24.863,0,110.429,0.069
19.501,0.257,51.867,0,6.089,0.171,15.605,0,10.686,0.429,66.435,0,7.02,0.429,49.691,0,10.415,0.2,69.208,0.029,12.94,0.171,44.184,0,12.119,0.429,47.632,0,19.674,1.214,72.468,0.143,13.458,1.214,48.122,0.024,10.612,0,49.811,0,11.309,0,50.579,0,10.306,0,46.695,0,10.922,0,47.488,0,13.704,1,67.396,0,30.284,0,99.489,0.014,24.655,0,87.063,0.042,25.312,0,136.83,0.042,24.614,0,109.871,0.042
19.636,0.257,52.013,0.029,6.028,0.2,15.141,0.029,9.849,0.086,58.741,0,6.976,0.086,49.599,0,10.317,0.171,69.246,0,12.627,0.314,43.571,0,12.225,0.286,47.558,0.006,19.853,1.143,71.726,0.024,13.354,1.143,47.716,0.071,10.68,0,49.714,0,11.235,0,50.513,0,10.349,0,46.503,0,11.202,0,47.244,0,13.72,0,67.598,0.014,29.892,0,99.359,0,24.604,0,86.576,0.028,24.852,0,135.858,0.028,24.715,0,110.304,0.028
19.937,0.2,52.613,0,6.013,0.2,15.332,0,10.726,0.2,65.737,0,6.742,0.2,45.882,0,10.235,0.371,68.106,0,12.824,0.2,43.495,0,12.353,0.39,47.951,0.019,19.834,1.143,71.861,0.071,13.322,1.143,47.646,0.071,10.611,0,48.268,0,11.297,0,50.405,0,10.446,0,46.373,0,10.813,0,45.993,0,13.72,1,66.862,0.056,29.845,0,99.632,0.014,24.028,1,87.401,0.042,25.078,1,136.049,0.042,24.29,1,109.454,0.042
19.902,0.457,52.835,0.057,5.883,0.314,15.443,0,11.103,0.2,66.667,0,6.955,0.2,49.406,0,10.348,0.286,68.251,0,12.784,0.429,43.801,0,12.364,0.37,48.128,0,19.843,1.143,71.759,0.071,13.609,1.143,48.123,0.071,10.503,0,48.973,0,11.178,0,49.622,0,10.356,0,45.263,0,10.563,0,45.47,0,13.541,1,66.697,0.014,29.182,0,98.548,0,24.305,0,87.669,0.069,24.25,0,135.388,0.069,24.075,0,108.889,0.069
20.106,0.343,52.729,0,5.939,0.2,15.02,0.029,11.491,0.2,66.346,0,7.147,0.2,49.141,0,10.263,0.257,67.925,0,12.721,0.343,43.709,0.029,12.354,0.273,47.851,0,19.817,1,71.11,0.071,13.937,1,47.755,0.095,11.029,0,48.581,0,11.214,0,49.558,0,9.948,0,43.739,0.014,10.802,0,46.039,0.014,13.538,0,66.453,0,29.222,0,98.624,0,23.807,0,88.042,0.069,24.365,0,133.959,0.069,24.03,0,108.4,0.069
19.914,0.314,52.971,0.029,5.976,0.2,15.216,0,11.769,0.2,66.017,0.029,7.158,0.2,49.108,0.029,10.165,0.257,66.32,0,12.729,0.286,43.215,0.029,12.193,0.364,47.464,0.013,20.261,1.214,71.14,0.095,13.724,1.214,47.902,0.024,10.614,0,48.408,0,10.912,0,48.976,0,10.112,1,44.303,0.014,10.52,1,44.849,0.014,13.527,0,66.094,0.056,30.347,0,97.984,0.028,24.291,1,88.883,0.069,24.096,1,132.733,0.069,24.222,1,107.915,0.069
19.895,0.429,52.91,0,5.85,0.171,14.949,0,12.025,0.229,66.324,0,7.258,0.229,49.236,0,10.28,0.143,66.23,0,12.813,0.4,42.984,0,12.075,0.286,47.597,0,20.084,1.333,71.028,0.024,13.923,1.333,47.571,0.048,11.019,0,48.522,0,11.114,0,48.707,0,10.051,0,43.28,0,10.347,0,45.023,0,13.445,0,66.158,0,31.701,0,98.141,0.014,25.977,0,88.921,0.028,23.749,0,130.836,0.028,25.807,0,108.594,0.028
19.952,0.286,52.822,0,5.814,0.314,14.859,0.029,12.586,0.286,65.759,0,7.245,0.286,48.981,0,10.456,0.286,66.61,0,12.7,0.229,43.106,0.057,12.095,0.344,47.592,0.013,20.084,1.262,71.255,0.048,13.729,1.262,47.691,0.024,11.486,0,48.737,0,11.156,0,48.862,0,10.34,0,43.539,0.028,10.717,0,45.511,0.028,13.925,0,66.868,0,32.248,0,98.996,0.028,28.273,0,89.084,0.042,23.776,0,132.778,0.042,26.875,0,108.636,0.042
20.629,0.4,52.862,0.029,5.797,0.229,14.736,0,13.097,0.257,66.611,0,7.501,0.257,48.52,0,10.551,0.114,66.842,0,12.881,0.114,43.364,0,12.128,0.455,47.812,0.006,20.24,1.143,70.631,0.024,13.9,1.143,47.105,0.048,11.206,0,48.773,0,11.283,0,49.526,0,10.134,1,43.719,0,10.512,1,45.836,0,14.106,1,67.184,0,32.388,0,97.872,0.028,29.618,1,89.828,0.028,24.162,1,133.376,0.028,28.008,1,107.635,0.028
21.181,0.371,52.856,0,5.815,0.2,14.626,0.029,13.235,0.314,65.971,0.029,7.486,0.314,48.669,0.029,10.636,0.257,66.586,0,12.917,0.429,42.63,0,12.098,0.266,47.448,0,20.215,1.381,70.114,0.048,13.905,1.381,47.352,0.048,12.094,0,48.631,0,11.369,0,49.05,0,9.944,0,43.112,0,10.505,0,44.945,0,13.891,0,66.712,0.042,33.445,0,97.411,0,31.909,0,88.867,0.056,24.269,0,132.784,0.056,28.816,0,107.541,0.056
21.856,0.4,52.754,0,5.823,0.143,14.833,0,13.773,0.143,66.361,0,7.561,0.143,48.467,0,10.93,0.286,65.877,0,12.851,0.543,43.216,0,12.041,0.344,47.619,0,20.235,1,70.66,0.048,13.808,1,47.26,0.071,12.308,0,47.548,0,11.244,0,48.456,0,9.696,0,42.191,0,10.293,0,44.35,0,13.808,0,65.603,0.028,34.229,0,97.924,0,32.443,0,90.522,0.056,23.413,0,131.651,0.056,29.306,0,106.315,0.056
22.324,0.257,52.453,0,5.751,0.343,14.495,0,13.809,0.257,66.199,0,7.641,0.257,48.581,0,11.385,0.171,66.802,0,12.673,0.257,42.804,0,12.022,0.338,47.18,0.013,20.106,1.31,70.407,0.071,13.815,1.31,47.045,0.119,12.61,0,46.845,0,11.242,0,48.071,0,9.506,0,41.481,0.014,10.348,0,44.493,0.014,13.779,1,65.158,0.014,34.414,0,97.461,0,33.431,1,90.758,0.042,23.242,1,127.035,0.042,30.211,1,106.392,0.042
23.158,0.429,52.332,0,5.719,0.314,14.257,0,14.46,0.343,66.492,0,7.843,0.343,48.534,0,11.634,0.229,66.807,0,12.997,0.343,42.95,0,12.065,0.416,47.34,0.013,20.469,1.357,69.954,0.119,13.657,1.357,46.852,0.048,12.83,0,46.34,0,11.075,0,47.484,0,9.314,0,40.712,0.014,9.998,0,43.993,0.014,13.479,0,64.137,0.028,34.794,0,97.551,0,33.247,0,90.371,0.028,23.953,0,130.926,0.028,31.432,0,106.885,0.028
24.103,0.286,52.586,0.029,5.941,0.2,14.463,0,14.826,0.343,66.815,0,7.802,0.343,48.476,0,11.945,0.257,66.288,0,12.66,0.229,42.804,0.029,11.849,0.468,47.24,0.013,20.226,1.238,69.764,0.048,13.99,1.238,46.854,0.048,13.044,0,45.582,0,11.153,0,47.257,0,9.128,0,40.232,0.014,10.116,0,43.772,0.014,13.627,1,64.157,0.028,35.778,0,96.79,0,34.207,0,90.559,0.056,24.207,0,130.78,0.056,31.929,0,106.429,0.056
24.811,0.371,52.833,0,5.737,0.229,14.219,0.029,14.826,0.257,67.056,0,7.879,0.257,48.267,0,12.368,0.171,66.171,0,12.938,0.343,42.506,0,11.931,0.5,46.861,0,20.076,1.19,69.663,0.048,13.751,1.19,46.762,0.071,12.911,0,45.438,0,11.117,0,47.399,0,9.165,1,40.451,0.028,10.5,1,43.868,0.028,13.72,0,64.14,0.014,36.284,0,96.937,0,33.865,0,88.508,0.028,25.203,0,132.318,0.028,32.956,0,107.289,0.028
25.535,0.371,52.544,0,5.865,0.343,14.507,0,14.817,0.086,66.84,0,7.693,0.086,47.823,0,12.548,0.314,65.398,0,12.88,0.286,42.741,0,11.844,0.325,46.579,0,20.199,1.429,69.168,0.071,13.796,1.429,47.031,0.048,13.63,0,45.545,0,11.176,0,47.508,0,9.334,1,40.972,0,9.91,1,42.917,0,13.713,0,64.612,0.028,36.027,0,95.853,0.014,34.371,0,90.932,0.083,25.09,0,131.573,0.083,33.295,0,106.166,0.083
26.361,0.286,52.549,0,5.878,0.371,14.448,0,15.171,0.2,66.783,0,7.695,0.2,47.367,0,12.537,0.171,64.446,0,13.098,0.229,42.786,0,11.786,0.344,46.708,0,20.205,1.31,69.18,0.048,13.876,1.31,46.768,0.048,13.231,0,45.022,0,11.189,0,47.532,0,9.441,0,40.197,0,10.07,0,43.606,0,13.691,0,64.066,0.014,36.431,0,95.233,0.042,34.695,1,90.063,0.056,26.123,1,133.103,0.056,34.097,1,106.891,0.056
26.277,0.314,51.33,0,5.932,0.343,14.545,0,15.352,0.257,66.968,0,7.589,0.257,47.315,0,13.073,0.171,64.903,0,12.954,0.314,42.376,0.029,11.764,0.383,46.736,0.006,20.488,1.452,68.592,0.048,13.812,1.452,46.287,0.071,13.585,0,45.087,0,11.172,0,47.282,0,9.269,0,40.203,0,9.973,0,43.09,0,13.759,1,64.473,0.014,35.81,0,94.588,0,34.967,0,90.809,0.069,25.628,0,128.407,0.069,34.51,0,106.013,0.069
27.565,0.429,52.337,0.029,5.98,0.229,14.557,0,15.141,0.229,66.447,0,7.752,0.229,47.358,0,13.392,0.286,64.506,0,13,0.314,42.397,0.029,11.844,0.357,46.501,0.006,20.019,1.19,67.998,0.071,13.859,1.19,46.391,0.024,13.228,0,44.251,0,11.286,0,46.829,0,9.261,0,40.322,0,9.423,0,41.808,0,13.674,0,63.515,0.028,35.979,0,95.089,0,35.434,0,91.079,0.028,25.09,0,124.185,0.028,34.72,0,105.663,0.028
27.961,0.429,52.457,0.029,5.973,0.314,14.42,0.029,15.475,0.371,67.656,0,7.737,0.371,47.307,0,13.572,0.286,64.359,0,13.103,0.4,42.253,0,11.813,0.279,46.228,0,20.085,1.119,67.666,0.024,13.775,1.119,45.768,0,13.061,0,43.908,0,11.155,0,46.143,0,9.067,0,39.047,0.014,9.389,0,41.721,0.014,13.803,0,63.287,0.028,36.235,1,94.504,0,35.702,0,90.676,0.056,26.858,0,130.07,0.056,35.063,0,105.45,0.056
28.287,0.4,52.221,0.057,6.042,0.286,14.327,0,15.511,0.143,66.915,0,7.667,0.143,46.593,0,13.727,0.229,63.538,0,12.337,0.543,39.83,0,11.895,0.357,46.249,0,20.05,1.333,68.133,0,13.412,1.333,45.908,0.024,13.476,0,43.068,0,11.055,0,46.025,0,9.115,0,39.41,0,9.343,0,41.802,0,13.782,1,62.721,0,35.836,0,93.29,0.042,35.725,1,90.494,0.056,27.665,1,131.158,0.056,35.269,1,105.312,0.056
28.626,0.371,52.043,0.029,6.151,0.171,14.465,0,15.714,0.371,66.781,0.029,7.452,0.371,45.143,0.029,13.764,0.286,63.256,0,13.094,0.4,41.646,0,11.817,0.403,46.117,0.006,19.788,1.381,67.454,0.024,13.751,1.381,45.878,0,13.113,0,42.062,0,11.12,0,45.691,0,9.214,0,38.128,0,9.293,0,41.275,0,13.72,1,62.555,0,35.419,0,92.986,0.014,36,0,90.333,0.056,29.218,0,132.051,0.056,35.764,0,105.225,0.056
29.094,0.4,51.911,0.029,6.282,0.4,14.42,0,15.689,0.2,67.77,0,7.75,0.2,46.497,0,14.133,0.371,63.805,0,13.45,0.429,42.017,0,11.722,0.377,45.813,0,19.837,1.548,67.201,0,13.612,1.548,45.846,0.119,12.931,0,41.409,0,10.982,0,45.162,0,9.056,0,38.247,0,9.405,0,41.259,0,13.624,0,61.755,0.014,35.234,0,92.18,0,36.364,1,89.727,0.028,29.382,1,132.09,0.028,35.928,1,104.798,0.028
29.284,0.486,51.614,0,6.259,0.171,14.367,0.029,15.86,0.314,67.655,0.057,7.835,0.314,46.388,0.057,14.235,0.229,63.639,0.029,13.422,0.343,41.881,0,11.92,0.331,45.563,0.006,19.635,1.452,66.374,0.119,13.624,1.452,45.96,0.071,12.999,0,41.106,0,11.047,0,45.108,0,9.018,0,38.332,0,9.232,0,40.722,0,13.757,1,61.525,0.028,34.986,1,91.553,0.042,35.855,0,90.096,0.042,30.088,0,131.335,0.042,35.706,0,103.874,0.042
29.548,0.457,51.489,0,6.304,0.286,14.408,0,15.567,0.314,67.239,0,7.624,0.314,46.06,0,14.274,0.2,63.584,0,13.832,0.4,42.101,0,11.91,0.435,45.422,0,19.658,1.143,66.192,0.071,13.508,1.143,45.696,0.071,13.213,0,40.369,0,11.114,0,44.628,0,8.933,0,37.789,0,9.009,0,40.088,0,13.835,0,61.359,0,34.286,1,90.845,0,35.886,1,89.343,0.014,30.17,1,131,0.014,35.857,1,103.096,0.014
29.731,0.486,51.594,0,6.183,0.257,14.652,0,15.559,0.314,67.553,0,7.693,0.314,45.913,0,14.235,0.2,63.053,0,13.748,0.457,41.284,0,11.86,0.377,45.351,0.006,19.639,1.19,66.168,0.071,13.729,1.19,45.409,0,12.747,0,40.185,0,10.966,0,44.314,0,9.098,0,37.48,0,9.304,0,39.84,0,14.059,1,60.419,0.028,34.236,0,89.89,0.014,36.844,1,90.291,0.028,30.725,1,128.641,0.028,35.779,1,103.051,0.028
29.897,0.257,51.438,0.029,6.297,0.429,14.47,0,15.543,0.2,66.981,0,7.712,0.2,45.377,0,14.096,0.343,61.958,0,12.672,0.314,38.38,0.029,11.96,0.364,45.609,0.006,19.807,1.238,66.294,0,13.427,1.238,44.919,0,12.473,0,39.554,0,10.981,0,43.709,0,9,1,36.686,0,9.485,1,39.638,0,14.118,1,60.218,0.014,34.057,0,89.903,0.014,35.732,0,88.238,0.056,31.224,0,127.928,0.056,36.471,0,104.015,0.056
29.907,0.4,50.859,0,6.33,0.314,14.47,0.029,15.627,0.171,67.02,0,7.615,0.171,45.383,0,14.008,0.343,61.361,0,13.659,0.343,40.887,0,12.021,0.442,45.093,0.006,19.539,1.238,65.199,0,13.613,1.238,45.232,0,12.861,0,39.119,0,11.107,0,43.659,0,8.94,0,36.652,0.014,9.237,0,39.77,0.014,14.066,0,60.181,0,33.726,0,89.147,0.042,35.765,0,87.632,0.042,32.538,0,130.197,0.042,36.77,0,104.689,0.042
29.866,0.229,50.702,0.029,6.473,0.143,14.383,0,15.56,0.314,66.968,0,7.726,0.314,45.324,0,13.974,0.229,61.341,0.029,13.672,0.286,40.635,0,11.936,0.351,45.005,0.006,19.392,1.024,65.802,0,13.694,1.024,45.029,0,12.51,0,38.543,0,10.942,0,42.558,0,8.9,1,36.245,0,8.967,1,39.285,0,14.133,0,59.13,0.014,32.91,0,87.95,0.014,36.392,1,87.604,0.042,33.398,1,132.045,0.042,36.697,1,104.425,0.042
29.588,0.343,50.48,0,6.413,0.257,14.333,0,15.703,0.171,66.703,0,7.723,0.171,44.858,0,13.953,0.229,60.55,0,14.06,0.314,41.246,0.029,11.826,0.37,44.753,0,19.548,1.5,65.583,0,13.917,1.5,44.761,0.024,11.956,0,38.295,0,10.904,0,42.982,0,8.982,0,37.084,0.014,8.8,0,39.219,0.014,14.544,1,59.601,0,32.091,0,87.912,0.028,36.012,1,87.73,0.028,33.409,1,131.322,0.028,36.781,1,104.161,0.028
29.1,0.286,50.16,0.029,6.455,0.171,14.206,0.029,15.57,0.229,67.394,0.029,7.785,0.229,44.599,0.029,13.757,0.257,60.192,0,13.75,0.486,40.361,0.029,11.754,0.364,44.024,0,19.239,1.429,63.958,0.024,13.941,1.429,46.139,0.071,11.851,0,37.745,0,11.043,0,42.656,0,9.068,0,36.452,0,9.104,0,39.537,0,14.633,0,59.313,0,31.596,0,86.14,0.056,35.977,1,88.126,0.042,33.965,1,130.275,0.042,36.122,1,102.332,0.042
29.048,0.371,50,0,6.536,0.4,14.125,0,15.505,0.171,66.252,0,7.607,0.171,44.394,0,13.636,0.143,59.788,0.029,14.098,0.343,40.58,0,11.809,0.377,43.911,0.013,19.24,1.286,64.293,0.071,14.156,1.286,46.248,0.024,12.517,0,37.854,0,11.042,0,42.251,0,9.147,0,36.357,0,9.168,0,39.132,0,14.723,1,58.991,0.014,31.642,1,86.069,0.028,36.068,0,88.091,0.042,34.528,0,129.437,0.042,36.535,0,102.826,0.042
28.806,0.229,49.783,0,6.565,0.229,14.249,0,15.387,0.314,66.752,0.029,7.742,0.314,44.371,0.029,13.437,0.429,58.908,0,14.199,0.314,40.97,0,11.777,0.39,43.891,0,19.02,1.095,64.3,0.024,14.307,1.095,46.073,0.071,12.012,0,37.039,0,11.031,0,42.213,0,9.288,0,36.272,0,9.203,0,38.47,0,14.927,0,59.143,0.014,31.443,0,86.199,0.042,35.909,1,86.634,0.083,34.77,1,130.513,0.083,36.36,1,102.192,0.083
28.85,0.4,49.43,0.029,6.56,0.229,14.531,0,15.768,0.257,66.852,0.029,7.63,0.257,43.913,0.029,13.417,0.371,58.939,0,14.639,0.286,41.476,0,11.896,0.396,43.823,0.006,18.708,1.476,63.682,0.071,14.228,1.476,45.692,0.071,12.142,0,36.584,0,11.136,0,41.979,0,9.385,0,36.31,0.014,9.157,0,38.586,0.014,14.935,1,58.343,0,30.772,0,85.023,0,36.224,0,85.916,0.014,35.635,0,129.865,0.014,36.638,0,102.421,0.014
28.882,0.2,48.876,0,6.571,0.4,14.096,0,15.642,0.343,66.216,0,7.646,0.343,44.046,0,13.144,0.2,57.944,0,14.897,0.4,41.806,0,11.879,0.474,43.406,0,19.08,1.262,63.834,0.071,14.366,1.262,45.883,0.048,11.743,0,35.939,0,10.87,0,41.22,0,9.041,1,35.638,0,9.082,1,37.827,0,14.951,1,57.581,0,30.631,0,84.089,0,35.413,0,86.343,0.069,35.61,0,129.474,0.069,36.4,0,101.701,0.069
28.278,0.686,48.392,0,6.758,0.257,14.123,0,15.387,0.171,66.101,0,7.639,0.171,43.52,0,12.924,0.286,57.024,0,14.877,0.371,41.397,0,11.917,0.312,42.601,0.006,18.97,1.262,63.519,0.048,14.653,1.262,46.251,0.048,11.868,0,35.571,0,10.734,0,40.811,0,9.132,0,35.056,0.014,9.102,0,37.341,0.014,15.035,1,57.865,0.014,30.032,0,83.559,0.014,35.821,1,86.541,0.056,36.232,1,129.696,0.056,36.151,1,100.945,0.056
28.129,0.4,48.257,0,6.609,0.314,14.155,0.029,15.38,0.2,65.369,0,7.696,0.2,43.377,0,12.858,0.229,56.599,0,15.011,0.286,41.051,0,11.825,0.422,42.592,0.006,18.788,1.357,63.11,0.048,14.831,1.357,45.994,0.048,11.397,0,35.388,0,10.928,0,40.808,0,8.897,0,35.297,0.028,9.081,0,37.709,0.028,15.172,0,57.328,0,29.779,0,82.891,0,35.427,0,85.303,0.042,35.793,0,129.351,0.042,35.851,0,100.267,0.042
27.93,0.343,47.963,0,6.446,0.143,14.17,0,14.622,0.257,62.787,0,7.615,0.257,43.171,0,12.691,0.314,56.572,0,14.822,0.257,40.924,0.029,11.767,0.37,42.19,0,18.7,1.452,62.194,0.048,14.755,1.452,45.766,0,11.053,0,34.897,0,10.655,0,40.092,0,8.848,0,34.815,0.014,8.883,0,37.115,0.014,14.939,0,56.453,0.014,29.475,1,82.072,0.014,35.254,1,85.436,0.056,36.827,1,129.671,0.056,35.942,1,100.785,0.056
27.824,0.257,47.716,0.029,6.415,0.571,14.385,0,15.245,0.171,65.49,0,7.755,0.171,43.115,0,12.783,0.143,57.007,0,14.765,0.429,40.888,0,11.648,0.292,41.91,0,18.591,1.262,61.504,0,14.777,1.262,45.522,0.048,11.114,0,34.324,0,10.624,0,39.545,0,8.709,0,34.094,0.014,8.818,0,36.605,0.014,14.846,1,55.822,0.014,28.899,0,81.09,0.028,35.452,1,85.559,0.028,36.248,1,127.433,0.028,35.46,1,99.203,0.028
27.473,0.314,47.182,0,6.501,0.257,14.17,0,14.901,0.114,65.104,0,7.524,0.114,42.819,0,12.467,0.229,55.944,0,14.762,0.314,40.338,0,11.582,0.435,41.084,0.006,18.507,1.262,61.694,0.048,14.634,1.262,45.692,0.071,10.657,0,33.922,0,10.556,0,39.006,0,8.709,0,34.037,0,8.713,0,36.849,0,15.024,1,55.428,0,27.973,0,80.455,0.042,35.345,0,85.086,0.042,36.008,0,125.873,0.042,35.034,0,97.773,0.042
26.908,0.457,46.968,0.057,6.302,0.2,14.161,0,14.992,0.229,64.717,0.029,7.596,0.229,42.336,0.029,12.459,0.2,55.613,0,15.334,0.257,41.3,0.029,11.728,0.37,41.286,0.032,18.294,1.262,61.149,0.071,14.94,1.262,45.707,0.071,10.765,0,34.021,0,10.475,0,39.025,0,8.866,0,33.793,0,8.885,0,36.395,0,15.038,1,55.518,0.042,28.376,1,80.331,0.042,34.963,0,83.993,0.056,37.224,0,128.23,0.056,35.58,0,99.547,0.056
26.55,0.514,46.154,0.029,6.266,0.371,14.167,0,15.088,0.371,64.595,0.086,7.656,0.371,42.739,0.086,12.464,0.114,55.53,0.029,15.116,0.257,40.666,0.029,11.778,0.351,41.232,0,18.506,1.31,61.31,0.071,14.899,1.31,45.563,0.071,10.961,0,33.684,0,10.507,0,39.007,0,9.237,0,33.624,0,8.841,0,36.308,0,14.982,1,54.416,0.014,28.2,0,80.125,0.014,34.415,1,82.881,0.014,37.573,1,128.934,0.014,35.566,1,99.608,0.014
26.16,0.4,45.991,0,6.266,0.257,14.024,0,14.911,0.171,64.18,0,7.655,0.171,42.526,0,12.484,0.286,55.478,0,15.344,0.343,40.49,0,11.78,0.292,40.999,0.019,18.325,1.452,61.127,0.071,15.129,1.452,45.948,0.048,10.998,0,33.444,0,10.248,0,38.275,0,8.744,0,33.127,0,8.674,0,35.929,0,15.134,0,54.26,0.042,27.833,0,79.832,0,34.601,0,83.154,0.069,37.934,0,128.476,0.069,35.568,0,99.243,0.069
26.06,0.486,45.759,0,6.298,0.257,13.83,0.029,14.977,0.257,63.804,0.029,7.661,0.257,42.467,0.029,12.385,0.371,55.679,0.029,14.984,0.457,40.45,0,11.718,0.305,40.365,0.013,18.223,1.214,60.809,0.048,15.137,1.214,45.05,0.167,10.658,0,32.572,0,10.179,0,37.929,0,9.121,0,33.155,0,8.689,0,36.043,0,15.027,0,54.421,0.028,27.643,1,79.592,0.083,34.105,0,82.287,0.069,38.924,0,128.916,0.069,35.424,0,99.439,0.069
25.704,0.286,45.386,0,6.305,0.2,13.786,0,14.651,0.2,63.432,0,7.666,0.2,42.094,0,12.123,0.343,54.437,0,15.227,0.314,40.346,0,11.703,0.396,40.49,0.006,18.212,1.571,60.819,0.167,15.101,1.571,45.269,0.071,10.549,0,32.14,0,10.159,0,37.46,0,8.971,1,32.686,0.014,8.593,1,35.583,0.014,14.951,1,53.324,0.014,27.398,1,78.629,0.056,33.515,1,81.105,0.028,38.766,1,128.474,0.028,35.594,1,99.077,0.028
25.208,0.371,45.111,0,6.358,0.257,13.958,0,14.435,0.314,63.213,0.057,7.566,0.314,41.687,0.057,11.999,0.2,54.193,0,15.58,0.171,40.672,0,11.763,0.266,40.377,0.013,18.183,1.381,60.287,0.071,14.99,1.381,45.107,0.024,10.437,0,32.044,0,9.971,0,37.26,0,6.442,0,24.229,0.028,7.146,0,28.096,0.028,14.803,0,52.86,0.056,27.013,0,77.97,0.042,33.245,1,80.294,0.014,38.977,1,127.575,0.014,35.23,1,98.775,0.014
25.116,0.286,44.652,0,6.019,0.257,13.775,0,14.811,0.314,62.953,0,7.624,0.314,41.693,0,11.898,0.229,54.421,0,15.38,0.4,40.178,0,11.735,0.435,39.53,0,18.222,1.333,59.695,0.024,15.105,1.333,44.964,0.024,10.49,0,31.638,0,9.889,0,36.764,0,7.465,0,25.123,0,8.639,0,35.16,0,14.783,1,52.712,0,26.445,1,77.652,0,33.319,1,80.189,0.056,39.46,1,126.799,0.056,34.672,1,97.868,0.056
24.738,0.229,44.383,0.057,6.374,0.457,13.955,0.057,14.511,0.229,62.306,0,7.591,0.229,41.621,0,11.894,0.229,53.295,0.029,15.434,0.257,40.271,0.029,11.685,0.39,39.443,0.013,18.103,1.429,59.306,0.024,15.097,1.429,44.849,0.024,10.335,0,31.248,0,9.876,0,36.327,0,8.762,0,31.955,0,8.515,0,34.89,0,14.904,1,52.541,0,26.379,0,77.888,0.014,33.177,0,81.28,0.042,38.694,0,125.608,0.042,34.443,0,96.49,0.042
24.314,0.257,43.872,0,6.339,0.257,13.761,0,14.358,0.257,62.137,0.057,7.54,0.257,41.663,0.057,11.916,0.314,53.854,0,15.322,0.314,39.747,0.029,11.638,0.455,39.39,0,18.187,1.262,59.569,0.024,15.391,1.262,44.927,0.071,10.413,0,31.128,0,9.648,0,36.192,0,8.821,0,31.345,0.014,8.649,0,34.523,0.014,14.819,0,52.333,0.014,25.747,1,76.18,0.028,32.963,1,81.103,0.056,38.686,1,126.542,0.056,34.204,1,96.851,0.056
24.039,0.343,43.436,0.029,6.156,0.2,13.855,0.029,14.138,0.314,61.846,0.029,7.622,0.314,41.276,0.029,11.775,0.171,53.434,0,15.263,0.229,39.681,0,11.542,0.39,38.835,0.013,18.098,1.19,58.984,0.071,15.079,1.19,44.726,0.048,10.255,0,31.004,0,9.743,0,36.077,0,8.734,0,31.946,0.014,8.605,0,34.834,0.014,14.729,1,52.579,0.014,25.926,0,76.908,0.028,32.205,1,79.501,0.083,39.082,1,126.072,0.083,34.42,1,97.068,0.083
23.856,0.486,43.147,0,6.313,0.457,13.794,0,14.295,0.257,61.696,0,7.517,0.257,40.895,0,11.587,0.257,52.475,0,15.119,0.086,39.321,0.029,11.275,0.351,38.545,0.006,17.808,1,58.546,0.048,15.283,1,44.701,0.071,10.228,0,30.769,0,9.683,0,35.63,0,8.579,0,31.29,0.014,8.472,0,34.229,0.014,14.858,1,51.974,0,25.65,0,76.129,0.028,32.317,1,78.883,0.028,39.019,1,126.7,0.028,34.546,1,97.024,0.028
23.483,0.429,42.963,0,6.293,0.257,13.847,0,14.141,0.314,61.167,0,7.485,0.314,41.325,0,11.665,0.343,52.524,0,15.187,0.571,39.076,0,11.261,0.403,38.198,0,17.873,1.595,58.356,0.071,15.27,1.595,44.71,0.071,10.212,0,30.305,0,9.576,0,35.482,0,8.714,0,31.003,0.028,8.574,0,34.478,0.028,14.821,0,51.828,0.014,25.72,0,76.168,0.083,31.841,0,79.224,0.125,39.575,0,126.803,0.125,34.501,0,96.665,0.125
