kl-3_1-488,kl-3_1-BG,kl-3_1-568,kl-3_1-BG,kl-3_2-488,kl-3_2-BG,kl-3_2-568,kl-3_2-BG,kl-3_3-488,kl-3_3-BG,kl-3_3-568,kl-3_3-BG,kl-3_4-488,kl-3_4-BG,kl-3_4-568,kl-3_4-BG,kl-3_5-488,kl-3_5-BG,kl-3_5-568,kl-3_5-BG,kl-3_6-488,kl-3_6-BG,kl-3_6-568,kl-3_6-BG,kl-3_7-488,kl-3_7-BG,kl-3_7-568,kl-3_7-BG,kl-3_8-488,kl-3_8-BG,kl-3_8-568,kl-3_8-BG,kl-3_9-488,kl-3_9-BG,kl-3_9-568,kl-3_9-BG,kl-3_10-488,kl-3_10-BG,kl-3_10-568,kl-3_10-BG,kl-3_11-488,kl-3_11-BG,kl-3_11-568,kl-3_11-BG,kl-3_12-488,kl-3_12-BG,kl-3_12-568,kl-3_12-BG,kl-3_13-488,kl-3_13-BG,kl-3_13-568,kl-3_13-BG,kl-3_14-488,kl-3_14-BG,kl-3_14-568,kl-3_14-BG,kl-3_15-488,kl-3_15-BG,kl-3_15-568,kl-3_15-BG
15.193,0.375,66.66,0.014,18.078,0.375,78.504,0.014,5.586,0.069,25.018,0.014,4.44,0.069,24.912,0.014,33.721,0.069,69.401,0.014,25.463,0.056,66.703,0,35.629,0.056,80.7,0,8.645,0.125,45.935,0.014,14.741,1.431,58.187,0.042,24.848,1.431,68.275,0.042,14.805,0.583,48.284,0.014,10.679,0.583,43.642,0.014,26.725,2.7,73.167,0.011,21.949,2.7,71.832,0.011,25.307,2.7,95.573,0.011
14.71,0.25,66.465,0.028,18.132,0.25,78.02,0.028,5.44,0.125,24.75,0.028,4.363,0.125,25.322,0.028,33.672,0.097,69.869,0,25.39,0.083,67.04,0.028,35.811,0.083,80.563,0.028,8.849,0.083,46.563,0.014,14.673,1.597,57.726,0,25.106,1.597,69.366,0,14.633,0.306,47.771,0.014,10.458,0.306,43.964,0.014,25.98,2.411,72.186,0.056,22.085,2.411,73.146,0.056,24.485,2.411,95.415,0.056
14.793,0.361,66.332,0.028,17.854,0.361,78.325,0.028,5.464,0.083,25.521,0,4.536,0.083,24.123,0,33.608,0.069,69.522,0.014,25.692,0.069,66.557,0.028,35.65,0.069,80.942,0.028,8.695,0.139,46.469,0,14.6,1.236,57.516,0.014,25.026,1.236,69.877,0.014,14.763,0.583,48.548,0,10.321,0.583,43.797,0,25.797,3.089,72.765,0.044,21.737,3.089,72.021,0.044,23.987,3.089,93.079,0.044
14.5,0.306,66.254,0,17.938,0.306,78.803,0,5.313,0.153,24.741,0.014,4.36,0.153,24.897,0.014,33.644,0.083,69.601,0.014,25.177,0.083,66.673,0.056,35.661,0.083,80.794,0.056,8.596,0.139,46.748,0,14.768,1.431,57.829,0.014,24.751,1.431,69.343,0.014,14.927,0.111,48.4,0.028,9.935,0.111,42.717,0.028,25.078,2.689,71.781,0.033,14.801,2.689,57.029,0.033,23.372,2.689,91.724,0.033
14.491,0.319,66.378,0,18.139,0.319,79.119,0,5.498,0.125,25.266,0,4.266,0.125,24.443,0,33.375,0.083,69.703,0,25.428,0.069,66.841,0.028,35.452,0.069,80.633,0.028,8.709,0.097,46.337,0,14.876,1.347,57.325,0,24.586,1.347,69.589,0,14.511,0.458,47.082,0,8.34,0.458,35.447,0,20.039,2.544,62.717,0.011,19.984,2.544,65.678,0.011,23.463,2.544,92.941,0.011
14.062,0.264,65.924,0,17.905,0.264,78.818,0,5.399,0.042,24.906,0,4.401,0.042,24.933,0,33.795,0.083,69.219,0.028,25.24,0.097,67.111,0,35.577,0.097,80.538,0,8.389,0.097,45.523,0,14.866,1.069,57.94,0,24.414,1.069,69.428,0,14.675,0.625,48.364,0.014,10.012,0.625,42.089,0.014,21.185,2.389,54.505,0.033,21.681,2.389,72,0.033,22.944,2.389,92.442,0.033
14.149,0.306,65.845,0.014,18.289,0.306,78.468,0.014,5.248,0.139,25.642,0,4.476,0.139,25.423,0,33.335,0.097,69.607,0.014,25.094,0.083,66.891,0,35.609,0.083,80.459,0,8.643,0.042,45.684,0,14.939,1.292,57.726,0.014,24.461,1.292,69.517,0.014,12.546,0.514,43.61,0.028,9.762,0.514,42.466,0.028,25.091,2.5,71.469,0.044,21.612,2.5,71.527,0.044,22.803,2.5,92.795,0.044
14.118,0.292,65.515,0,18.175,0.292,78.158,0,5.266,0.125,24.843,0.014,4.396,0.125,24.959,0.014,33.418,0.056,69.549,0,25.121,0.125,66.925,0.028,35.421,0.125,80.562,0.028,8.691,0.097,45.891,0,15.023,1.444,58.21,0.028,24.28,1.444,69.137,0.028,10.882,0.625,35.497,0,9.63,0.625,41.682,0,24.205,2.289,71.313,0,21.287,2.289,71.846,0,23.02,2.289,91.813,0
13.813,0.347,65.337,0,18.416,0.347,78.992,0,5.283,0.125,25.405,0,4.663,0.125,26.551,0,33.087,0.194,69.703,0,24.979,0.111,67.256,0.014,35.343,0.111,80.585,0.014,8.648,0.194,45.857,0,15.025,1.139,58.554,0.014,24.254,1.139,69.771,0.014,14.455,0.5,47.384,0.014,9.475,0.5,41.328,0.014,24.617,2.4,70.781,0.022,21.753,2.4,72.556,0.022,22.558,2.4,90.329,0.022
13.887,0.278,64.992,0.014,17.99,0.278,78.298,0.014,5.203,0.167,24.771,0,4.56,0.167,26.056,0,33.207,0.097,70.162,0.028,24.753,0.125,66.947,0.042,35.349,0.125,80.722,0.042,8.692,0.069,45.837,0,15.015,1.347,57.721,0.028,24.262,1.347,69.548,0.028,14.577,0.514,48.673,0.014,9.247,0.514,40.931,0.014,24.473,2.3,70.412,0.044,21,2.3,71.221,0.044,22.646,2.3,92.345,0.044
13.79,0.278,64.907,0.014,18.103,0.278,78.062,0.014,5.325,0.153,24.652,0,4.344,0.153,25.932,0,33.099,0.111,70.101,0,24.75,0.056,66.949,0.028,35.022,0.056,80.728,0.028,8.508,0.125,45.495,0,15.086,1.417,58.661,0,24.312,1.417,69.682,0,14.519,0.458,48.759,0.014,9.259,0.458,41.64,0.014,24.175,2.389,70.013,0.011,21.093,2.389,71.668,0.011,22.427,2.389,91.567,0.011
13.675,0.278,64.458,0,18.162,0.278,78.427,0,5.194,0.181,25.417,0.014,4.272,0.181,25.243,0.014,33.193,0.083,69.873,0.042,24.612,0.125,67.181,0.028,35.052,0.125,80.629,0.028,8.488,0.056,45.357,0,14.943,1.222,58.462,0,24.064,1.222,69.585,0,14.398,0.611,48.888,0,9.457,0.611,41.585,0,23.969,2.567,70.798,0.011,21.415,2.567,72.104,0.011,22.429,2.567,91.214,0.011
13.468,0.306,64.976,0,18.157,0.306,78.576,0,5.224,0.167,25.382,0.042,4.448,0.167,25.586,0.042,33.273,0.139,69.902,0,24.841,0.139,66.892,0,35.021,0.139,80.453,0,8.481,0.167,45.368,0.014,15.085,1.194,58.693,0.014,23.916,1.194,70.203,0.014,14.337,0.653,48.458,0.014,9.257,0.653,41.208,0.014,23.604,2.278,70.812,0,22.035,2.278,72.426,0,22.785,2.278,91.382,0
13.496,0.472,64.782,0,18.231,0.472,78.279,0,5.354,0.069,25.735,0,4.393,0.069,25.751,0,33.176,0.125,70.343,0,24.834,0.028,66.974,0.014,34.95,0.028,80.786,0.014,8.557,0.125,45.132,0,14.998,0.931,58.237,0,23.762,0.931,69.997,0,14.43,0.639,48.731,0.028,9.097,0.639,41.369,0.028,23.787,2.511,69.664,0.011,21.737,2.511,71.963,0.011,22.375,2.511,90.384,0.011
13.198,0.306,64.431,0,18.008,0.306,77.531,0,5.296,0.042,24.735,0.014,4.542,0.042,26.121,0.014,33.269,0.125,70.345,0,24.661,0.083,67.104,0,34.741,0.083,80.457,0,8.62,0.069,45.611,0.014,15.134,1.222,58.157,0,23.727,1.222,70.016,0,14.541,0.639,49.323,0.014,9.359,0.639,40.959,0.014,23.662,2.2,69.922,0.022,21.654,2.2,72.641,0.022,21.919,2.2,90.675,0.022
13.289,0.306,63.31,0.014,17.695,0.306,77.929,0.014,5.055,0.194,24.242,0,4.489,0.194,26.563,0,33.215,0.153,69.693,0,24.325,0.139,67.224,0,34.718,0.139,80.107,0,8.509,0.139,45.483,0,15.032,1.333,58.092,0.028,23.688,1.333,70.221,0.028,14.702,0.444,49.145,0,9.092,0.444,40.766,0,22.955,2.3,69.634,0.033,21.391,2.3,72.173,0.033,21.892,2.3,89.257,0.033
13.093,0.347,63.979,0,18.007,0.347,77.526,0,5.203,0.083,25.199,0.014,4.307,0.083,25.405,0.014,33.158,0.056,70.227,0,24.533,0.056,67.436,0,34.637,0.056,80.385,0,8.392,0.139,44.119,0,15.365,1.042,58.27,0,24.044,1.042,69.825,0,14.591,0.542,49.33,0.097,9.019,0.542,40.809,0.097,22.961,2.144,69.77,0.022,21.29,2.144,72.487,0.022,21.804,2.144,88.763,0.022
13.172,0.361,63.719,0,18.322,0.361,77.351,0,5.168,0.097,24.983,0,4.302,0.097,24.92,0,32.695,0.139,70.214,0.014,24.413,0.069,67.381,0.014,34.277,0.069,80.033,0.014,8.723,0.111,45.129,0.014,15.18,1.375,58.484,0.042,23.804,1.375,70.01,0.042,14.579,0.736,48.851,0,9.227,0.736,40.985,0,23.142,2.433,69.219,0,21.582,2.433,72.237,0,21.835,2.433,89.659,0
13.042,0.222,63.491,0.014,17.868,0.222,77.552,0.014,5.199,0.083,25.273,0,4.379,0.083,25.533,0,33.158,0.125,69.574,0,24.303,0.125,66.811,0.028,34.457,0.125,80.064,0.028,8.472,0.083,45.14,0,15.359,1.083,58.14,0.028,23.819,1.083,70.08,0.028,14.516,0.514,49.333,0.014,9.18,0.514,41.031,0.014,22.623,1.944,69.595,0.033,20.992,1.944,73.056,0.033,21.855,1.944,89.639,0.033
13.135,0.194,63.884,0,18.687,0.194,77.641,0,4.92,0.125,22.576,0,4.554,0.125,26.303,0,32.913,0.083,70.163,0,23.971,0.083,67.377,0,34.068,0.083,79.965,0,8.775,0.139,45.676,0,15.449,0.958,58.285,0.014,23.829,0.958,69.853,0.014,14.437,0.653,48.583,0,9.016,0.653,40.59,0,22.961,2.678,69.089,0.011,20.705,2.678,71.612,0.011,22.129,2.678,89.097,0.011
12.905,0.278,62.737,0,18.442,0.278,77.258,0,5.338,0.125,25.657,0,4.381,0.125,26.073,0,32.811,0.153,70.279,0.028,24.223,0.097,67.032,0.042,34.038,0.097,79.945,0.042,8.849,0.097,45.4,0,15.487,1.264,58.508,0,23.647,1.264,70.135,0,14.018,0.361,48.333,0.028,8.875,0.361,39.47,0.028,22.576,2.156,67.587,0.011,20.872,2.156,72.5,0.011,21.856,2.156,89.424,0.011
12.708,0.361,62.931,0.014,17.959,0.361,75.515,0.014,5.312,0.125,25.722,0.014,4.511,0.125,26.162,0.014,32.66,0.083,70.168,0.014,23.846,0.042,67.25,0.014,34.057,0.042,79.423,0.014,9.105,0.069,44.563,0,15.333,1.194,58.152,0.014,23.402,1.194,69.941,0.014,14.421,0.472,48.888,0.014,8.823,0.472,40.374,0.014,22.369,2.111,68.448,0.033,21.269,2.111,71.657,0.033,21.916,2.111,88.032,0.033
12.396,0.264,62.739,0.014,18.014,0.264,75.812,0.014,5.521,0.125,25.945,0,4.398,0.125,26.411,0,32.567,0.153,69.909,0.014,23.888,0.042,67.097,0,33.663,0.042,79.571,0,8.943,0.111,45.413,0.014,15.46,1.486,58.644,0,23.685,1.486,70.334,0,14.32,0.458,49.435,0.028,8.848,0.458,40.34,0.028,22.153,1.922,68.077,0.011,21.037,1.922,72.08,0.011,21.293,1.922,87.973,0.011
12.482,0.306,63.279,0.014,18.421,0.306,77.238,0.014,5.327,0.167,25.774,0,4.307,0.167,25.842,0,32.609,0.097,70.098,0,23.713,0.111,67.06,0,33.858,0.111,79.504,0,9.244,0.125,45.256,0,15.563,1.486,58.519,0.042,23.132,1.486,69.831,0.042,14.635,0.569,49.371,0.028,8.815,0.569,40.289,0.028,22.507,2.233,67.964,0.022,20.886,2.233,71.521,0.022,21.368,2.233,86.926,0.022
12.543,0.25,62.67,0.028,18.322,0.25,78.13,0.028,5.377,0.139,26.053,0,4.645,0.139,26.528,0,32.506,0.111,69.915,0,23.67,0.056,67.232,0,33.298,0.056,79.117,0,8.847,0.083,45.451,0,15.651,1.292,58.532,0,23.722,1.292,70.677,0,14.233,0.542,49.01,0.028,8.629,0.542,39.632,0.028,22.318,2.467,67.704,0.033,21.032,2.467,72.066,0.033,21.257,2.467,86.648,0.033
12.585,0.319,62.441,0.028,18.39,0.319,77.617,0.028,5.224,0.153,25.717,0.014,4.34,0.153,26.648,0.014,32.612,0.083,70.125,0.014,23.656,0.083,67.214,0.014,33.275,0.083,79.222,0.014,9.168,0.153,45.237,0.014,15.715,1.042,58.368,0.014,23.676,1.042,70.345,0.014,14.41,0.472,49.234,0.014,8.578,0.472,39.423,0.014,22.254,2.222,67.978,0,20.984,2.222,72.152,0,21.715,2.222,86.944,0
12.512,0.333,61.667,0.014,18.475,0.333,76.803,0.014,5.218,0.111,24.949,0.014,4.455,0.111,25.76,0.014,32.562,0.208,69.947,0,23.743,0.125,66.943,0.014,32.932,0.125,78.909,0.014,9.149,0.167,45.635,0,15.801,1.236,58.652,0,23.684,1.236,69.761,0,14.617,0.625,49.348,0.028,8.606,0.625,39.627,0.028,22.393,2,67.482,0,20.524,2,72.931,0,21.282,2,86.546,0
12.08,0.389,60.399,0,18.585,0.389,77.234,0,5.193,0.111,24.66,0.014,4.273,0.111,25.869,0.014,32.418,0.139,69.937,0.014,23.476,0.028,66.89,0,32.78,0.028,78.84,0,9.377,0.097,45.397,0,15.693,1.361,58.484,0,23.072,1.361,69.634,0,14.445,0.569,49.166,0.028,8.692,0.569,39.57,0.028,22.263,2.033,67.889,0,20.699,2.033,71.84,0,21.451,2.033,86.275,0
12.145,0.319,61.326,0,18.721,0.319,77.602,0,5.397,0.153,26.189,0.014,4.41,0.153,25.554,0.014,32.402,0.153,69.675,0,23.366,0.153,66.85,0.028,32.636,0.153,78.927,0.028,9.368,0.125,44.956,0,15.767,1.056,58.906,0.014,23.085,1.056,70.335,0.014,14.408,0.611,49.277,0.014,8.706,0.611,39.09,0.014,21.551,2.133,66.856,0.022,20.423,2.133,71.404,0.022,21.675,2.133,86.447,0.022
12.49,0.333,62.188,0.028,18.64,0.333,77.91,0.028,5.399,0.111,27.035,0,4.275,0.111,26.055,0,32.33,0.111,69.894,0.028,23.229,0.056,67.239,0.028,32.359,0.056,79.11,0.028,9.495,0.111,45.452,0,15.674,1.444,58.997,0,23.322,1.444,70.436,0,14.355,0.681,49.361,0,8.693,0.681,39.124,0,21.693,2.222,67.463,0,21.138,2.222,72.162,0,21.596,2.222,86.133,0
12.41,0.417,62.412,0,18.438,0.417,76.135,0,5.435,0.111,25.871,0,4.253,0.111,26.381,0,32.267,0.125,69.866,0.028,23.109,0.125,66.889,0,32.344,0.125,78.998,0,9.149,0.139,45.137,0,15.78,1.181,59.035,0,23.147,1.181,70.221,0,14.306,0.597,49.246,0,8.703,0.597,39.73,0,21.801,2.233,67.25,0.033,21.152,2.233,72.003,0.033,21.122,2.233,83.12,0.033
12.51,0.403,62.06,0.014,18.128,0.403,75.23,0.014,5.358,0.139,26.286,0.014,4.354,0.139,25.413,0.014,32.035,0.111,69.803,0.014,23.155,0.083,67.339,0.028,32.031,0.083,78.558,0.028,9.595,0.097,45.089,0,15.766,1.236,58.82,0,23.176,1.236,70.221,0,14.356,0.569,49.229,0.028,8.626,0.569,39.203,0.028,20.983,2.256,65.365,0.011,20.888,2.256,71.734,0.011,21.14,2.256,84.781,0.011
12.4,0.278,62.337,0.014,18.668,0.278,77.163,0.014,5.413,0.111,26.476,0,4.39,0.111,26.08,0,32.189,0.153,69.413,0,22.973,0.014,67.064,0,32.061,0.014,78.436,0,9.397,0.181,45.272,0,15.851,1.028,58.928,0.028,23.034,1.028,69.365,0.028,14.548,0.556,49.35,0.014,8.49,0.556,38.449,0.014,21.272,2.078,65.715,0.011,20.617,2.078,71.431,0.011,21.224,2.078,84.794,0.011
12.51,0.278,62.104,0.014,18.915,0.278,77.553,0.014,5.415,0.153,26.372,0.014,4.446,0.153,25.329,0.014,32.342,0.167,69.869,0,23.053,0.083,66.948,0.028,32.082,0.083,78.655,0.028,9.585,0.111,45.421,0,15.84,1.236,58.472,0.028,23.037,1.236,69.781,0.028,14.399,0.528,49.286,0,8.49,0.528,38.475,0,21.352,2.278,66.12,0.033,20.867,2.278,71.654,0.033,21.406,2.278,84.61,0.033
12.39,0.264,61.324,0,18.492,0.264,76.552,0,5.229,0.125,26.07,0,4.349,0.125,26.457,0,31.878,0.111,70.031,0.014,22.952,0.111,67.249,0.014,31.644,0.111,78.721,0.014,9.499,0.069,45.377,0,15.963,1.306,58.44,0.014,23.283,1.306,69.515,0.014,14.474,0.611,49.187,0,8.444,0.611,38.277,0,21.404,2.211,65.615,0.011,20.25,2.211,71.731,0.011,21.429,2.211,82.621,0.011
12.152,0.222,61.347,0,18.479,0.222,76.727,0,5.517,0.167,26.585,0.042,4.31,0.167,26.158,0.042,32.502,0.083,69.736,0.014,23.063,0.083,67.456,0,31.785,0.083,78.757,0,9.735,0.056,45.335,0.014,15.917,1.181,58.799,0.014,23.316,1.181,70.072,0.014,14.264,0.514,49.213,0.014,8.394,0.514,38.35,0.014,20.997,2.044,65.336,0.011,20.25,2.044,70.082,0.011,21.558,2.044,84.074,0.011
12.271,0.375,61.374,0,18.978,0.375,77.289,0,5.274,0.125,26.384,0.014,4.244,0.125,25.962,0.014,32.786,0.181,70.122,0.014,23.014,0.069,66.973,0,31.759,0.069,78.707,0,9.66,0.042,44.721,0.014,16.028,1.264,58.698,0.014,23.114,1.264,69.971,0.014,14.175,0.625,49.45,0,8.583,0.625,38.031,0,21.33,2.244,66.158,0.011,20.136,2.244,70.133,0.011,21.19,2.244,83.993,0.011
12.086,0.264,62.102,0.014,18.61,0.264,76.554,0.014,5.362,0.069,26.394,0,4.496,0.069,26.175,0,32.521,0.139,70.16,0.014,23.134,0.125,67.147,0,31.999,0.125,78.871,0,9.636,0.097,44.608,0,15.904,1.319,58.81,0.028,23.093,1.319,69.915,0.028,14.465,0.625,49.521,0.014,8.462,0.625,38.135,0.014,21.274,2.167,65.648,0.033,20.588,2.167,71.277,0.033,21.135,2.167,82.772,0.033
12.269,0.347,61.613,0.014,18.858,0.347,77.031,0.014,5.406,0.139,26.241,0,4.261,0.139,27.155,0,32.634,0.097,70.431,0,22.83,0.083,67.244,0,31.456,0.083,78.924,0,9.951,0.111,45.448,0,16.063,1.139,58.84,0,23.346,1.139,70.214,0,14.039,0.444,49.226,0,8.483,0.444,37.904,0,21.091,2.144,65.299,0,20.447,2.144,70.997,0,21.054,2.144,82.569,0
12.102,0.319,61.202,0,18.91,0.319,77.219,0,5.515,0.181,26.929,0,4.273,0.181,26.413,0,32.509,0.097,70.334,0,22.937,0.069,67.82,0.028,31.511,0.069,78.863,0.028,9.895,0.125,45.393,0,16.016,1.181,58.432,0.014,23.39,1.181,69.926,0.014,14.334,0.556,49.144,0,8.384,0.556,37.844,0,21.11,2.044,65.371,0,20.963,2.044,71.582,0,21.461,2.044,83.169,0
12.071,0.347,60.96,0,18.972,0.347,76.876,0,5.387,0.069,26.176,0.042,4.413,0.069,26.561,0.042,32.554,0.153,70.129,0,22.779,0.111,67.439,0.028,31.196,0.111,79.005,0.028,10.213,0.069,45.491,0,15.854,1.361,58.172,0,23.354,1.361,70.465,0,14.356,0.431,49.253,0.028,8.332,0.431,38.103,0.028,20.991,2.111,64.365,0.011,20.255,2.111,70.383,0.011,21.397,2.111,82.914,0.011
12.379,0.222,60.949,0.014,19.085,0.222,77.184,0.014,5.38,0.056,27.099,0,4.514,0.056,26.053,0,32.141,0.111,70.317,0.028,22.674,0.097,67.181,0.028,31.244,0.097,78.952,0.028,9.884,0.056,45.293,0.014,16.163,1.25,58.781,0,23.297,1.25,69.701,0,14.229,0.486,49.079,0.014,8.418,0.486,38.086,0.014,20.947,1.9,64.269,0.011,20.545,1.9,70.702,0.011,21.429,1.9,82.384,0.011
12.204,0.236,61.705,0.014,19.267,0.236,77.683,0.014,5.387,0.111,26.386,0,4.363,0.111,25.689,0,32.073,0.097,70.013,0,22.801,0.167,67.33,0,31.156,0.167,78.302,0,10.124,0.042,45.096,0,16.088,1.125,58.561,0.042,23.617,1.125,70.071,0.042,14.3,0.389,49.336,0,8.511,0.389,37.799,0,21.028,2.222,65.915,0.056,20.053,2.222,70.356,0.056,21.336,2.222,81.628,0.056
12.19,0.236,61.476,0,19.058,0.236,78.09,0,5.291,0.083,26.044,0,4.401,0.083,26.589,0,32.061,0.153,69.961,0,22.84,0.014,67.26,0.014,30.861,0.014,78.693,0.014,10.165,0.069,45.231,0,15.83,1.139,58.14,0,23.514,1.139,69.84,0,14.332,0.361,49.621,0.028,8.504,0.361,37.352,0.028,20.845,1.922,63.934,0.011,20.516,1.922,71.314,0.011,21.285,1.922,81.77,0.011
12.32,0.347,61.304,0,18.956,0.347,77.771,0,5.489,0.153,26.737,0.014,4.276,0.153,26.093,0.014,32.183,0.069,70.092,0.056,22.607,0.125,66.989,0,30.778,0.125,77.811,0,10.352,0.069,45.276,0,16.104,0.972,58.643,0.014,23.4,0.972,69.95,0.014,14.199,0.403,49.885,0,8.312,0.403,37.369,0,20.732,1.9,64.626,0,20.404,1.9,70.875,0,21.219,1.9,81.248,0
12.233,0.333,61.39,0.014,19.181,0.333,77.523,0.014,5.683,0.097,27.466,0.014,4.42,0.097,25.536,0.014,32.007,0.181,69.516,0,22.508,0.083,67.005,0.014,30.516,0.083,78.023,0.014,10.211,0.097,45.229,0,16.091,0.764,58.954,0.028,23.274,0.764,70.263,0.028,14.212,0.514,49.723,0,8.477,0.514,37.456,0,20.538,1.856,64.049,0.011,19.907,1.856,70.258,0.011,20.878,1.856,81.697,0.011
12.362,0.236,61.251,0,19.221,0.236,77.851,0,5.414,0.111,26.789,0,4.343,0.111,25.78,0,32.081,0.125,69.61,0,22.552,0.097,66.938,0.014,30.372,0.097,78.048,0.014,10.277,0.194,44.679,0.028,16.055,0.972,58.367,0.014,23.18,0.972,69.982,0.014,14.377,0.722,49.781,0.014,8.354,0.722,36.915,0.014,20.377,1.756,64.025,0.033,19.816,1.756,69.856,0.033,21.174,1.756,80.847,0.033
12.313,0.347,61.538,0.014,19.39,0.347,77.998,0.014,5.601,0.083,26.894,0,4.426,0.083,25.948,0,31.812,0.181,70.045,0.014,22.47,0.125,67.556,0.014,30.287,0.125,78.291,0.014,10.448,0.111,44.792,0,15.736,0.931,57.217,0.014,23.341,0.931,70.092,0.014,14.29,0.472,49.706,0.028,8.487,0.472,36.942,0.028,20.648,1.911,63.617,0.056,19.872,1.911,71.319,0.056,21.449,1.911,80.75,0.056
12.104,0.194,61.475,0,19.404,0.194,78.057,0,5.52,0.097,26.825,0.028,4.493,0.097,26.725,0.028,31.881,0.139,69.509,0.014,22.366,0.069,66.993,0,30.148,0.069,78.215,0,10.436,0.181,44.921,0,16.092,0.986,58.271,0,23.331,0.986,70.012,0,14.252,0.514,49.421,0.028,8.392,0.514,36.781,0.028,20.71,2.078,63.66,0.056,19.843,2.078,70.67,0.056,21.136,2.078,79.921,0.056
12.046,0.278,61.638,0,19.457,0.278,78.48,0,5.59,0.069,27.101,0.014,4.209,0.069,25.574,0.014,31.889,0.125,69.689,0.014,22.396,0.139,66.878,0.028,30.126,0.139,78.151,0.028,10.443,0.125,44.976,0,16.265,1.25,58.404,0.014,23.221,1.25,70.082,0.014,14.354,0.514,50.16,0.014,8.271,0.514,36.781,0.014,20.423,2.133,63.387,0.011,19.907,2.133,69.846,0.011,21.37,2.133,80.02,0.011
12.363,0.264,61.259,0,19.458,0.264,77.92,0,5.486,0.111,27.383,0,4.253,0.111,25.883,0,31.633,0.111,69.975,0.014,22.288,0.083,66.974,0.014,30.019,0.083,78.108,0.014,10.616,0.097,45.096,0,15.889,1.056,58.203,0,23.428,1.056,69.82,0,14.192,0.486,49.916,0.014,8.472,0.486,36.639,0.014,20.097,2.033,63.576,0.022,20.205,2.033,69.684,0.022,21.583,2.033,79.82,0.022
12.16,0.278,60.816,0.028,19.607,0.278,77.925,0.028,5.45,0.083,26.66,0.014,4.524,0.083,27.137,0.014,31.512,0.194,69.366,0.028,22.497,0.111,66.855,0,29.651,0.111,77.985,0,10.421,0.111,44.916,0.028,16.095,1.167,58.639,0.014,23.454,1.167,70.625,0.014,14.161,0.403,49.774,0.042,8.46,0.403,36.517,0.042,20.535,1.844,63.959,0.033,20.072,1.844,70.234,0.033,21.722,1.844,81.355,0.033
12.234,0.347,61.36,0.014,19.241,0.347,78.279,0.014,5.699,0.056,27.513,0.014,4.322,0.056,26.197,0.014,31.228,0.236,69.489,0.014,22.199,0.125,66.828,0.014,29.449,0.125,77.89,0.014,10.595,0.083,45.053,0,16.18,1.153,58.231,0,23.176,1.153,70.101,0,14.305,0.625,49.408,0.014,8.503,0.625,36.786,0.014,20.279,1.844,63.496,0.022,19.851,1.844,70.633,0.022,20.982,1.844,79.892,0.022
12.315,0.181,61.194,0,19.696,0.181,78.298,0,5.586,0.097,27.487,0.014,4.212,0.097,25.548,0.014,31.826,0.153,69.712,0,22.422,0.056,66.999,0,29.603,0.056,78.103,0,10.776,0.139,45.008,0,16.027,0.875,58.225,0,23.546,0.875,70.163,0,14.388,0.528,50.032,0.042,8.49,0.528,36.195,0.042,19.984,1.778,62.977,0.022,20.016,1.778,70.529,0.022,20.463,1.778,78.424,0.022
12.173,0.306,60.607,0,19.692,0.306,77.875,0,5.435,0.167,26.549,0.014,4.476,0.167,26.968,0.014,31.587,0.139,70.004,0,22.293,0.056,66.816,0,29.232,0.056,77.979,0,10.691,0.125,44.505,0,16.086,1.083,58.514,0,23.58,1.083,70.225,0,14.195,0.403,49.695,0.014,8.583,0.403,36.524,0.014,19.279,2.344,59.759,0.011,19.883,2.344,69.473,0.011,21.42,2.344,78.917,0.011
12.298,0.319,60.718,0.028,19.448,0.319,77.828,0.028,5.686,0.153,27.099,0.014,4.524,0.153,26.785,0.014,31.385,0.125,69.686,0,22.073,0.097,67.038,0.014,29.181,0.097,77.664,0.014,10.331,0.125,43.215,0,16.195,1.056,58.196,0,23.569,1.056,70.179,0,14.213,0.417,49.584,0.014,8.418,0.417,36.522,0.014,20.175,1.822,62.892,0.033,19.936,1.822,69.816,0.033,20.77,1.822,78.454,0.033
12.221,0.278,61.029,0.014,19.635,0.278,78.251,0.014,5.466,0.139,26.506,0,4.363,0.139,26.467,0,31.299,0.153,69.873,0.014,22.147,0.125,66.933,0,29.215,0.125,77.987,0,10.483,0.097,44.341,0,16.158,1.056,58.689,0.028,23.414,1.056,70.064,0.028,14.14,0.458,49.917,0.014,8.519,0.458,35.901,0.014,20.106,1.889,62.396,0.022,19.673,1.889,69.41,0.022,21.285,1.889,78.758,0.022
12.15,0.319,60.621,0,19.723,0.319,78.345,0,5.462,0.056,26.132,0.028,4.331,0.056,26.316,0.028,31.65,0.111,69.647,0.028,22.224,0.083,66.951,0,29.312,0.083,77.459,0,10.545,0.042,44.572,0,16.121,1,58.539,0,23.501,1,70.654,0,14.444,0.514,50.209,0.069,8.476,0.514,35.601,0.069,19.834,1.722,62.069,0,19.697,1.722,69.782,0,20.966,1.722,78.745,0
12.264,0.292,60.376,0,19.253,0.292,76.979,0,5.735,0.139,27.57,0,4.281,0.139,26.029,0,31.505,0.083,70.037,0.014,22.145,0.069,67.234,0.014,29.156,0.069,77.795,0.014,10.501,0.139,44.309,0,16.159,1.069,58.395,0.014,23.409,1.069,69.529,0.014,14.357,0.431,50.283,0.014,8.318,0.431,35.506,0.014,20.121,1.8,63.1,0.033,19.726,1.8,69.109,0.033,20.871,1.8,77.034,0.033
12.446,0.333,60.748,0,19.52,0.333,78.247,0,5.645,0.125,27.626,0.014,4.293,0.125,26.61,0.014,31.591,0.181,69.847,0.014,22.247,0.056,67.242,0,29.069,0.056,77.974,0,10.655,0.069,44.328,0,16.114,1.139,58.19,0,23.628,1.139,70.082,0,14.312,0.5,50.117,0.056,8.57,0.5,36.106,0.056,20.31,1.767,62.477,0.033,18.955,1.767,68.332,0.033,21.063,1.767,77.366,0.033
12.468,0.306,61.023,0,19.696,0.306,78.141,0,5.508,0.083,27.171,0,4.334,0.083,26.744,0,31.512,0.167,69.921,0.014,22.114,0.056,67.355,0.014,28.612,0.056,77.073,0.014,10.607,0.125,44.423,0.014,15.982,1.167,58.346,0,23.582,1.167,69.881,0,14.156,0.639,49.942,0,8.595,0.639,36.211,0,19.659,1.811,60.26,0,19.811,1.811,69.327,0,21.625,1.811,78.741,0
12.449,0.264,60.906,0,19.725,0.264,78.843,0,5.536,0.153,26.46,0.028,4.358,0.153,27,0.028,31.634,0.181,69.938,0,22.103,0.069,66.797,0.014,28.543,0.069,77.316,0.014,10.603,0.125,44.331,0,16.102,0.944,58.165,0.028,23.403,0.944,70.179,0.028,14.218,0.431,50.09,0.014,8.565,0.431,35.481,0.014,20.394,1.967,62.634,0.022,19.785,1.967,68.795,0.022,21.296,1.967,77.643,0.022
12.429,0.347,60.142,0,19.881,0.347,78.325,0,5.487,0.111,26.474,0,4.246,0.111,27.501,0,31.198,0.111,69.179,0.014,21.984,0.069,67.05,0,28.532,0.069,77.029,0,10.652,0.056,44.807,0.014,16.193,1.236,58.475,0,23.38,1.236,70.151,0,14.186,0.514,49.711,0,8.331,0.514,36.002,0,20.487,1.833,61.879,0.011,19.657,1.833,68.604,0.011,21.232,1.833,77.37,0.011
12.545,0.319,60.59,0.014,19.985,0.319,78.462,0.014,5.442,0.125,26.14,0,4.405,0.125,26.983,0,31.101,0.208,69.31,0.028,22.159,0.111,66.536,0,28.22,0.111,76.481,0,10.612,0.125,44.684,0.014,16.295,1.236,58.505,0.014,23.685,1.236,70.031,0.014,14.428,0.458,50.06,0.014,8.617,0.458,35.582,0.014,20.41,1.811,62.315,0.011,19.832,1.811,68.136,0.011,21.49,1.811,77.334,0.011
12.464,0.278,60.832,0,19.548,0.278,76.733,0,5.341,0.111,25.876,0,4.434,0.111,27.143,0,31.297,0.181,69.614,0,22.015,0.111,66.615,0,28.229,0.111,77.216,0,10.617,0.097,44.736,0,16.261,0.861,58.165,0,23.728,0.861,70.521,0,14.525,0.417,50.25,0,8.514,0.417,35.614,0,20.014,1.622,62.698,0,19.785,1.622,69.162,0,20.452,1.622,73.662,0
12.593,0.333,61.018,0.014,19.993,0.333,78.436,0.014,5.423,0.111,25.745,0,4.475,0.111,27.234,0,30.933,0.097,68.343,0.014,21.968,0.083,67.104,0.014,28.042,0.083,77.093,0.014,10.609,0.042,44.172,0.014,15.98,0.986,58.117,0,23.582,0.986,70.402,0,14.321,0.528,50.065,0.014,8.573,0.528,35.516,0.014,20.086,1.778,61.635,0.011,19.043,1.778,68.21,0.011,21.585,1.778,77.264,0.011
12.541,0.278,61.225,0.014,19.618,0.278,78.207,0.014,5.568,0.097,26.754,0,4.341,0.097,27.499,0,31.581,0.194,69.688,0.014,22.243,0.083,66.681,0,28.05,0.083,77.43,0,10.912,0.083,44.156,0,16.039,1.222,57.996,0.014,23.63,1.222,70.13,0.014,14.261,0.486,50.632,0.042,8.361,0.486,34.993,0.042,19.848,1.733,62.502,0.011,18.745,1.733,69.059,0.011,20.941,1.733,77.447,0.011
12.653,0.264,60.714,0.014,19.661,0.264,77.712,0.014,4.933,0.125,23.013,0,4.613,0.125,28.203,0,31.477,0.194,69.749,0.028,22.23,0.083,66.905,0,28.272,0.083,77.884,0,10.56,0.139,44.349,0,16.037,0.889,58,0,23.597,0.889,70.705,0,13.579,0.514,50.582,0.014,7.577,0.514,35.131,0.014,18.055,2.056,61.872,0.011,16.867,2.056,68.34,0.011,19.741,2.056,77.973,0.011
12.66,0.306,60.804,0,18.868,0.306,76.846,0,5.434,0.069,25.857,0.014,4.3,0.069,28.39,0.014,31.674,0.208,69.888,0.014,21.98,0.083,67.354,0,28.056,0.083,77.995,0,10.491,0.056,44.507,0.014,15.168,1.306,58.224,0,23.72,1.306,70.44,0,12.944,0.486,50.606,0,7.114,0.486,35.015,0,15.939,1.656,61.978,0.011,15.904,1.656,67.87,0.011,19.176,1.656,78.864,0.011
11.559,0.347,61.44,0.014,12.909,0.347,77.354,0.014,5.237,0.111,27.637,0,3.772,0.111,27.991,0,30.54,0.125,69.804,0.028,21.642,0.097,67.389,0.014,27.316,0.097,77.534,0.014,10.191,0.042,44.085,0,13.754,1.042,58.617,0,23.19,1.042,71.031,0,12.955,0.569,51.571,0,6.8,0.569,34.859,0,15.066,1.622,61.856,0.044,14.934,1.622,69.229,0.044,19.02,1.622,77.6,0.044
9.053,0.292,60.635,0,11.617,0.292,78.317,0,4.5,0.181,26.65,0.014,3.789,0.181,27.795,0.014,28.807,0.125,69.788,0,19.453,0.097,67.13,0.042,24.51,0.097,77.382,0.042,9.415,0.125,42.523,0,12.349,0.75,58.438,0.014,22.432,0.75,71.202,0.014,12.72,0.486,51.293,0,6.727,0.486,34.901,0,14.473,1.944,62.432,0.022,14.434,1.944,68.941,0.022,19.126,1.944,78.862,0.022
8.169,0.375,60.996,0.028,11.296,0.375,79.257,0.028,4.253,0.125,26.595,0,3.651,0.125,27.901,0,27.541,0.153,70.191,0.014,18.373,0.069,67.285,0.014,20.772,0.069,77.513,0.014,8.951,0.083,44.493,0.028,11.91,0.889,58.504,0,21.884,0.889,70.977,0,12.488,0.417,51.694,0.028,6.731,0.417,34.805,0.028,14.588,1.456,62.302,0,14.122,1.456,67.745,0,19.443,1.456,77.779,0
7.901,0.319,60.868,0.014,10.86,0.319,78.827,0.014,4.178,0.125,26.69,0,3.654,0.125,28.138,0,26.772,0.194,70.32,0.014,17.72,0.069,67.276,0.014,18.897,0.069,77.217,0.014,8.768,0.042,44.428,0.014,11.791,0.931,58.577,0.014,20.938,0.931,71.391,0.014,12.363,0.597,52.082,0.014,6.847,0.597,34.811,0.014,14.426,1.744,62.803,0.033,13.886,1.744,69.715,0.033,19.257,1.744,77.964,0.033
7.762,0.389,61.635,0.014,10.671,0.389,79.653,0.014,4.119,0.097,26.637,0.014,3.531,0.097,28.361,0.014,26.792,0.181,70.454,0,17.635,0.042,67.279,0.014,18.007,0.042,78.215,0.014,8.136,0.153,44.46,0,11.647,0.667,58.871,0.014,20.261,0.667,71.776,0.014,12.325,0.472,52.746,0.028,7.013,0.472,34.701,0.028,14.233,1.867,61.277,0.044,13.878,1.867,70.551,0.044,19.691,1.867,77.887,0.044
7.632,0.347,61.381,0.042,10.766,0.347,79.977,0.042,4.079,0.125,26.808,0,3.534,0.125,28.575,0,26.665,0.181,70.257,0.014,17.462,0.111,67.418,0.014,17.448,0.111,77.391,0.014,7.659,0.069,44.352,0.014,11.564,0.972,58.788,0.042,19.261,0.972,71.933,0.042,12.182,0.514,52.425,0.028,6.781,0.514,34.577,0.028,14.106,1.978,60.678,0.056,13.274,1.978,70.944,0.056,19.4,1.978,77.801,0.056
7.756,0.264,61.71,0.014,10.542,0.264,79.463,0.014,4.001,0.125,26.723,0.028,3.698,0.125,28.061,0.028,26.896,0.292,70.321,0,17.421,0.028,67.387,0.014,17.082,0.028,77.768,0.014,7.353,0.111,44.44,0,11.379,1.194,59.314,0.028,16.487,1.194,65.025,0.028,12.388,0.306,52.81,0,6.86,0.306,34.909,0,13.717,1.611,61.488,0.056,12.832,1.611,70,0.056,19.154,1.611,78.11,0.056
7.805,0.236,62.105,0,10.909,0.236,79.859,0,4.08,0.111,27.384,0,3.602,0.111,28.196,0,27.162,0.194,70.392,0.042,17.338,0.097,67.798,0,16.976,0.097,77.637,0,7.213,0.069,45.212,0.014,11.321,1.292,59.756,0,16.291,1.292,69.565,0,12.28,0.444,52.774,0.042,6.916,0.444,34.546,0.042,14.293,1.978,62.332,0.033,12.668,1.978,70.543,0.033,19.183,1.978,76.908,0.033
7.965,0.264,62.275,0.014,10.84,0.264,79.73,0.014,3.998,0.097,26.209,0,3.437,0.097,27.785,0,27.215,0.208,70.608,0.028,17.387,0.056,67.445,0.028,16.434,0.056,77.016,0.028,6.817,0.069,45.915,0,10.903,1.236,60.275,0.014,16.138,1.236,72.713,0.014,12.322,0.569,53.365,0,6.872,0.569,34.324,0,14.113,1.689,61.662,0.033,12.731,1.689,70.176,0.033,18.77,1.689,76.734,0.033
7.874,0.333,62.563,0,10.73,0.333,80.453,0,4.09,0.139,27.24,0.014,3.454,0.139,27.781,0.014,27.407,0.194,70.613,0,17.329,0.153,67.643,0.014,16.26,0.153,77.621,0.014,6.368,0.111,45.325,0,10.934,1.264,60.595,0.014,15.407,1.264,73.063,0.014,12.42,0.625,52.999,0.014,6.944,0.625,34.75,0.014,14.232,1.667,61.872,0.056,12.082,1.667,70.731,0.056,18.612,1.667,76.89,0.056
7.836,0.444,62.815,0.028,10.979,0.444,80.588,0.028,3.999,0.125,27.184,0.014,3.473,0.125,28.047,0.014,27.588,0.236,70.586,0,17.193,0.097,67.538,0.028,16.197,0.097,77.918,0.028,6.367,0.153,46.984,0,10.8,1,60.553,0.014,15.433,1,72.702,0.014,12.522,0.458,52.303,0.028,6.809,0.458,34.301,0.028,14.222,1.889,61.878,0.056,11.91,1.889,69.428,0.056,19.242,1.889,76.987,0.056
8.128,0.319,62.718,0.014,11.001,0.319,80.51,0.014,4.074,0.153,27.696,0.014,3.379,0.153,27.408,0.014,27.432,0.167,70.688,0.014,17.162,0.111,67.609,0,16.072,0.111,77.557,0,6.156,0.194,46.615,0,10.724,1.25,60.95,0.014,15.074,1.25,73.46,0.014,12.555,0.542,52.913,0.014,6.78,0.542,33.785,0.014,14.258,1.878,61.914,0.089,11.707,1.878,68.941,0.089,18.794,1.878,75.036,0.089
8.122,0.486,62.376,0,10.824,0.486,79.822,0,4.081,0.139,27.814,0.014,3.31,0.139,27.924,0.014,27.383,0.264,69.961,0.028,17.392,0.111,67.442,0,16.013,0.111,77.788,0,6.317,0.139,46.436,0,10.764,1.306,60.204,0.042,15.02,1.306,73.608,0.042,12.633,0.694,52.679,0.028,6.796,0.694,34.477,0.028,13.948,1.689,62.025,0.033,11.755,1.689,67.609,0.033,18.794,1.689,74.768,0.033
7.992,0.431,62.465,0.014,11.022,0.431,80.284,0.014,4.054,0.153,27.889,0,3.413,0.153,27.994,0,27.145,0.278,69.202,0,17.147,0.167,67.409,0.028,15.882,0.167,77.802,0.028,6.46,0.167,46.781,0.028,10.64,1.306,60.581,0,15.293,1.306,73.499,0,12.982,0.736,52.6,0.014,6.728,0.736,34.284,0.014,14.169,2,61.679,0.056,11.795,2,66.689,0.056,18.384,2,73.131,0.056
8.183,0.556,62.934,0,10.924,0.556,81.112,0,4.101,0.139,28.637,0,3.413,0.139,27.114,0,27.038,0.25,68.973,0,17.089,0.125,66.718,0,15.679,0.125,76.699,0,6.187,0.139,46.571,0,10.55,1.278,59.977,0.014,14.795,1.278,72.709,0.014,12.89,0.458,52.645,0,6.809,0.458,34.658,0,14.291,2.289,61.119,0.011,11.739,2.289,64.742,0.011,18.386,2.289,72.858,0.011
8.387,0.639,63.354,0.014,11.307,0.639,81.145,0.014,4.128,0.194,27.654,0,3.414,0.194,27.17,0,26.971,0.236,68.281,0.014,16.853,0.153,66.25,0.014,15.628,0.153,76.467,0.014,6.065,0.222,46.519,0,10.638,1.625,60.103,0,15.399,1.625,73.188,0,12.911,0.681,52.709,0.014,6.698,0.681,34.4,0.014,14.027,1.7,61.548,0.056,11.293,1.7,64.902,0.056,17.932,1.7,72.673,0.056
8.349,0.444,62.96,0.042,11.179,0.444,80.862,0.042,4.044,0.278,28.74,0.014,3.351,0.278,25.369,0.014,27,0.264,67.925,0.014,16.829,0.236,66.076,0.014,15.465,0.236,76.829,0.014,6.077,0.181,47.335,0.042,10.574,1.847,59.703,0.014,15.396,1.847,72.742,0.014,13.026,0.597,52.822,0,6.559,0.597,34.03,0,13.876,1.611,60.598,0.044,11.335,1.611,63.721,0.044,17.883,1.611,70.483,0.044
8.551,0.389,63.236,0,11.308,0.389,80.804,0,4.137,0.236,30.229,0.014,3.325,0.236,24.932,0.014,26.922,0.375,67.497,0,16.733,0.167,65.362,0,15.418,0.167,75.819,0,5.845,0.194,47.16,0,10.503,1.972,59.277,0,15.662,1.972,72.866,0,12.923,0.722,52.594,0.028,6.434,0.722,34.175,0.028,13.657,1.611,61.366,0.056,11.306,1.611,62.168,0.056,17.282,1.611,71.366,0.056
8.668,0.389,63.169,0,11.324,0.389,81.202,0,4.102,0.181,29.285,0.014,3.419,0.181,25.36,0.014,26.356,0.319,67.023,0,16.473,0.222,64.908,0.014,15.387,0.222,75.451,0.014,5.936,0.264,46.128,0,10.427,1.806,59.242,0.014,15.888,1.806,72.449,0.014,13.035,0.625,52.312,0.014,6.46,0.625,34.172,0.014,13.901,1.833,61.07,0.011,10.811,1.833,61.348,0.011,17.783,1.833,70.908,0.011
8.773,0.569,63.187,0.028,10.969,0.569,75.467,0.028,4.158,0.264,29.625,0.028,3.384,0.264,24.722,0.028,26.176,0.333,67.271,0.014,16.156,0.167,63.469,0,15.177,0.167,75.068,0,5.931,0.222,47.088,0.014,10.46,2.292,59.186,0,15.962,2.292,72.431,0,13.046,0.444,52.39,0.028,6.326,0.444,33.667,0.028,13.554,1.767,60.998,0.056,11.029,1.767,59.128,0.056,16.664,1.767,70.068,0.056
8.546,0.556,62.822,0.028,11.256,0.556,80.629,0.028,4.028,0.236,29.202,0.014,3.24,0.236,25.208,0.014,26.007,0.389,66.574,0.014,16.273,0.222,64.226,0.042,15.096,0.222,74.66,0.042,5.964,0.194,46.76,0,10.62,2.208,59.158,0,16.141,2.208,72.74,0,12.974,0.625,52.88,0.042,6.164,0.625,33.123,0.042,13.534,1.967,60.116,0.067,10.713,1.967,58.979,0.067,16.37,1.967,68.318,0.067
8.846,0.625,62.888,0,11.42,0.625,80.425,0,4.06,0.194,29.255,0.014,3.402,0.194,25.003,0.014,26.106,0.347,66.467,0,16.037,0.194,64.195,0,15.279,0.194,74.356,0,5.851,0.264,46.355,0.014,10.413,2.153,58.903,0.028,16.197,2.153,72.28,0.028,12.88,0.597,52.549,0.028,5.954,0.597,33.216,0.028,13.233,2.022,60.737,0.056,10.215,2.022,57.782,0.056,16.409,2.022,68.734,0.056
8.833,0.681,63.797,0,11.597,0.681,80.856,0,4.095,0.361,29.619,0.014,3.329,0.361,23.325,0.014,25.48,0.333,66.757,0.014,15.863,0.194,64.124,0,15.25,0.194,74.093,0,5.725,0.125,46.587,0.014,10.371,2.194,58.664,0,16.517,2.194,72.357,0,13.026,0.569,52.422,0.028,5.883,0.569,32.981,0.028,13.224,1.567,60.875,0.044,9.816,1.567,56.309,0.044,16.086,1.567,67.144,0.044
8.849,0.556,63.193,0,11.526,0.556,79.888,0,4.073,0.125,29.355,0,3.288,0.125,24.149,0,25.435,0.333,66.43,0.028,15.938,0.139,64.12,0.014,15.203,0.139,74.131,0.014,5.925,0.25,46.123,0.014,10.451,2.014,58.455,0,17.122,2.014,72.633,0,12.979,0.639,52.28,0,5.668,0.639,32.961,0,13.346,2.044,59.959,0.033,9.859,2.044,55.636,0.033,15.806,2.044,67.264,0.033
8.795,0.569,63.143,0,11.222,0.569,79.277,0,4.05,0.236,28.925,0,3.199,0.236,24.035,0,25.655,0.236,66.574,0.014,15.759,0.181,64.07,0.042,15.186,0.181,73.887,0.042,5.963,0.278,46.387,0,10.427,2.042,58.068,0.028,17.85,2.042,72.476,0.028,12.686,0.597,52.21,0.028,5.708,0.597,33.06,0.028,13.078,1.622,60.801,0.056,9.819,1.622,55.149,0.056,15.239,1.622,66.352,0.056
9.148,0.569,63.03,0,11.448,0.569,79.968,0,4.018,0.222,29.267,0,3.096,0.222,23.103,0,24.927,0.403,66.142,0,15.533,0.167,63.315,0.014,15.174,0.167,73.836,0.014,5.725,0.278,45.429,0,10.324,2.014,58.128,0.028,18.724,2.014,71.864,0.028,12.723,0.708,51.779,0.028,5.766,0.708,32.874,0.028,13.167,1.744,60.313,0.067,9.285,1.744,53.771,0.067,14.51,1.744,65.785,0.067
9.054,0.639,62.853,0.014,11.512,0.639,79.735,0.014,4.019,0.278,29.042,0.014,3.329,0.278,23.006,0.014,24.899,0.278,66.148,0.014,15.439,0.153,63.993,0.028,15.204,0.153,74.072,0.028,5.739,0.25,45.461,0,10.403,2.181,58.045,0,19.283,2.181,72.309,0,12.713,0.597,51.823,0.028,5.554,0.597,32.92,0.028,13.03,1.533,60.122,0.1,9.633,1.533,52.606,0.1,14.361,1.533,64.819,0.1
9.058,0.528,62.677,0.028,11.469,0.528,78.327,0.028,3.989,0.264,29.042,0.014,2.992,0.264,22.825,0.014,24.945,0.375,65.909,0.028,15.431,0.181,63.583,0,15.651,0.181,74.083,0,5.767,0.333,46.36,0.014,10.271,2.125,57.657,0.014,20.008,2.125,71.599,0.014,12.71,0.514,51.788,0.014,5.551,0.514,32.886,0.014,13.208,1.689,59.941,0.089,9.035,1.689,51.753,0.089,14.302,1.689,64.472,0.089
9.02,0.667,62.882,0,11.372,0.667,77.508,0,3.938,0.292,29.385,0.014,3.093,0.292,23.109,0.014,24.511,0.278,65.416,0.028,15.113,0.181,62.662,0.028,16.451,0.181,74.026,0.028,5.631,0.222,45.892,0.028,10.264,2.042,57.395,0.042,20.698,2.042,71.947,0.042,12.755,0.514,51.667,0,5.507,0.514,32.766,0,13.006,1.922,59.638,0.078,8.548,1.922,51.519,0.078,13.885,1.922,64.165,0.078
9.643,0.556,63.094,0.014,11.378,0.556,77.414,0.014,4.012,0.278,29.078,0.014,3.071,0.278,22.352,0.014,24.342,0.444,66.151,0,14.773,0.139,62.729,0.028,17.018,0.139,73.586,0.028,5.677,0.236,45.692,0.014,10.104,2.278,56.991,0,21.109,2.278,71.863,0,12.536,0.819,51.066,0.028,5.467,0.819,32.436,0.028,12.87,1.878,59.789,0.022,8.622,1.878,50.38,0.022,13.431,1.878,63.176,0.022
9.786,0.472,62.572,0.028,11.432,0.472,77.889,0.028,3.98,0.25,28.769,0.028,3.071,0.25,22.624,0.028,24.167,0.389,65.929,0.014,14.961,0.236,62.845,0,18.036,0.236,74.296,0,5.657,0.306,45.097,0,10.246,1.75,56.88,0.028,21.274,1.75,71.925,0.028,12.457,0.667,51.194,0,5.36,0.667,32.452,0,12.842,1.989,59.433,0.133,8.513,1.989,49.891,0.133,13.506,1.989,63.101,0.133
10.267,0.556,63.297,0,11.559,0.556,77.91,0,3.894,0.333,28.922,0,3.14,0.333,21.476,0,23.776,0.264,65.589,0,14.727,0.181,63.217,0.014,18.67,0.181,74.268,0.014,5.752,0.236,44.996,0,10.166,1.514,56.347,0.014,21.893,1.514,71.526,0.014,12.511,0.611,50.82,0.028,5.222,0.611,31.81,0.028,12.869,1.867,59.008,0.1,8.511,1.867,49.386,0.1,12.959,1.867,62.093,0.1
10.701,0.653,63.752,0,11.477,0.653,77.558,0,3.856,0.347,28.488,0,3.049,0.347,21.484,0,23.695,0.5,65.305,0.028,14.79,0.208,63.151,0.028,19.688,0.208,74.039,0.028,5.676,0.181,45.032,0,9.963,2.014,56.418,0,21.749,2.014,71.124,0,12.386,0.653,51.018,0.042,5.215,0.653,31.776,0.042,12.662,1.8,58.551,0.067,8.104,1.8,48.742,0.067,12.664,1.8,61.413,0.067
11.13,0.5,63.262,0.014,11.773,0.5,77.306,0.014,3.887,0.361,28.282,0,2.977,0.361,21.754,0,23.71,0.417,65.518,0.014,14.748,0.153,63.685,0,20.4,0.153,74.41,0,5.837,0.264,44.709,0,10.076,2.222,56.545,0,22.46,2.222,71.417,0,12.237,0.556,50.64,0,5.123,0.556,32.244,0,12.662,1.556,59.127,0.056,8.261,1.556,48.359,0.056,12.266,1.556,60.196,0.056
11.35,0.528,63.65,0,11.864,0.528,76.849,0,3.807,0.236,28.146,0,2.886,0.236,21.75,0,23.57,0.319,65.895,0,14.771,0.208,63.546,0.014,20.938,0.208,74.434,0.014,5.889,0.208,44.309,0,10.025,2.292,56.022,0,22.765,2.292,71.434,0,12.244,0.667,50.498,0.028,5.005,0.667,31.907,0.028,12.732,1.767,58.326,0.044,7.793,1.767,47.152,0.044,11.776,1.767,59.653,0.044
11.609,0.528,63.527,0.014,11.8,0.528,76.802,0.014,3.789,0.375,27.527,0,2.909,0.375,20.085,0,23.006,0.431,64.649,0,14.7,0.181,63.089,0,21.492,0.181,73.918,0,6.137,0.236,44.425,0,9.947,2.042,55.583,0,22.634,2.042,71.272,0,12.229,0.681,50.527,0,4.947,0.681,31.666,0,12.635,1.978,57.861,0.089,7.848,1.978,47.074,0.089,11.731,1.978,59.901,0.089
12.09,0.431,63.424,0,11.78,0.431,75.846,0,4.012,0.319,27.549,0,2.932,0.319,20.924,0,22.789,0.5,64.881,0.028,14.453,0.153,63.12,0.028,21.854,0.153,73.695,0.028,5.905,0.208,43.66,0,9.916,1.917,55.449,0.028,22.994,1.917,71.231,0.028,12.02,0.75,50.29,0.042,4.957,0.75,31.297,0.042,12.629,1.767,58.343,0.078,7.809,1.767,46.582,0.078,11.215,1.767,59.271,0.078
12.268,0.458,63.686,0,11.986,0.458,76.535,0,3.758,0.278,27.562,0.042,2.973,0.278,19.912,0.042,22.507,0.403,64.354,0,14.365,0.097,62.974,0.028,22.279,0.097,73.462,0.028,6.26,0.181,43.964,0.014,9.864,1.972,55.278,0.014,22.946,1.972,71.119,0.014,12.022,0.764,50.162,0.042,5.016,0.764,31.285,0.042,12.545,1.644,57.532,0.089,7.601,1.644,45.699,0.089,11.228,1.644,58.776,0.089
12.564,0.514,63.443,0.014,11.992,0.514,75.663,0.014,3.75,0.306,27.52,0,3.401,0.306,19.053,0,22.323,0.292,64.239,0,14.388,0.222,62.863,0.014,22.505,0.222,73.594,0.014,6.295,0.181,43.243,0.014,9.961,1.847,54.731,0.042,22.854,1.847,70.908,0.042,12.016,0.736,49.984,0.042,4.862,0.736,30.977,0.042,12.545,1.656,58.249,0.111,7.412,1.656,46.138,0.111,11.126,1.656,56.677,0.111
12.552,0.556,63.685,0,11.813,0.556,74.84,0,3.821,0.278,26.837,0.028,3.398,0.278,20.067,0.028,22.249,0.361,64.469,0.014,14.247,0.194,63.066,0,23.12,0.194,74.18,0,6.204,0.278,43.057,0.028,9.827,2.153,54.659,0,22.857,2.153,71.229,0,11.944,0.722,49.324,0.014,4.785,0.722,31.395,0.014,12.557,1.589,57.103,0.122,7.285,1.589,44.691,0.122,10.77,1.589,57.7,0.122
12.794,0.5,63.05,0.014,11.979,0.5,74.521,0.014,3.665,0.25,25.485,0.014,3.548,0.25,19.951,0.014,21.877,0.486,64.154,0.028,14.154,0.167,62.555,0,23.192,0.167,73.868,0,6.256,0.194,42.62,0,9.886,1.972,54.245,0.014,23.209,1.972,70.534,0.014,11.863,0.569,49.674,0.014,4.628,0.569,31.114,0.014,12.394,2.011,58.053,0.111,7.253,2.011,44.888,0.111,10.488,2.011,56.266,0.111
12.562,0.542,62.428,0.014,11.721,0.542,73.535,0.014,3.453,0.292,25.662,0,3.715,0.292,20.02,0,21.708,0.389,63.904,0.028,14.351,0.208,62.879,0.014,23.399,0.208,73.674,0.014,5.889,0.139,39.855,0.014,9.977,2.25,54.198,0,23.353,2.25,70.742,0,12.043,0.889,49.257,0.014,4.661,0.889,31.036,0.014,12.507,1.833,57.43,0.1,7.269,1.833,43.811,0.1,10.145,1.833,56.61,0.1
12.603,0.417,62.83,0.028,11.807,0.417,74.093,0.028,3.725,0.333,26.02,0.014,3.47,0.333,19.232,0.014,21.498,0.278,63.651,0.014,14.084,0.167,62.048,0.014,23.429,0.167,73.725,0.014,6.525,0.194,42.807,0,9.794,1.944,54.022,0,23.403,1.944,70.667,0,11.727,0.694,49.553,0.028,4.797,0.694,31.203,0.028,12.308,1.933,57.423,0.111,7.104,1.933,44.274,0.111,10.214,1.933,56.512,0.111
13.387,0.653,64.203,0.028,11.951,0.653,73.895,0.028,3.787,0.375,26.383,0.014,3.31,0.375,19.531,0.014,20.892,0.472,63.468,0,13.976,0.153,62.721,0,23.747,0.153,73.445,0,6.489,0.181,41.784,0,10.085,1.597,53.568,0,23.236,1.597,71.366,0,11.937,0.806,49.463,0.042,4.683,0.806,30.514,0.042,11.886,1.578,56.895,0.156,7.487,1.578,43.12,0.156,9.636,1.578,55.111,0.156
13.491,0.556,64.327,0.028,11.919,0.556,73.336,0.028,3.743,0.319,25.962,0,3.319,0.319,18.97,0,20.868,0.375,63.032,0.056,13.935,0.222,62.378,0,24.228,0.222,73.553,0,6.725,0.222,41.643,0.014,9.805,2.264,53.344,0,23.025,2.264,70.354,0,11.723,0.583,49.221,0.042,4.589,0.583,30.553,0.042,12.308,1.622,56.886,0.089,6.843,1.622,43.774,0.089,9.795,1.622,54.388,0.089
13.593,0.486,64.204,0,11.926,0.486,73.071,0,3.737,0.264,26.287,0,3.496,0.264,19.75,0,20.588,0.389,63.15,0,14.01,0.236,62.709,0.014,24.471,0.236,73.527,0.014,6.509,0.222,41.857,0.014,9.908,1.75,53.589,0,23.06,1.75,70.3,0,12.109,0.764,49.549,0,4.517,0.764,30.794,0,12.374,1.9,56.809,0.056,7.059,1.9,42.883,0.056,9.618,1.9,54.847,0.056
13.917,0.625,64.29,0.014,12.122,0.625,72.817,0.014,3.714,0.208,26.068,0,3.481,0.208,18.973,0,20.374,0.431,62.421,0,14.239,0.208,62.263,0.014,24.449,0.208,73.956,0.014,6.741,0.208,41.28,0.014,9.828,2.069,53.062,0.014,23.533,2.069,70.117,0.014,11.757,0.556,49.52,0.014,4.36,0.556,30.252,0.014,12.33,2.122,56.9,0.178,6.83,2.122,41.91,0.178,9.467,2.122,53.16,0.178
13.896,0.569,64.514,0.014,11.94,0.569,72.152,0.014,3.667,0.25,25.724,0.014,3.099,0.25,17.294,0.014,19.876,0.389,61.843,0,14.024,0.181,62.576,0,24.637,0.181,73.95,0,6.767,0.181,40.84,0,9.722,2.278,51.182,0.028,23.322,2.278,69.933,0.028,11.673,0.681,48.939,0,4.482,0.681,30.331,0,12.136,1.7,56.031,0.089,7.08,1.7,41.051,0.089,9.711,1.7,53.677,0.089
14.015,0.639,64.412,0.014,12.013,0.639,71.651,0.014,3.685,0.264,25.618,0.028,3.41,0.264,18.103,0.028,19.932,0.375,62.105,0.028,13.835,0.181,62.254,0.014,24.473,0.181,72.827,0.014,6.657,0.236,40.128,0,9.805,2.306,52.065,0,23.136,2.306,69.86,0,11.732,0.653,48.655,0.014,4.449,0.653,30.293,0.014,12.192,1.7,56.357,0.122,6.862,1.7,41.138,0.122,9.348,1.7,52.452,0.122
14.29,0.542,64.122,0,11.832,0.542,71.05,0,3.795,0.278,25.561,0.028,3.065,0.278,17.59,0.028,19.385,0.528,61.193,0.014,13.697,0.236,62.06,0.028,24.139,0.236,71.578,0.028,6.8,0.194,40.121,0,9.735,1.931,51.719,0,23.004,1.931,69.692,0,11.649,0.667,48.996,0.056,4.506,0.667,30.209,0.056,11.901,1.589,55.87,0.078,7.021,1.589,41.215,0.078,8.883,1.589,49.377,0.078
14.366,0.611,64.494,0.014,11.039,0.611,65.776,0.014,3.761,0.306,26.013,0,3.399,0.306,18.326,0,19.122,0.333,61.046,0.042,13.717,0.139,62.144,0,24.178,0.139,71.633,0,6.531,0.153,40.059,0.014,9.887,2.097,51.802,0.014,23.184,2.097,69.856,0.014,11.643,0.597,49.055,0.014,4.333,0.597,29.654,0.014,11.897,1.833,55.784,0.144,7.056,1.833,40.444,0.144,9.314,1.833,51.271,0.144
14.182,0.472,64.332,0,11.984,0.472,69.765,0,3.75,0.375,25.696,0.028,3.319,0.375,18.158,0.028,18.985,0.431,60.837,0,13.741,0.236,60.911,0,24.145,0.236,72.266,0,6.784,0.278,39.373,0,9.762,1.819,51.332,0,22.745,1.819,68.676,0,11.412,0.861,48.605,0.028,4.365,0.861,29.524,0.028,11.959,1.367,56.374,0.1,6.843,1.367,40.769,0.1,9.018,1.367,51.156,0.1
14.385,0.667,64.44,0,11.867,0.667,69.594,0,3.766,0.347,25.395,0.014,3.25,0.347,17.979,0.014,18.66,0.389,60.424,0.014,13.447,0.125,59.689,0,24.67,0.125,72.337,0,6.483,0.222,39.18,0,9.851,2,51.448,0.014,22.965,2,69.093,0.014,11.457,0.778,48.301,0.014,4.313,0.778,29.397,0.014,12.221,1.756,55.527,0.122,6.912,1.756,39.806,0.122,8.815,1.756,50.102,0.122
14.349,0.597,64.042,0,11.763,0.597,69,0,3.626,0.292,24.74,0,3.024,0.292,16.144,0,18.793,0.417,60.132,0.028,13.412,0.181,59.156,0.014,25.165,0.181,73.143,0.014,6.881,0.278,38.859,0.028,9.794,1.889,51.249,0.014,22.714,1.889,69.1,0.014,11.364,0.722,48.356,0.028,4.374,0.722,29.363,0.028,11.934,1.533,55.915,0.178,6.896,1.533,39.402,0.178,8.959,1.533,50.596,0.178
14.293,0.597,64.19,0.014,11.664,0.597,69.023,0.014,3.565,0.347,24.866,0.014,3.074,0.347,17.017,0.014,18.236,0.444,59.993,0.014,13.536,0.208,60.113,0,25.174,0.208,73.696,0,6.881,0.181,38.68,0.028,9.907,1.583,50.647,0,22.433,1.583,67.539,0,11.223,0.792,47.548,0.014,4.283,0.792,29.446,0.014,12.049,1.789,55.34,0.122,6.622,1.789,38.971,0.122,8.61,1.789,49.262,0.122
14.581,0.75,63.958,0,11.6,0.75,68.298,0,3.633,0.319,24.271,0,2.989,0.319,15.988,0,18.231,0.431,59.129,0,13.803,0.25,60.966,0,25.614,0.25,73.335,0,6.683,0.306,38.217,0.014,9.828,1.694,50.355,0,22.559,1.694,68.505,0,11.318,0.861,47.609,0.028,4.367,0.861,29.308,0.028,11.867,1.578,55.541,0.144,6.763,1.578,38.91,0.144,8.571,1.578,49.39,0.144
14.677,0.667,63.849,0.014,11.806,0.667,68.009,0.014,3.637,0.125,24.126,0.014,3.042,0.125,15.703,0.014,18.049,0.597,59.228,0.014,13.883,0.222,60.844,0,25.449,0.222,73.151,0,6.677,0.292,37.669,0,9.922,1.986,50.465,0.014,22.606,1.986,68.254,0.014,11.257,0.639,47.763,0,4.156,0.639,28.903,0,11.969,1.544,54.535,0.156,6.636,1.544,38.274,0.156,8.334,1.544,48.149,0.156
14.889,0.597,64.455,0,11.673,0.597,67.665,0,3.525,0.181,24.147,0,2.93,0.181,15.229,0,17.93,0.375,58.577,0.014,13.943,0.181,60.825,0.028,25.557,0.181,73.352,0.028,6.516,0.25,37.524,0,9.934,1.819,49.898,0,22.677,1.819,67.977,0,11.366,0.708,47.429,0.028,4.108,0.708,28.339,0.028,11.689,1.689,54.61,0.144,6.577,1.689,37.912,0.144,8.357,1.689,47.303,0.144
14.756,0.625,63.79,0.014,11.643,0.625,67.473,0.014,3.633,0.333,24.095,0,2.961,0.333,15.675,0,17.529,0.389,58.484,0,14.109,0.139,61.126,0,25.589,0.139,73.111,0,6.56,0.208,37.437,0.028,9.927,2.292,49.83,0,22.032,2.292,67.581,0,11.176,0.889,47.521,0.042,4.135,0.889,28.828,0.042,12.041,1.622,54.227,0.156,6.54,1.622,37.391,0.156,8.136,1.622,46.828,0.156
14.578,0.625,63.914,0,11.681,0.625,67.291,0,3.606,0.292,24.126,0,2.877,0.292,15.131,0,17.272,0.444,58.214,0.014,14.067,0.278,61.475,0,26.054,0.278,73.274,0,6.487,0.208,36.7,0.028,9.761,2.153,49.391,0,22.298,2.153,67.774,0,10.941,0.708,46.835,0.014,4.225,0.708,28.755,0.014,11.97,1.633,54.797,0.111,6.572,1.633,37.54,0.111,8.26,1.633,46.905,0.111
14.743,0.583,63.716,0,11.592,0.583,66.502,0,3.637,0.444,24.011,0,3.041,0.444,15.909,0,17.313,0.583,58.108,0,14.191,0.153,61.145,0,25.944,0.153,73.748,0,6.569,0.222,36.223,0.014,9.923,1.889,49.21,0.028,21.995,1.889,67.076,0.028,11.097,0.736,46.957,0.042,4.312,0.736,28.839,0.042,11.873,1.422,55.094,0.044,6.221,1.422,36.915,0.044,7.869,1.422,46.478,0.044
14.562,0.583,63.196,0,11.49,0.583,66.392,0,3.545,0.403,23.772,0,2.994,0.403,14.883,0,17.124,0.361,57.51,0.042,14.277,0.194,61.225,0,26.116,0.194,73.451,0,6.295,0.181,35.661,0,9.866,1.875,48.923,0.028,21.771,1.875,66.919,0.028,10.945,0.736,46.599,0.014,4.195,0.736,28.619,0.014,11.889,1.611,54.357,0.122,6.354,1.611,36.668,0.122,7.887,1.611,45.397,0.122
14.756,0.472,63.388,0.014,10.864,0.472,60.537,0.014,3.659,0.236,24.276,0.028,2.897,0.236,15.498,0.028,16.913,0.444,56.639,0.014,14.128,0.236,60.996,0,26.088,0.236,73.537,0,6.611,0.292,35.553,0,10.001,1.819,48.207,0,22.08,1.819,66.556,0,10.889,0.764,46.654,0.028,4.161,0.764,28.5,0.028,11.956,1.522,54.249,0.144,6.306,1.522,36.545,0.144,7.966,1.522,44.892,0.144
