G6Pdh_KK_1-405,G6Pdh_KK_1-BG,G6Pdh_KK_1-568,G6Pdh_KK_1-BG,G6Pdh_KK_2-405,G6Pdh_KK_2-BG,G6Pdh_KK-568,G6Pdh_KK-BG,G6Pdh_KK-405,G6Pdh_KK-BG,G6Pdh_KK_3-568,G6Pdh_KK_3-BG,G6Pdh_KK_4-405,G6Pdh_KK_4-BG,G6Pdh_KK_4-568,G6Pdh_KK_4-BG,G6Pdh_KK_5-405,G6Pdh_KK_5-BG,G6Pdh_KK_5-568,G6Pdh_KK_5-BG,G6Pdh_KK_6-405,G6Pdh_KK_6-BG,G6Pdh_KK_6-568,G6Pdh_KK_6-BG,G6Pdh_KK_7-405,G6Pdh_KK_7-BG,G6Pdh_KK_7-568,G6Pdh_KK_7-BG,G6Pdh_KK_8-405,G6Pdh_KK_8-BG,G6Pdh_KK_8-568,G6Pdh_KK_8-BG,G6Pdh_KK_9-405,G6Pdh_KK_9-BG,G6Pdh_KK_9-568,G6Pdh_KK_9-BG,G6Pdh_KK_10-405,G6Pdh_KK_10-BG,G6Pdh_KK_10-568,G6Pdh_KK_10-BG,G6Pdh_KK_11-405,G6Pdh_KK_11-BG,G6Pdh_KK_11-568,G6Pdh_KK_11-BG,G6Pdh_KK_12-405,G6Pdh_KK_12-BG,G6Pdh_KK_12-568,G6Pdh_KK_12-BG,G6Pdh_KK_13-405,G6Pdh_KK_13-BG,G6Pdh_KK_13-568,G6Pdh_KK_13-BG,G6Pdh_KK_11-405,G6Pdh_KK_14-BG,G6Pdh_KK_14-568,G6Pdh_KK_14-BG,G6Pdh_KK_12-405,G6Pdh_KK_15-BG,G6Pdh_KK_15-568,G6Pdh_KK_15-BG,G6Pdh_KK_16-405,G6Pdh_KK_16-BG,G6Pdh_KK_16-568,G6Pdh_KK_16-BG,G6Pdh_KK_17-405,G6Pdh_KK_17-BG,G6Pdh_KK_17-568,G6Pdh_KK_17-BG
38.198,0.367,61.564,0.02,44.581,0.082,66.699,0,34.8,0.286,120.341,0.02,17.15,0.204,56.993,0,23.422,0.204,77.36,0,41.915,0.179,123.002,0.036,47.262,0.196,165.237,0.089,41.59,0.196,143.353,0.089,13.003,0.333,44.2,0,3.704,0.018,8.174,0.033,7.255,0.018,11.565,0.033,31.06,0.033,52.295,0,30.674,0.033,72.052,0,25.856,0.067,78.877,0.033,22.411,0.067,66.182,0.033,74.728,0.2,132.53,0.067,63.537,0.2,97.466,0.067
45.713,0.367,73.885,0.02,41.281,0.204,62.724,0,34.843,0.408,121.074,0.02,17.643,0.347,60.376,0,23.472,0.347,79.438,0,42.958,0.25,128.885,0.036,46.452,0.214,164.528,0.089,44.601,0.214,154.97,0.089,13.768,0.2,45.603,0,3.886,0,8.662,0.033,7.667,0,12.253,0.033,30.749,0.133,52.688,0,29.872,0.133,71.69,0,24.614,0.167,78.42,0.033,21.732,0.167,65.902,0.033,76.057,0.133,134.543,0.067,74.052,0.133,125.475,0.067
45.733,0.347,72.654,0,47.188,0.204,68.155,0.02,34.591,0.327,121.046,0,18.519,0.408,62.626,0,23.817,0.408,80.138,0,42.489,0.214,128.233,0,45.04,0.321,163.07,0.125,44.316,0.321,154.096,0.125,13.725,0.1,45.545,0,3.747,0,8.328,0.1,7.504,0,12.228,0.1,30.012,0.167,52.089,0,29.446,0.167,71.094,0,24.109,0.1,78.38,0,21.28,0.1,65.751,0,75.264,0.067,135.243,0,70.074,0.067,123.526,0
45.875,0.224,72.492,0,47.14,0.163,67.244,0,34.67,0.408,121.335,0,19.663,0.51,65.173,0,24.105,0.51,81.105,0,42.143,0.232,127.722,0,44.92,0.321,162.828,0.143,43.607,0.321,152.794,0.143,13.895,0.467,45.666,0,3.816,0,8.472,0,7.745,0,12.311,0,21.796,0.1,41.02,0,28.621,0.1,70.501,0,23.63,0.167,78.111,0.033,20.792,0.167,64.971,0.033,74.615,0.167,134.325,0,71.8,0.167,122.659,0
45.731,0.367,71.271,0.02,46.978,0.204,66.566,0,34.29,0.388,120.702,0.041,19.468,0.449,65.794,0,23.215,0.449,78.571,0,41.912,0.161,128.689,0.036,45.06,0.393,162.21,0.107,44.926,0.393,150.84,0.107,13.8,0.1,45.831,0,4.233,0,9.674,0.033,7.706,0,12.453,0.033,29.18,0.2,51.147,0,20.272,0.2,47.217,0,22.986,0.167,78.11,0,20.26,0.167,64.154,0,73.886,0.133,134.058,0,69.156,0.133,119.574,0
45.64,0.245,70.89,0,46.808,0.102,66.09,0.02,33.746,0.306,119.298,0.02,19.421,0.551,65.565,0,23.139,0.551,78.283,0,41.384,0.179,128.761,0.018,44.28,0.196,162.851,0.089,43.857,0.196,149.143,0.089,14.032,0.3,46.33,0,4.579,0.071,10.325,0,7.743,0.071,12.683,0,29.766,0.133,52.09,0,27.704,0.133,69.236,0,22.638,0.033,77.315,0,19.991,0.033,64.634,0,73.452,0.1,133.069,0,70.277,0.1,122.991,0
45.464,0.245,70.273,0,46.342,0.082,65.544,0.02,32.587,0.51,117.918,0.041,19.684,0.449,66.396,0.082,23.777,0.449,79.631,0.082,41.234,0.196,127.867,0.054,44.059,0.304,162.547,0.089,43.221,0.304,147.751,0.089,14.37,0.167,47.005,0,4.681,0,11.057,0.067,8.031,0,13.207,0.067,27.556,0.167,51.039,0.1,27.221,0.167,68.704,0.1,22.336,0.033,76.512,0.033,19.53,0.033,63.882,0.033,73.108,0.2,133.694,0.033,68.272,0.2,119.514,0.033
45.503,0.245,70.234,0.02,45.449,0.143,64.732,0.02,31.962,0.347,115.476,0.041,19.6,0.551,67.048,0.02,23.184,0.551,80.244,0.02,40.612,0.179,128.83,0.054,42.394,0.107,159.293,0.071,42.908,0.107,147.294,0.071,14.443,0.2,47.004,0,4.859,0,11.382,0,8.221,0,13.461,0,29.471,0.1,52.523,0,26.536,0.1,67.217,0,21.961,0.133,76.501,0,19.22,0.133,63.032,0,73.281,0.033,133.734,0,69.073,0.033,122.13,0
45.206,0.265,69.843,0.02,45.035,0.245,64.715,0,31.374,0.327,114.986,0.041,19.397,0.531,66.507,0,22.929,0.531,78.713,0,39.649,0.214,126.345,0.036,41.771,0.161,158.979,0.054,42.617,0.161,146.909,0.054,14.749,0.233,47.188,0,4.802,0,11.145,0.033,8.114,0,13.465,0.033,28.941,0.133,51.868,0.067,26.033,0.133,66.223,0.067,21.528,0.1,75.423,0,18.685,0.1,62.115,0,73.044,0.2,133.089,0,68.079,0.2,121.786,0
44.793,0.367,69.228,0.02,44.622,0.061,64.785,0.02,30.647,0.306,112.394,0.061,18.978,0.551,65.325,0.02,22.129,0.551,77.221,0.02,38.496,0.143,123.961,0.018,41.109,0.286,158.707,0.071,41.993,0.286,147.328,0.071,14.79,0.067,47.194,0,5.048,0,11.705,0.033,8.32,0,13.91,0.033,28.591,0.2,51.795,0,25.403,0.2,65.681,0,21.186,0.1,74.916,0,18.723,0.1,60.619,0,72.884,0.133,133.926,0.033,68.468,0.133,122.386,0.033
44.603,0.204,69.364,0,44.12,0.041,64.799,0.02,29.744,0.347,111.79,0.082,19.089,0.755,66.636,0.041,21.983,0.755,77.29,0.041,38.105,0.125,123.757,0.071,39.162,0.161,153.482,0.071,41.65,0.161,147.756,0.071,14.679,0.3,47.226,0,4.994,0.018,11.771,0,8.194,0.018,13.921,0,28.186,0,51.152,0,24.854,0,65.036,0,20.716,0.1,74.021,0,18.157,0.1,60.533,0,73.209,0.167,134.466,0.033,69.225,0.167,124.339,0.033
43.014,0.184,67.691,0,42.532,0.245,63.351,0,30.026,0.388,113.371,0.041,18.547,0.49,65.492,0.02,21.418,0.49,76.624,0.02,37.918,0.143,124.913,0.018,39.888,0.268,157.947,0.071,41.563,0.268,147.604,0.071,14.702,0.133,47.282,0,4.953,0,11.906,0.1,8.103,0,13.947,0.1,27.824,0.067,50.803,0,24.366,0.067,63.602,0,20.135,0.1,73.491,0,17.802,0.1,59.198,0,72.968,0.167,134.216,0,69.373,0.167,124.784,0
42.124,0.163,67.18,0.02,41.731,0.184,62.558,0.041,30.01,0.388,112.429,0,18.294,0.429,65.478,0.041,21.164,0.429,75.851,0.041,37.038,0.125,123.418,0.018,39.756,0.304,156.929,0.054,41.518,0.304,147.559,0.054,14.74,0.033,47.17,0,4.971,0,11.992,0.067,8.137,0,14.043,0.067,27.519,0.133,50.893,0.033,24.392,0.133,63.64,0.033,20.035,0,73.352,0,17.386,0,58.844,0,72.974,0.167,134.013,0,69.249,0.167,124.265,0
41.371,0.204,66.883,0.02,40.452,0.204,62.067,0,29.625,0.286,112.083,0.02,18.57,0.469,66.486,0,20.935,0.469,75.812,0,37.186,0.196,123.093,0.018,38.897,0.214,156.479,0.089,41.09,0.214,146.841,0.089,14.913,0.1,47.345,0,4.941,0,12.131,0,8.184,0,14.274,0,27.414,0.133,50.742,0,23.914,0.133,63.382,0,19.713,0.1,72.661,0,17.396,0.1,59.287,0,73.559,0.167,134.173,0,69.094,0.167,124.926,0
40.681,0.143,66.323,0.02,39.51,0.224,61.749,0,28.792,0.347,111.42,0.041,18.683,0.571,66.313,0.02,20.918,0.571,76.248,0.02,36.809,0.214,123.079,0,38.734,0.304,156.221,0.071,41.12,0.304,146.587,0.071,14.81,0.2,47.414,0,5.055,0.036,12.289,0,8.148,0.036,14.263,0,27.177,0.067,50.515,0,24.146,0.067,63.424,0,19.774,0.067,72.42,0,17.561,0.067,58.457,0,72.991,0.133,134.493,0,68.774,0.133,124.463,0
40.444,0.286,66.289,0.02,38.85,0.184,61.314,0,28.861,0.347,111.487,0.02,18.286,0.571,65.528,0,20.447,0.571,74.94,0,35.829,0.321,121.842,0.018,38.462,0.143,156.451,0.071,41.091,0.143,145.528,0.071,14.979,0.133,47.442,0,5.097,0,12.285,0,8.184,0,14.462,0,27.152,0.033,50.505,0,23.426,0.033,61.818,0,19.38,0.233,72.356,0.033,17.235,0.233,57.821,0.033,72.907,0.1,133.526,0,67.585,0.1,123.995,0
40.002,0.306,66.012,0,37.864,0.041,60.493,0,28.754,0.469,111.346,0,18.085,0.735,65.77,0.02,20.237,0.735,74.73,0.02,35.938,0.196,123.141,0.071,38.31,0.214,157.161,0.036,40.477,0.214,144.296,0.036,14.859,0.4,47.296,0,4.857,0,12.261,0.033,7.944,0,14.324,0.033,26.933,0,50.494,0.033,22.923,0,60.78,0.033,19.261,0.133,71.559,0,17.053,0.133,56.986,0,72.567,0.1,134.429,0,67.59,0.1,123.882,0
39.472,0.184,65.677,0.02,37.417,0.204,60.258,0.02,28.243,0.265,110.776,0,17.736,0.286,65.032,0,19.793,0.286,74.413,0,35.655,0.286,122.963,0.036,37.749,0.161,156.261,0.071,40.156,0.161,143.882,0.071,14.749,0.367,47.178,0,4.844,0,12.309,0,7.929,0,14.126,0,26.604,0.267,50.22,0,22.1,0.267,58.871,0,19.001,0.033,70.539,0,16.506,0.033,55.657,0,72.448,0.2,133.58,0,67.159,0.2,123.643,0
39.136,0.102,65.352,0.02,36.969,0.245,60.188,0,27.91,0.204,110.118,0,17.488,0.49,64.798,0.041,19.574,0.49,74.051,0.041,35.23,0.179,123.044,0.018,37.838,0.268,156.129,0.125,39.516,0.268,143.171,0.125,14.775,0.067,47.485,0,4.84,0,12.276,0.033,7.926,0,14.216,0.033,26.263,0.3,49.9,0,21.905,0.3,58.178,0,18.766,0.067,70.303,0,16.28,0.067,55.266,0,72.403,0.167,133.511,0,66.579,0.167,123.555,0
38.373,0.224,65.581,0.02,36.164,0.163,59.593,0,27.71,0.306,109.659,0.02,17.373,0.469,64.558,0.041,19.04,0.469,73.157,0.041,34.764,0.214,122.545,0.018,37.787,0.161,155.979,0.036,38.87,0.161,142.726,0.036,14.968,0.1,47.405,0,4.981,0.018,12.471,0,7.905,0.018,14.525,0,26.246,0.033,49.999,0,21.383,0.033,57.376,0,18.522,0.1,69.999,0.033,15.704,0.1,54.211,0.033,71.714,0.133,133.133,0,65.865,0.133,121.679,0
38.217,0.102,65.421,0,35.673,0.184,59.408,0,27.376,0.367,109.133,0.041,16.978,0.429,64.011,0,18.857,0.429,72.919,0,33.925,0.161,121.22,0.071,36.5,0.161,153.015,0.089,39.631,0.161,146.002,0.089,14.999,0.1,47.437,0,4.949,0,12.752,0.033,8.096,0,14.858,0.033,26.094,0.2,49.89,0,21.29,0.2,57.353,0,18.5,0.167,69.723,0,15.676,0.167,53.679,0,71.996,0.233,133.131,0,64.991,0.233,120.412,0
37.449,0.163,64.862,0.02,34.731,0.082,58.528,0,26.937,0.306,108.352,0,16.887,0.673,64.394,0,18.348,0.673,72.611,0,33.49,0.179,120.381,0.018,36.095,0.107,152.313,0.018,39.369,0.107,144.41,0.018,14.966,0.067,47.727,0,5.008,0.036,12.584,0.033,7.891,0.036,14.364,0.033,26.124,0.1,49.582,0,20.997,0.1,56.529,0,18.466,0.067,69.364,0,15.499,0.067,53.457,0,71.596,0.1,132.921,0.033,64.352,0.1,121.449,0.033
37.079,0.204,64.619,0,34.312,0.082,57.873,0,26.408,0.265,107.001,0.061,17.611,0.633,66.918,0.02,18.023,0.633,72.103,0.02,33.838,0.179,121.916,0,36.501,0.125,155.844,0.018,39.686,0.125,144.827,0.018,15.212,0.267,47.571,0,5.216,0,13.003,0,8.061,0,14.956,0,25.783,0.133,49.232,0,20.611,0.133,56.028,0,18.352,0.033,68.619,0,15.669,0.033,53.522,0,70.994,0.1,131.979,0,64.545,0.1,120.765,0
36.641,0.245,64.226,0,33.956,0.102,57.391,0,26.21,0.204,107.04,0,17.115,0.469,66.223,0.061,18.238,0.469,73.213,0.061,33.579,0.143,121.274,0.036,34.772,0.232,151.526,0.018,40.116,0.232,145.277,0.018,15.048,0.1,47.508,0,5.099,0,12.966,0,7.911,0,14.781,0,25.655,0.133,49.205,0,20.752,0.133,56.474,0,18.155,0.067,68.737,0.033,15.108,0.067,53.013,0.033,70.222,0.1,131.489,0,63.576,0.1,120.017,0
36.271,0.122,63.764,0,33.252,0.184,56.652,0,25.958,0.429,106.901,0,17.093,0.592,65.981,0.02,18.08,0.592,72.055,0.02,32.841,0.25,120.576,0.018,36.589,0.196,155.997,0.054,39.783,0.196,146.519,0.054,15.262,0.333,47.671,0,5.098,0,13.075,0,7.917,0,14.992,0,25.415,0.067,49.644,0,20.104,0.067,54.976,0,17.89,0.2,68.111,0,15.134,0.2,51.853,0,70.903,0.133,132.306,0,63.934,0.133,120.801,0
35.651,0.163,63.293,0.041,32.683,0.163,56.137,0,25.918,0.265,106.677,0.02,17.075,0.367,66.508,0.02,18.141,0.367,72.558,0.02,33.012,0.304,121.979,0.054,35.701,0.25,154.68,0.036,39.565,0.25,145.046,0.036,15.176,0.167,47.49,0,5.197,0,12.838,0.033,7.871,0,14.876,0.033,25.299,0.1,49.389,0,19.832,0.1,54.335,0,17.851,0.067,67.941,0,14.71,0.067,51.639,0,70.435,0,131.389,0,64.402,0,121.187,0
35.17,0.204,62.959,0,32.47,0.204,56.384,0,26.082,0.245,106.743,0,17.08,0.49,66.001,0.02,17.649,0.49,71.155,0.02,32.412,0.196,121.07,0.018,35.818,0.179,155.833,0.089,39.646,0.179,145.2,0.089,15.23,0.133,47.547,0,5.216,0.018,13.201,0.033,7.922,0.018,15.158,0.033,24.914,0.167,48.763,0.033,19.025,0.167,53.49,0.033,17.503,0.067,67.024,0,14.394,0.067,50.443,0,70.131,0.033,130.644,0.033,64.106,0.033,120.593,0.033
35.246,0.204,63.612,0,32.518,0.102,56.565,0,25.737,0.286,105.983,0,17.092,0.449,67.093,0.041,17.454,0.449,71.322,0.041,32.615,0.107,121.606,0.036,35.636,0.268,155.764,0.054,39.589,0.268,145.084,0.054,15.401,0.267,47.845,0,5.184,0.018,13.196,0,7.983,0.018,15.505,0,24.821,0.067,48.79,0,19.347,0.067,53.265,0,17.747,0,67.294,0,14.534,0,50.528,0,70.104,0.167,130.888,0,62.828,0.167,119.311,0
35.076,0.163,63.544,0,32.164,0.143,56.204,0,25.518,0.306,105.817,0,16.783,0.571,66.804,0.02,17.181,0.571,71.626,0.02,32.092,0.214,119.492,0.036,35.157,0.143,155.572,0.107,39.321,0.143,145.005,0.107,15.527,0.233,47.95,0,5.297,0.018,13.453,0.067,8.076,0.018,15.493,0.067,24.777,0.133,49.078,0,19.214,0.133,53.548,0,17.424,0.167,66.872,0,14.547,0.167,50.024,0,69.681,0.167,130.486,0,63.21,0.167,120.243,0
34.441,0.061,63.516,0,31.775,0.204,55.943,0,25.364,0.265,105.728,0.02,17.098,0.449,67.265,0.041,17.209,0.449,71.896,0.041,31.708,0.179,118.743,0.018,34.955,0.161,155.166,0.089,38.498,0.161,143.856,0.089,15.438,0.067,47.985,0,5.355,0,13.386,0.1,8.024,0,15.637,0.1,24.704,0.067,48.899,0,18.566,0.067,51.78,0,17.385,0.1,66.579,0,14.208,0.1,48.955,0,69.019,0.267,129.614,0,62.558,0.267,119.754,0
34.512,0.122,63.429,0,31.721,0.082,56.315,0,25.484,0.204,106.036,0.041,16.954,0.551,67.519,0.02,16.837,0.551,70.387,0.02,31.403,0.161,119.116,0.018,34.873,0.232,156.149,0.054,38.423,0.232,144.99,0.054,15.411,0.233,47.721,0,5.121,0,13.028,0,7.751,0,15.148,0,24.193,0.1,48.712,0,18.106,0.1,50.903,0,17.204,0,65.447,0.067,13.892,0,47.806,0.067,68.602,0.1,129.268,0,62.3,0.1,119.037,0
34.699,0.163,63.843,0,31.702,0.143,56.313,0.02,25.432,0.224,107.529,0,16.613,0.388,66.965,0.041,16.465,0.388,69.307,0.041,31.686,0.339,119.821,0.018,34.138,0.143,155.551,0.089,38.849,0.143,145.098,0.089,15.58,0.167,47.688,0,5.388,0,13.407,0.033,7.953,0,15.585,0.033,24.385,0.233,48.504,0.033,18.14,0.233,51.471,0.033,17.352,0.133,65.539,0,13.773,0.133,47.939,0,68.753,0.067,130.245,0.033,62.443,0.067,119.299,0.033
34.585,0.163,64.285,0,31.396,0.122,56.248,0,25.571,0.51,107.475,0.02,16.76,0.612,66.765,0.02,16.324,0.612,70.073,0.02,31.342,0.232,119.561,0.071,34.358,0.196,155.5,0.054,38.68,0.196,145.583,0.054,15.764,0.267,47.876,0,5.367,0,13.637,0.033,7.939,0,15.766,0.033,24.482,0.1,48.289,0.033,18.14,0.1,51.758,0.033,17.541,0.167,65.976,0,13.877,0.167,47.946,0,69.267,0.133,130.91,0,62.27,0.133,120.72,0
34.06,0.102,63.733,0.02,31.159,0.163,55.734,0,25.329,0.367,107.305,0.02,16.693,0.429,67.476,0.02,16.6,0.429,70.182,0.02,31.762,0.143,121.566,0.054,34.152,0.125,155.446,0.071,39.191,0.125,145.168,0.071,15.653,0.267,47.457,0,5.328,0,13.5,0.067,7.818,0,15.752,0.067,24.498,0.167,48.21,0,17.939,0.167,50.673,0,17.384,0.133,65.395,0,13.867,0.133,47.398,0,68.915,0.133,130.26,0,61.622,0.133,118.985,0
34.163,0.082,63.657,0.02,31.012,0.102,55.67,0.02,25.102,0.204,106.667,0.041,16.56,0.714,66.453,0.02,16.375,0.714,69.797,0.02,31.905,0.321,122.073,0.036,34.103,0.196,156.714,0.036,38.72,0.196,144.974,0.036,15.688,0.1,47.917,0,5.292,0,13.542,0.033,7.846,0,15.707,0.033,24.152,0.067,48.103,0,17.677,0.067,50.582,0,17.14,0.067,64.045,0.033,13.892,0.067,46.931,0.033,69.102,0.133,130.898,0,62.088,0.133,119.353,0
33.793,0.265,63.585,0,30.513,0.184,55.101,0,24.767,0.184,104.409,0.02,16,0.429,66.725,0,16.334,0.429,69.454,0,31.86,0.143,121.612,0.036,33.842,0.214,156.325,0.054,39.154,0.214,146.33,0.054,15.846,0.233,48.127,0,5.361,0.036,13.902,0.033,7.934,0.036,15.972,0.033,23.796,0.167,47.875,0,17.22,0.167,49.323,0,17.381,0.033,65.34,0,13.631,0.033,45.99,0,69.183,0.067,131.163,0,61.162,0.067,118.534,0
33.868,0.204,63.535,0.02,30.314,0.163,55.173,0.02,24.466,0.163,103.945,0,16.098,0.592,66.211,0.02,16.388,0.592,70.665,0.02,31.181,0.232,118.033,0.054,33.298,0.214,154.665,0.036,39.089,0.214,145.476,0.036,16.02,0.1,47.963,0,5.567,0,14.218,0.033,8.013,0,16.304,0.033,23.787,0.033,47.96,0,17.154,0.033,49.395,0,17.185,0.033,64.865,0,13.5,0.033,45.487,0,68.889,0.167,130.906,0,60.77,0.167,117.562,0
33.497,0.204,63.575,0.041,30.282,0.102,55.039,0,24.368,0.143,104.486,0.02,15.99,0.571,66.047,0,15.844,0.571,68.813,0,31.348,0.036,120.857,0.018,32.863,0.143,154.6,0.036,38.452,0.143,144.869,0.036,16.108,0.267,48.014,0,5.471,0,14.113,0,7.968,0,16.415,0,23.588,0.033,47.914,0.033,16.895,0.033,48.842,0.033,16.981,0.167,64.197,0,13.362,0.167,45.009,0,69.046,0.167,131.139,0,60.349,0.167,116.347,0
33.691,0.224,63.638,0,30.146,0.02,55.034,0,24.544,0.143,105.265,0,15.996,0.469,65.623,0.041,15.671,0.469,68.859,0.041,31.086,0.143,121.062,0.054,32.571,0.232,154.884,0.071,38.752,0.232,143.571,0.071,16.265,0.133,47.999,0,5.659,0.018,14.635,0.1,8.064,0.018,16.858,0.1,23.641,0.033,47.51,0,16.903,0.033,48.68,0,17.035,0.1,63.986,0,13.386,0.1,44.979,0,68.423,0.033,130.028,0,60.287,0.033,117.625,0
33.117,0.102,63.791,0,30.038,0.143,54.83,0.02,24.683,0.245,104.877,0.041,15.695,0.388,64.939,0.02,15.508,0.388,67.503,0.02,30.127,0.179,116.238,0.018,32.479,0.143,155.14,0.054,39.064,0.143,144.566,0.054,16.357,0.2,48.007,0,5.795,0,14.517,0.067,8.096,0,17.088,0.067,23.318,0.133,47.465,0,16.549,0.133,47.955,0,16.848,0.033,64.001,0.033,13.242,0.033,44.501,0.033,68.643,0.133,130.519,0.033,60.785,0.133,119.125,0.033
32.769,0.061,63.185,0,29.657,0.102,54.401,0.041,24.532,0.245,105.029,0,16.475,0.571,68.345,0.041,15.912,0.571,69.45,0.041,30.551,0.214,117.24,0.018,32.222,0.143,155.186,0.054,38.848,0.143,143.464,0.054,16.114,0.233,48.082,0,5.666,0,14.07,0,7.805,0,16.47,0,23.302,0.033,47.606,0.033,16.287,0.033,47.809,0.033,17.198,0.2,63.468,0,13.155,0.2,43.56,0,67.919,0.2,128.976,0,60.531,0.2,118.957,0
32.9,0.163,63.453,0,29.736,0.061,54.791,0.041,24.374,0.245,104.861,0.02,16.061,0.51,67.399,0.02,15.953,0.51,70.129,0.02,31.592,0.125,120.339,0.018,32.193,0.179,155.064,0.036,38.039,0.179,141.73,0.036,15.862,0.3,47.793,0,5.473,0,14.038,0.067,7.643,0,16.393,0.067,23.016,0,47.39,0,16.076,0,46.979,0,16.733,0.167,63.057,0,12.801,0.167,42.958,0,67.434,0,128.678,0,59.873,0,118.469,0
32.921,0.163,63.541,0,29.478,0.02,54.283,0,24.659,0.204,104.828,0.02,16.508,0.49,69.833,0.041,16.01,0.49,70.899,0.041,32.211,0.161,122.418,0,31.638,0.179,154.67,0.018,39.034,0.179,145.236,0.018,15.828,0.133,47.573,0,5.504,0,13.983,0.033,7.732,0,16.227,0.033,23.064,0.167,47.561,0,16.04,0.167,47.146,0,16.792,0.067,63.369,0,13.176,0.067,43.328,0,67.259,0.067,128.874,0,60.06,0.067,118.076,0
32.983,0.102,63.804,0.02,29.644,0.102,54.607,0,24.839,0.184,105.699,0,15.998,0.571,67.804,0.02,16.134,0.571,70.455,0.02,32.015,0.196,122.126,0.036,31.854,0.161,154.99,0.107,38.88,0.161,144.513,0.107,15.603,0.267,47.48,0,5.485,0,13.839,0.067,7.619,0,16.058,0.067,22.984,0.167,47.479,0,16.048,0.167,46.495,0,17.001,0.133,63.476,0,13.19,0.133,43.016,0,67.254,0.1,129.363,0,59.438,0.1,117.485,0
32.425,0.061,63.063,0,29.072,0.122,54.16,0,24.947,0.224,105.598,0.02,15.826,0.449,67.261,0.02,15.32,0.449,68.302,0.02,31.825,0.179,121.46,0.018,31.92,0.286,155.735,0.036,38.106,0.286,143.897,0.036,15.425,0.1,47.327,0,5.624,0,13.756,0.1,7.66,0,16.05,0.1,22.813,0.1,46.902,0,15.506,0.1,46.609,0,17.073,0.133,63.343,0,12.792,0.133,42.53,0,67.709,0.1,129.615,0,59.758,0.1,117.246,0
32.218,0.163,62.678,0,28.908,0.143,53.732,0.02,24.669,0.163,105.047,0.02,16.032,0.551,67.884,0.02,15.792,0.551,69.326,0.02,31.722,0.143,120.596,0.018,31.449,0.196,156.337,0.089,38.633,0.196,144.527,0.089,15.91,0.1,47.449,0,5.732,0,14.41,0.167,7.857,0,16.787,0.167,22.656,0.133,46.743,0,15.658,0.133,46.215,0,16.809,0.167,62.99,0,12.799,0.167,42.211,0,67.696,0.167,130.461,0,59.655,0.167,118.256,0
32.059,0.122,62.595,0.02,28.758,0.122,53.573,0,24.889,0.327,105.478,0,15.991,0.531,68.254,0.02,15.989,0.531,69.859,0.02,32.217,0.179,121.698,0.054,31.431,0.25,155.928,0.036,38.779,0.25,144.512,0.036,16.032,0.367,47.846,0,5.768,0.018,14.803,0.067,8.064,0.018,17.265,0.067,22.658,0,47.107,0,15.189,0,45.361,0,16.805,0.067,62.143,0,12.439,0.067,41.538,0,67.808,0.233,129.963,0,59.728,0.233,118.376,0
32.052,0.265,62.718,0,28.617,0.143,53.796,0.02,25.37,0.163,106.937,0.02,15.917,0.429,67.562,0,15.803,0.429,69.413,0,32.269,0.089,121.745,0,30.798,0.196,154.305,0.054,38.923,0.196,145.137,0.054,15.62,0.033,47.52,0,5.726,0.018,14.039,0.033,7.671,0.018,16.62,0.033,22.21,0.167,46.123,0,15.178,0.167,45.666,0,16.85,0.233,61.998,0,12.272,0.233,40.634,0,67.479,0.167,129.874,0,59.617,0.167,118.483,0
32.158,0.061,62.87,0.02,28.721,0.061,53.536,0,25.225,0.306,106.858,0,15.735,0.469,67.609,0.02,15.762,0.469,69.742,0.02,32.729,0.25,122.3,0.036,30.229,0.232,153.624,0.036,39.033,0.232,145.427,0.036,15.511,0.233,47.449,0,5.575,0,14.011,0,7.683,0,16.6,0,22.18,0.067,46.789,0,14.993,0.067,44.765,0,16.645,0.2,62.021,0,12.295,0.2,40.689,0,67.545,0.067,130.602,0,60.08,0.067,118.297,0
31.712,0.041,62.355,0.02,28.55,0.041,53.42,0,25.131,0.388,105.781,0.02,15.625,0.714,67.62,0.02,15.478,0.714,68.454,0.02,32.183,0.214,120.614,0.018,31.401,0.179,156.355,0.036,38.818,0.179,145.42,0.036,15.729,0.133,47.816,0,5.669,0,14.285,0,7.71,0,16.853,0,21.988,0.133,46.567,0,14.95,0.133,44.954,0,16.565,0.133,62.433,0,11.995,0.133,39.332,0,68.113,0.2,130.994,0.067,60.168,0.2,119.758,0.067
32.126,0.224,62.882,0,28.752,0.122,53.821,0,25.006,0.347,106.305,0.041,15.754,0.531,67.011,0.061,15.478,0.531,68.156,0.061,32.211,0.161,119.418,0,30.632,0.107,156.449,0.071,38.652,0.107,144.946,0.071,16.067,0.2,47.669,0,5.984,0,15.218,0.033,8.213,0,17.783,0.033,21.799,0.033,46.242,0,15.164,0.033,45.314,0,16.665,0.067,62.437,0,12.33,0.067,40.673,0,67.804,0.067,131.546,0,60.188,0.067,120.133,0
31.614,0.122,62.53,0.02,28.64,0.143,53.694,0,24.841,0.388,106.094,0,15.681,0.612,67.132,0.02,15.29,0.612,67.324,0.02,32.234,0.125,119.323,0.054,30.861,0.196,155.725,0.036,37.952,0.196,142.125,0.036,16.18,0.167,47.711,0,6.094,0,15.463,0.167,8.167,0,18.098,0.167,21.827,0.1,46.368,0,15.153,0.1,45.291,0,16.297,0,60.318,0,12.331,0,40.766,0,68.559,0.2,131.65,0,60.879,0.2,120.58,0
31.604,0.122,62.428,0,28.509,0.122,53.388,0,25.194,0.306,105.962,0.02,15.969,0.673,67.28,0.02,15.732,0.673,68.233,0.02,32.922,0.179,121.365,0.036,30.431,0.161,154.877,0.071,38.277,0.161,143.731,0.071,15.983,0.2,47.427,0,6.078,0,15.347,0.1,8.066,0,17.868,0.1,21.99,0.1,46.495,0,15.001,0.1,45.612,0,13.22,0.067,47.861,0.033,12.432,0.067,40.839,0.033,68.855,0.067,132.382,0,61.144,0.067,122.383,0
31.508,0.224,62.487,0,28.512,0.082,53.402,0.02,25.337,0.163,106.274,0,15.554,0.592,66.914,0.02,15.577,0.592,68.932,0.02,32.991,0.268,121.601,0.036,30.381,0.232,154.689,0.036,37.971,0.232,142.267,0.036,15.639,0.133,47.31,0,5.816,0,14.494,0.067,7.51,0,16.707,0.067,21.848,0.133,46.274,0,15.166,0.133,45.33,0,16.713,0.167,62.244,0,12.357,0.167,40.238,0,69.377,0.2,133.038,0.033,62.101,0.2,122.452,0.033
31.559,0.224,62.613,0.041,28.685,0.143,53.511,0,25.551,0.143,106.953,0.041,15.568,0.673,66.505,0,15.733,0.673,68.682,0,32.873,0.304,121.121,0.018,30.277,0.107,154.59,0.018,38.031,0.107,143.326,0.018,15.287,0.167,47.473,0,5.686,0,13.752,0,7.455,0,16.272,0,21.754,0.2,46.594,0,14.827,0.2,44.536,0,16.569,0.167,61.152,0,11.858,0.167,39.015,0,68.624,0.167,133.199,0,61.651,0.167,122.918,0
31.529,0.143,62.746,0.02,28.826,0.061,53.492,0,25.182,0.143,106.305,0.02,15.467,0.592,67.278,0.02,15.676,0.592,69.208,0.02,32.973,0.143,121.369,0.071,29.16,0.25,151.459,0.071,38.358,0.25,143.796,0.071,15.298,0.033,47.559,0,5.618,0.036,13.749,0.067,7.318,0.036,16.012,0.067,19.756,0.1,43.505,0,14.404,0.1,43.996,0,16.268,0.333,59.976,0.033,11.55,0.333,38.58,0.033,68.653,0.2,132.942,0,61.015,0.2,122.73,0
31.752,0.041,62.981,0,29.122,0.163,54.192,0,24.948,0.184,104.59,0,15.557,0.653,66.842,0.041,15.766,0.653,69.096,0.041,33.089,0.179,121.679,0.036,30.004,0.179,155.122,0.018,38.26,0.179,145.274,0.018,15.338,0.3,47.509,0,5.635,0,13.75,0.1,7.342,0,16.263,0.1,21.831,0,46.606,0,14.369,0,44.68,0,14.736,0.133,53.759,0,12.169,0.133,39.888,0,68.372,0.033,132.58,0,61.668,0.033,122.985,0
32.915,0.184,64.896,0.041,31.88,0.122,58.344,0,25.173,0.286,106.086,0.041,15.254,0.551,66.612,0,16.014,0.551,69.138,0,32.85,0.125,120.417,0.054,30.099,0.25,154.64,0.036,37.747,0.25,143.018,0.036,15.117,0.067,47.558,0,5.702,0,14.004,0.033,7.347,0,16.188,0.033,21.749,0.1,46.547,0,14.66,0.1,44.659,0,16.82,0.067,61.572,0,12.279,0.067,39.864,0,68.324,0.2,133.024,0,61.613,0.2,123.69,0
33.412,0.082,65.533,0,34.506,0.184,62.059,0.02,25.443,0.143,106.496,0.02,15.653,0.49,67.404,0,16.009,0.49,69.043,0,33.124,0.268,119.914,0.054,29.696,0.232,153.875,0.054,38.515,0.232,145.018,0.054,15.441,0.1,47.42,0,5.76,0,14.184,0.033,7.497,0,16.699,0.033,21.862,0,46.518,0,14.526,0,44.737,0,16.766,0.067,62.036,0.033,12.13,0.067,39.413,0.033,68.129,0.2,132.452,0.033,62.5,0.2,124.204,0.033
34.207,0.163,66.11,0.02,34.191,0.163,60.604,0,25.435,0.224,106.978,0.061,15.56,0.551,67.463,0,15.784,0.551,69.291,0,33.729,0.089,121.771,0.018,29.942,0.357,155.097,0.125,38.495,0.357,145.067,0.125,15.359,0.267,47.575,0,5.842,0,14.459,0.133,7.482,0,16.727,0.133,21.613,0.2,46.131,0,14.489,0.2,44.462,0,16.869,0.233,61.554,0,11.968,0.233,39.024,0,67.593,0.267,130.874,0,62.126,0.267,123.382,0
35.069,0.245,66.595,0.02,35.042,0.204,61.325,0.061,25.833,0.184,107.505,0.041,15.795,0.633,68.324,0,15.933,0.633,69.425,0,33.62,0.179,122.085,0.071,30.166,0.179,154.898,0.036,37.819,0.179,142.559,0.036,15.639,0.133,47.718,0,5.944,0,14.803,0,7.703,0,17.423,0,21.477,0.2,45.977,0,14.445,0.2,44.705,0,16.529,0.2,61.507,0,12.209,0.2,39.483,0,66.942,0.167,129.383,0,62.129,0.167,123.626,0
35.816,0.265,67.848,0,35.37,0.265,61.652,0,25.48,0.327,106.426,0.02,15.696,0.51,67.708,0.02,15.974,0.51,68.994,0.02,33.912,0.143,121.708,0.054,30.486,0.161,154.813,0.071,38.321,0.161,143.83,0.071,15.563,0.233,47.834,0,6.028,0.018,14.711,0.033,7.679,0.018,17.368,0.033,21.129,0.067,45.821,0,14.342,0.067,43.979,0,16.54,0.133,60.653,0.033,12.008,0.133,38.386,0.033,66.855,0.067,130.45,0.033,61.331,0.067,123.403,0.033
32.975,0.245,62.85,0,31.275,0.102,54.594,0.102,25.637,0.184,107.257,0.02,15.884,0.571,68.218,0.02,16.052,0.571,69.107,0.02,34.075,0.179,121.717,0,29.816,0.232,154.57,0.018,38.601,0.232,144.801,0.018,15.612,0.167,47.748,0,6.074,0.018,14.743,0,7.698,0.018,17.4,0,21.379,0.033,46.251,0,14.038,0.033,43.526,0,16.617,0.2,61.036,0,11.773,0.2,38.376,0,65.286,0.2,128.443,0,60.968,0.2,123.085,0
34.203,0.102,65.099,0,32.054,0.122,56.374,0.02,25.872,0.265,107.869,0.041,15.437,0.571,66.474,0.02,15.98,0.571,69.016,0.02,34.104,0.179,122.022,0.036,30.461,0.214,154.676,0.054,38.491,0.214,144.754,0.054,15.512,0.3,47.72,0,5.822,0.018,14.578,0.067,7.565,0.018,17.19,0.067,21.164,0.067,45.843,0,14.265,0.067,43.82,0,16.678,0.033,61.135,0,11.606,0.033,38.118,0,67.44,0.1,132.45,0,61.757,0.1,124.425,0
34.377,0.102,65.489,0,32.264,0.102,57.008,0,25.956,0.204,107.748,0.061,15.672,0.592,67.52,0.02,15.74,0.592,68.011,0.02,34.393,0.232,122.271,0.018,30.245,0.196,155.022,0.071,38.751,0.196,145.081,0.071,15.718,0.2,47.656,0,6.183,0,15.308,0.067,7.892,0,18.091,0.067,21.018,0.067,45.94,0,13.948,0.067,43.271,0,16.393,0.033,60.753,0,11.623,0.033,37.717,0,68.099,0.2,133.269,0,61.486,0.2,123.399,0
34.928,0.204,66.567,0.02,32.541,0.163,57.188,0,26.154,0.204,108.247,0,15.614,0.449,67.47,0.02,16.155,0.449,69.152,0.02,34.207,0.214,122.573,0.036,29.829,0.214,155.144,0.089,38.202,0.214,144.645,0.089,15.552,0.2,48.043,0,6.128,0.018,14.988,0.067,7.745,0.018,17.543,0.067,20.807,0.2,45.385,0,14.34,0.2,43.163,0,16.731,0.367,60.88,0,11.618,0.367,38.153,0,68.732,0.233,134.375,0,62.556,0.233,124.972,0
34.253,0.204,66.002,0,32.278,0.204,56.808,0,22.987,0.184,107.536,0.061,12.489,0.714,67.036,0.041,12.843,0.714,69.238,0.041,25.014,0.143,121.809,0.036,21.008,0.125,151.306,0,32.49,0.125,144.542,0,14.945,0.233,44.251,0,5.624,0,13.708,0.1,9.014,0,20.188,0.1,21.088,0.033,46.116,0,13.912,0.033,43.831,0,16.67,0.1,60.993,0,11.839,0.1,39.213,0,68.971,0.067,135.5,0,62.749,0.067,124.872,0
33.313,0.265,65.947,0,29.803,0.122,56.778,0,19.484,0.245,107.931,0.02,9.518,0.612,67.348,0.02,9.955,0.612,71.034,0.02,21.159,0.143,121.298,0.054,18.618,0.125,154.03,0.089,27.045,0.125,144.142,0.089,12.352,0.233,42.803,0,5.519,0.036,14.077,0.033,9.027,0.036,19.731,0.033,18.077,0.067,46.03,0.033,10.337,0.067,44.025,0.033,13.794,0.167,61.314,0,11.033,0.167,38.835,0,69.572,0.2,136.249,0,62.508,0.2,126.005,0
28.817,0.143,64.728,0,25.714,0.082,56.841,0,17.24,0.102,106.301,0.02,8.312,0.571,64.553,0.02,9.593,0.571,70.069,0.02,19.625,0.214,120.407,0.036,18.045,0.214,153.996,0.054,25.808,0.214,143.064,0.054,10.218,0.333,41.919,0,4.954,0,14.309,0,9.096,0,19.962,0,15.643,0.033,46.256,0,9.788,0.033,43.438,0,11.455,0.033,61.243,0,10.342,0.033,38.444,0,69.099,0.067,136.928,0,56.205,0.067,126.875,0
25.642,0.245,64.245,0,22.783,0.041,55.853,0.041,16.465,0.184,105.171,0.02,8.408,0.429,65.403,0.02,9.501,0.429,71.554,0.02,19.116,0.286,120.076,0,17.518,0.268,152.67,0.107,24.726,0.268,142.751,0.107,9.742,0.367,41.655,0,4.691,0.054,14.902,0,9.244,0.054,20.471,0,14.892,0.133,46.159,0,9.406,0.133,42.896,0,10.762,0.033,60.592,0,9.956,0.033,37.537,0,64.737,0.067,137.439,0,46.378,0.067,127.741,0
24.719,0.143,63.723,0.02,21.179,0.122,56.547,0,15.897,0.306,104.125,0.02,8.045,0.592,64.163,0.02,9.497,0.592,71.775,0.02,18.69,0.196,119.242,0.036,17.353,0.107,151.54,0.018,24.306,0.107,142.96,0.018,9.407,0.367,41.163,0,4.61,0,15.142,0.1,9.246,0,20.52,0.1,14.531,0.1,46.373,0,9.358,0.1,43.184,0,10.548,0.1,60.787,0,9.948,0.1,37.794,0,57.454,0.133,136.746,0,40.524,0.133,126.572,0
24.216,0.102,63.442,0,19.275,0.163,56.121,0,15.623,0.265,103.951,0.041,7.969,0.408,62.881,0,9.523,0.408,71.597,0,18.367,0.107,119.35,0,17.203,0.268,150.934,0.036,23.912,0.268,142.217,0.036,9.184,0.4,40.641,0,4.474,0,15.034,0.033,9.147,0,20.287,0.033,14.519,0,46.562,0,9.37,0,42.898,0,10.223,0.067,60.678,0,9.676,0.067,37.371,0,51.164,0.067,135.401,0,37.281,0.067,125.653,0
24.039,0.163,63.167,0,18.398,0.163,55.946,0,15.482,0.265,103.659,0,8.143,0.755,63.201,0.061,9.364,0.755,71.046,0.061,17.676,0.232,116.16,0.036,16.763,0.179,151.54,0.018,23.738,0.179,142.733,0.018,9.103,0.467,40.054,0,4.771,0,15.951,0.067,9.607,0,21.21,0.067,14.463,0.1,46.626,0,9.444,0.1,43.423,0,10.097,0.133,60.931,0,9.743,0.133,37.443,0,46.201,0.067,136.124,0.033,36.177,0.067,125.801,0.033
23.517,0.265,62.992,0.02,17.969,0.204,55.346,0,15.148,0.245,102.897,0,8.069,0.612,62.923,0,9.302,0.612,68.559,0,17.424,0.125,114.77,0,16.829,0.196,149.507,0.018,23.115,0.196,141.179,0.018,8.993,0.333,39.978,0,4.97,0,16.501,0.067,9.685,0,21.749,0.067,14.518,0.133,46.845,0,9.698,0.133,43.919,0,10.116,0.133,60.883,0,9.792,0.133,38.218,0,43.369,0.2,136.026,0,35.125,0.2,125.834,0
23.413,0.204,62.764,0.02,17.568,0.122,55.834,0,15.168,0.102,102.783,0,8.07,0.694,63.116,0,9.506,0.694,72.277,0,17.539,0.232,118.299,0.036,16.869,0.268,150.621,0.018,23.042,0.268,138.626,0.018,8.853,0.433,39.498,0,4.749,0,16.334,0.033,9.485,0,21.081,0.033,14.365,0.033,46.734,0,9.413,0.033,43.195,0,10.04,0.033,60.628,0,9.531,0.033,37.517,0,41.91,0.133,135.435,0.033,34.985,0.133,125.047,0.033
23.077,0.163,62.629,0.02,17.363,0.204,55.848,0,15.221,0.306,103.731,0.02,7.935,0.735,62.45,0.041,9.488,0.735,72.086,0.041,17.273,0.107,118.167,0.018,17,0.125,151.111,0.054,23.144,0.125,141.024,0.054,8.815,0.367,39.441,0,4.831,0.018,16.801,0,9.643,0.018,21.124,0,14.457,0.067,46.668,0,9.664,0.067,43.68,0,10.124,0.2,60.666,0,9.396,0.2,38.111,0,41.171,0.1,135.388,0,34.639,0.1,125.942,0
23.138,0.184,62.249,0,17.059,0.265,55.728,0,15.437,0.184,104.654,0.041,8.128,0.592,62.919,0.041,9.332,0.592,71.005,0.041,17.438,0.339,118.048,0.036,17.461,0.125,151.774,0.054,22.84,0.125,140.922,0.054,8.884,0.333,39.391,0,4.841,0.036,16.929,0.067,9.904,0.036,21.506,0.067,14.29,0.033,46.586,0,9.392,0.033,43.107,0,9.797,0.167,60.231,0,9.049,0.167,36.413,0,41.158,0.2,137.013,0,35.253,0.2,128.093,0
22.922,0.204,62.454,0,16.975,0.143,55.67,0,15.237,0.286,104.193,0,8.202,0.531,63.382,0,9.455,0.531,70.855,0,17.58,0.286,118.556,0.054,17.121,0.304,151.486,0.071,22.962,0.304,142.173,0.071,9.043,0.433,40.333,0,4.916,0,17.118,0,9.946,0,21.498,0,14.252,0.033,46.842,0,9.718,0.033,42.825,0,9.988,0.133,59.96,0,9.049,0.133,36.89,0,39.828,0.067,134.873,0,34.349,0.067,126.648,0
22.768,0.122,62.606,0,16.882,0.143,55.891,0.041,15.138,0.224,103.649,0,8.296,0.571,63.096,0,9.421,0.571,70.869,0,17.438,0.286,118.912,0.018,17.424,0.357,152.173,0.054,22.536,0.357,141.644,0.054,8.797,0.433,39.504,0,4.928,0,17.549,0.033,10.192,0,22.181,0.033,14.442,0.133,46.838,0,9.457,0.133,42.186,0,9.752,0.1,59.611,0.033,8.791,0.1,36.211,0.033,39.548,0.3,133.711,0,34.009,0.3,126.328,0
22.756,0.224,62.753,0.02,16.475,0.204,55.616,0.02,15.301,0.327,103.348,0,8.171,0.51,63.829,0,9.234,0.51,70.769,0,17.52,0.339,118.964,0,17.448,0.375,152.226,0.036,22.684,0.375,141.997,0.036,8.944,0.333,39.196,0,5.197,0,18.268,0.033,10.607,0,23.241,0.033,14.487,0.133,46.861,0.067,9.341,0.133,41.688,0.067,9.757,0.067,59.793,0,8.69,0.067,35.952,0,38.75,0.167,134.11,0,33.803,0.167,125.691,0
22.423,0.327,62.361,0.02,16.258,0.184,54.826,0,15.16,0.347,105.129,0,8.56,0.694,64.859,0.02,9.322,0.694,70.209,0.02,17.456,0.446,118.944,0.036,17.84,0.393,153.133,0.054,22.831,0.393,142.653,0.054,9.111,0.5,39.307,0,5.479,0,19.087,0.033,11.083,0,24.442,0.033,14.563,0.167,46.486,0,9.573,0.167,42.047,0,9.944,0.3,59.768,0.033,7.958,0.3,32.263,0.033,38.892,0.3,135.504,0,33.589,0.3,125.332,0
22.417,0.163,61.852,0.041,15.926,0.286,54.008,0.02,15.192,0.286,105.7,0.041,8.716,1,65.748,0.02,9.48,1,70.639,0.02,17.49,0.571,118.469,0.036,18.036,0.304,153.183,0.036,22.889,0.304,143.558,0.036,9.069,0.467,38.745,0,5.347,0,19.04,0.033,11.052,0,23.96,0.033,14.881,0.167,46.82,0.033,9.666,0.167,42.476,0.033,9.792,0.233,59.884,0,8.609,0.233,35.287,0,38.764,0.133,135.497,0.033,34.208,0.133,125.857,0.033
22.168,0.347,61.915,0.02,15.926,0.347,53.379,0.02,15.403,0.367,104.837,0,8.731,0.857,66.511,0.02,9.249,0.857,69.901,0.02,17.409,0.464,118.157,0.054,18.038,0.393,154.523,0.071,22.677,0.393,141.74,0.071,9.113,0.4,38.624,0,5.358,0.036,18.296,0.1,10.821,0.036,23.603,0.1,14.865,0.267,46.969,0,9.809,0.267,42.333,0,9.795,0.333,59.484,0,8.635,0.333,35.869,0,38.801,0.2,135.628,0,34.485,0.2,124.637,0
22.076,0.224,61.751,0,17.139,0.388,52.493,0,15.958,0.184,105.155,0.02,8.709,0.653,65.687,0.02,9.144,0.653,68.715,0.02,17.112,0.554,117.051,0.018,18.183,0.321,155.069,0.071,22.765,0.321,140.851,0.071,9.224,0.267,38.382,0,5.463,0,18.593,0.133,10.93,0,23.721,0.133,14.865,0.233,46.179,0,10.023,0.233,42.354,0,9.784,0.167,58.481,0,8.31,0.167,34.469,0,41.915,0.2,134.636,0.033,36.473,0.2,123.564,0.033
21.799,0.245,61.406,0,18.635,0.122,53.334,0,16.406,0.347,104.317,0.041,8.984,0.776,65.257,0,8.977,0.776,67.82,0,17.533,0.375,118.231,0,18.364,0.571,154.281,0.036,22.357,0.571,139.582,0.036,9.364,0.433,38.393,0,5.558,0.018,19.145,0.067,11.026,0.018,23.977,0.067,15.067,0.2,46.874,0,9.947,0.2,41.131,0,9.571,0.4,58.102,0,8.038,0.4,33.946,0,46.69,0.333,133.541,0.067,40.633,0.333,122.813,0.067
22.181,0.245,61.547,0,19.949,0.265,53.589,0,17.247,0.224,104.302,0.02,10.037,1,65.93,0,9.176,1,68.899,0,17.575,0.375,119.297,0.036,18.779,0.286,154.282,0.071,22.601,0.286,141.046,0.071,9.44,0.5,38.065,0,5.747,0,19.475,0,11.586,0,25.21,0,15.445,0.167,46.05,0,9.72,0.167,41.057,0,9.622,0.2,57.668,0,7.733,0.2,33.414,0,49.954,0.233,131.329,0.067,43.824,0.233,121.474,0.067
23.136,0.408,61.743,0.02,20.845,0.286,54.003,0.02,17.376,0.347,103.24,0.041,10.769,0.898,65.385,0,9.731,0.898,69.021,0,17.877,0.268,119.693,0.036,19.568,0.357,154.744,0.036,22.425,0.357,140.344,0.036,9.499,0.433,38.08,0,5.755,0,19.11,0.033,11.489,0,24.546,0.033,16.22,0.3,46.636,0,9.906,0.3,40.55,0,9.549,0.267,57.414,0,7.802,0.267,33.38,0,52.202,0.3,131.669,0.033,46.973,0.3,121.145,0.033
24.124,0.245,61.671,0,21.658,0.306,53.959,0,17.913,0.306,102.074,0.02,10.987,0.898,64.519,0.02,9.694,0.898,69.048,0.02,18.039,0.393,119.454,0.071,20.445,0.554,155.334,0.054,22.229,0.554,139.639,0.054,9.449,0.367,38.078,0,5.652,0.018,18.81,0.1,11.221,0.018,24.012,0.1,16.89,0.233,46.469,0,10.322,0.233,41.195,0,9.809,0.167,58.328,0,7.568,0.167,32.742,0,54.343,0.367,133.024,0,48.67,0.367,120.093,0
24.505,0.245,61.143,0.02,22.186,0.286,53.951,0,18.383,0.429,102.728,0,11.269,0.959,64.581,0,9.81,0.959,68.756,0,17.915,0.286,119.463,0.071,21.112,0.429,154.837,0.036,22.53,0.429,140.721,0.036,9.518,0.3,37.888,0,5.678,0.018,18.653,0.033,11.153,0.018,23.945,0.033,17.607,0.367,46.586,0,10.752,0.367,41.879,0,9.795,0.333,58.602,0,7.677,0.333,34.235,0,54.985,0.167,130.845,0.033,50.084,0.167,120.658,0.033
24.873,0.265,60.721,0,22.414,0.429,53.522,0.02,18.886,0.429,102.935,0,11.717,0.673,65.568,0.041,10.204,0.673,69.244,0.041,18.411,0.321,120.712,0,21.845,0.607,154.964,0.036,21.789,0.607,136.48,0.036,9.546,0.5,38.096,0,5.952,0,19.21,0.1,11.607,0,25.332,0.1,17.946,0.2,46.537,0,10.789,0.2,41.622,0,9.827,0.167,56.288,0,7.356,0.167,32.918,0,55.336,0.133,130.89,0.033,51.12,0.133,120.121,0.033
25.021,0.306,61.354,0.02,23.179,0.286,53.834,0,19.187,0.204,102.431,0.082,12.026,0.51,65.668,0,10.66,0.51,69.608,0,19.05,0.375,120.541,0,21.007,0.518,147.619,0.054,22.649,0.518,140.528,0.054,9.62,0.6,37.891,0,5.964,0.018,18.909,0.167,11.378,0.018,24.639,0.167,18.37,0.333,46.323,0,10.901,0.333,41.074,0,9.544,0.367,57.178,0.067,7.302,0.367,32.818,0.067,56.295,0.267,129.812,0.033,52.262,0.267,119.53,0.033
25.232,0.306,60.895,0.02,23.508,0.367,53.587,0,19.733,0.224,103.43,0,12.5,0.612,64.995,0,10.998,0.612,69.133,0,19.315,0.357,119.853,0,22.9,0.607,154.357,0.054,22.5,0.607,140.476,0.054,9.598,0.633,37.651,0,6.242,0,19.369,0.167,11.314,0,24.498,0.167,18.472,0.433,46.225,0,10.788,0.433,40.559,0,9.415,0.233,56.723,0,7.056,0.233,32.339,0,57.343,0.333,131.739,0,52.836,0.333,120.519,0
25.368,0.327,60.6,0,24.029,0.143,53.536,0.02,20.135,0.347,103.228,0.041,13.082,0.633,65.718,0.02,11.318,0.633,68.762,0.02,20.138,0.286,120.274,0.036,23.721,0.411,155.742,0.143,22.512,0.411,139.472,0.143,9.541,0.5,37.795,0,6.193,0,19.016,0.033,11.253,0,24.238,0.033,18.699,0.2,45.81,0,10.9,0.2,40.061,0,9.529,0.1,55.931,0,6.632,0.1,31.527,0,58.511,0.233,132.332,0,54.416,0.233,121.096,0
25.763,0.163,60.792,0,24.749,0.265,53.901,0,20.609,0.265,103.391,0,13.833,0.735,65.633,0,11.675,0.735,69.063,0,20.894,0.321,120.763,0.054,24.235,0.393,155.189,0.054,22.26,0.393,139.367,0.054,9.673,0.4,37.608,0,6.339,0,19.733,0.067,11.488,0,25.124,0.067,19.11,0.3,45.944,0,10.996,0.3,39.249,0,9.381,0.6,55.65,0,6.463,0.6,30.615,0,60.391,0.233,133.92,0,55.253,0.233,120.984,0
25.913,0.286,61.365,0.02,25.27,0.265,54.249,0,21.026,0.367,102.886,0,13.659,0.816,64.429,0.02,12.19,0.816,68.917,0.02,21.444,0.393,120.123,0.054,24.834,0.482,155.471,0.036,22.465,0.482,139.071,0.036,9.71,0.533,37.583,0,6.567,0.018,19.887,0.1,11.701,0.018,25.815,0.1,19.435,0.3,45.911,0,11.293,0.3,40.057,0,9.388,0.367,55.485,0,6.502,0.367,31.836,0,61.545,0.3,135.125,0,55.421,0.3,121.369,0
25.989,0.306,61.716,0.02,25.52,0.347,54.242,0,21.03,0.388,102.587,0.02,14.351,0.694,65.687,0,12.598,0.694,68.977,0,22.028,0.5,118.808,0.036,25.142,0.5,153.672,0.036,22.281,0.5,139.399,0.036,9.684,0.5,37.854,0,6.607,0,19.69,0.033,11.591,0,25.4,0.033,19.482,0.133,45.683,0,11.371,0.133,40.573,0,9.549,0.267,55.617,0,6.373,0.267,31.875,0,61.738,0.267,134.206,0,55.762,0.267,120.275,0
25.983,0.347,61.541,0.02,25.898,0.286,54.33,0,20.927,0.551,101.309,0.02,14.596,0.612,66.358,0,13.184,0.612,68.887,0,22.941,0.339,119.109,0,25.5,0.482,154.39,0,22.208,0.482,139.302,0,9.769,0.4,37.564,0,6.812,0,20.095,0.133,11.816,0,25.815,0.133,19.592,0.067,46.044,0,11.456,0.067,40.095,0,9.676,0.2,55.312,0,6.219,0.2,31.804,0,62.249,0.333,134.552,0,56.748,0.333,120.689,0
25.927,0.286,61.338,0,26.151,0.347,54.275,0.02,21.259,0.347,102.22,0,14.795,0.653,65.518,0.061,13.506,0.653,68.361,0.061,24.687,0.429,120.797,0.018,26.351,0.482,154.897,0.054,22.312,0.482,137.882,0.054,9.676,0.6,37.274,0,7.073,0,20.254,0.1,11.789,0,26.166,0.1,19.674,0.167,45.869,0,11.517,0.167,40.286,0,9.629,0.333,55.122,0.033,6.348,0.333,31.549,0.033,62.946,0.333,134.372,0,56.26,0.333,120.435,0
25.818,0.306,61.202,0,26.061,0.347,53.846,0,21.485,0.449,101.82,0,14.975,0.612,65.298,0.02,13.494,0.612,68.567,0.02,25.627,0.393,120.758,0.089,26.95,0.446,155.378,0,22.203,0.446,137.456,0,9.712,0.6,37.555,0,7.025,0,20.251,0.033,11.693,0,25.98,0.033,19.899,0.2,45.31,0.033,11.434,0.2,39.879,0.033,9.486,0.167,54.163,0,6.161,0.167,30.74,0,63.122,0.367,134.309,0,56.983,0.367,120.211,0
25.545,0.184,60.541,0,26.28,0.469,53.593,0.02,21.561,0.429,100.503,0.02,14.954,0.776,64.464,0,13.921,0.776,69.03,0,26.256,0.339,121.082,0.036,27.133,0.464,155.651,0.036,22.297,0.464,136.653,0.036,9.693,0.4,37.394,0,7.27,0.018,20.243,0,11.586,0.018,25.739,0,19.814,0.167,45.486,0,11.577,0.167,39.213,0,9.565,0.333,53.678,0.033,6.071,0.333,30.515,0.033,63.083,0.3,134.607,0,56.897,0.3,120.187,0
25.308,0.449,60.474,0,26.465,0.265,53.448,0.02,21.693,0.245,100.246,0,15.144,0.796,63.724,0,14.181,0.796,68.04,0,26.831,0.357,120.62,0.071,27.405,0.375,156.079,0.036,22.386,0.375,136.168,0.036,9.593,0.567,36.778,0,7.309,0.018,20.618,0.067,11.952,0.018,26.893,0.067,19.985,0.267,45.494,0,11.44,0.267,38.891,0,9.489,0.167,53.076,0,5.989,0.167,30.573,0,63.616,0.3,135.079,0,56.919,0.3,119.96,0
25.071,0.224,59.567,0,26.301,0.265,53.038,0.02,22.041,0.265,100.775,0.02,15.282,0.714,63.761,0,14.636,0.714,68.805,0,27.686,0.411,120.939,0.036,27.573,0.375,155.129,0,22.412,0.375,136.339,0,9.606,0.433,36.395,0,7.528,0,20.83,0.133,11.91,0,26.775,0.133,19.866,0,45.145,0,11.653,0,38.305,0,9.559,0.2,52.413,0,5.874,0.2,29.952,0,63.864,0.233,135.06,0,57.179,0.233,120.082,0
25.03,0.265,59.663,0,24.876,0.51,51.243,0,22.069,0.449,100.84,0.02,15.123,0.469,63.437,0.02,14.72,0.469,68.797,0.02,28.242,0.464,120.967,0.071,27.991,0.554,154.394,0.018,22.057,0.554,132.393,0.018,9.6,0.5,36.454,0,7.332,0.018,20.446,0.1,11.666,0.018,26.261,0.1,19.842,0.133,45.025,0,11.817,0.133,38.129,0,9.653,0.467,52.278,0,5.956,0.467,29.934,0,64.235,0.567,134.674,0,57.466,0.567,120.352,0
25.274,0.163,59.857,0.02,26.486,0.286,52.962,0,22.229,0.327,100.91,0.02,14.988,0.796,63.012,0.041,14.769,0.796,68.047,0.041,28.668,0.357,120.721,0.036,28.172,0.446,153.03,0.054,22.573,0.446,134.595,0.054,9.58,0.367,36.461,0,7.683,0,20.791,0.033,11.929,0,26.909,0.033,19.756,0.133,44.862,0,11.49,0.133,37.81,0,9.473,0.267,51.12,0,5.847,0.267,29.563,0,64.456,0.167,134.565,0,57.682,0.167,120.276,0
25.047,0.347,59.838,0,26.79,0.306,53.146,0,22.168,0.388,100.456,0,15.15,0.857,62.904,0.041,14.984,0.857,67.89,0.041,28.898,0.321,120.83,0.018,28.81,0.393,155.317,0.018,22.628,0.393,135.585,0.018,9.728,0.467,36.552,0,8.015,0,21.296,0.033,12.16,0,27.337,0.033,19.787,0.133,44.728,0,11.775,0.133,37.707,0,9.595,0.1,50.718,0,5.785,0.1,29.817,0,64.205,0.233,134.875,0,57.582,0.233,119.95,0
25.24,0.408,59.769,0.041,26.823,0.429,53.429,0.041,22.126,0.347,99.458,0.02,15.317,0.939,62.332,0,14.933,0.939,67.116,0,28.717,0.393,118.833,0.125,28.731,0.411,156.365,0.036,22.411,0.411,134.171,0.036,9.602,0.433,36.149,0,7.924,0,21.309,0.167,11.926,0,26.982,0.167,19.804,0.1,44.768,0,11.479,0.1,37.335,0,9.343,0.267,50.136,0,5.844,0.267,28.936,0,63.665,0.233,133.951,0,56.921,0.233,118.71,0
24.938,0.286,59.825,0,24.631,0.49,49.164,0,21.665,0.306,98.173,0,14.923,1.041,62.633,0.02,14.499,1.041,64.47,0.02,28.733,0.304,117.499,0.018,28.886,0.446,156.012,0.036,22.316,0.446,133.847,0.036,9.34,0.233,34.502,0,7.235,0,19.698,0.033,11.664,0,26.551,0.033,19.623,0.133,44.214,0,11.692,0.133,37.167,0,9.402,0.3,49.723,0,5.675,0.3,28.918,0,64.604,0.4,135.359,0,57.435,0.4,119.681,0
24.527,0.449,58.921,0,26.597,0.388,52.913,0.041,21.72,0.429,97.623,0.02,14.88,0.735,62.051,0,15.249,0.735,66.758,0,29.315,0.25,119.226,0,29.507,0.536,156.405,0.018,21.999,0.536,129.018,0.018,9.526,0.433,35.045,0,6.563,0.018,17.787,0.067,11.492,0.018,26.325,0.067,19.652,0.167,44.124,0,11.517,0.167,36.835,0,9.208,0.267,48.961,0,5.601,0.267,28.708,0,64.657,0.367,134.951,0,58.304,0.367,119.89,0
24.858,0.306,59.075,0,26.271,0.531,52.705,0.02,21.625,0.306,97.501,0.02,14.637,0.714,60.826,0.02,15.18,0.714,67.263,0.02,29.846,0.375,119.76,0,29.756,0.375,156.632,0.018,22.548,0.375,130.212,0.018,9.811,0.5,35.533,0,6.547,0.018,17.53,0.133,11.646,0.018,26.542,0.133,19.571,0.3,44.173,0,11.467,0.3,35.933,0,9.376,0.233,49.03,0,5.597,0.233,27.959,0,64.841,0.367,135.304,0,57.689,0.367,119.311,0
24.259,0.224,58.552,0.02,25.947,0.286,52.021,0,21.667,0.429,97.123,0.02,14.625,0.673,61.008,0,15.494,0.673,67.07,0,29.128,0.375,116.878,0.036,29.988,0.429,156.218,0.089,22.723,0.429,132.729,0.089,9.959,0.267,35.666,0,6.312,0,17.457,0.033,11.583,0,26.232,0.033,19.627,0.3,44.006,0,11.476,0.3,35.849,0,9.335,0.4,48.114,0,5.731,0.4,28.118,0,64.728,0.267,134.885,0,57.311,0.267,118.409,0
23.908,0.286,57.733,0,25.77,0.347,51.789,0,21.585,0.429,96.363,0,14.776,0.898,61.083,0,15.252,0.898,67.287,0,30.184,0.268,119.806,0.054,29.987,0.393,155.201,0.036,22.852,0.393,132.245,0.036,10.198,0.533,36.146,0,6.834,0,19.005,0.033,10.966,0,25.059,0.033,19.454,0.1,44.032,0.033,11.192,0.1,35.152,0.033,9.243,0.167,48.461,0.033,5.761,0.167,28.36,0.033,63.948,0.2,133.452,0,55.573,0.2,116.491,0
23.711,0.327,57.739,0,25.498,0.163,51.3,0.02,21.267,0.327,95.468,0.041,14.579,0.816,60.466,0.02,15.045,0.816,66.717,0.02,30.508,0.232,119.976,0,29.74,0.464,154.486,0.054,22.809,0.464,132.316,0.054,10.465,0.3,36.932,0,6.722,0.036,18.846,0,10.389,0.036,23.736,0,19.671,0.033,44.404,0,11.473,0.033,36.065,0,9.287,0.1,48.615,0,5.706,0.1,28.199,0,64.206,0.467,135.083,0.033,56.895,0.467,118.025,0.033
23.62,0.245,57.218,0.02,25.553,0.306,51.477,0,21.645,0.327,95.877,0.02,15.208,0.714,62.493,0.02,15.53,0.714,67.292,0.02,30.579,0.375,120.437,0.071,29.036,0.5,152.328,0,22.843,0.5,131.675,0,10.542,0.467,37.037,0,6.593,0,18.697,0.067,10.138,0,23.009,0.067,16.669,0.133,39.849,0,11.609,0.133,36.201,0,9.267,0.367,47.837,0,5.705,0.367,27.976,0,64.379,0.233,133.829,0,56.589,0.233,116.585,0
23.624,0.286,57.264,0,25.708,0.224,51.627,0,21.513,0.571,94.857,0,14.763,0.653,61.683,0.02,15.209,0.653,67.138,0.02,30.584,0.375,120.425,0.036,29.138,0.339,151.871,0,22.995,0.339,132.027,0,10.564,0.4,37.051,0,6.587,0,18.384,0.067,9.952,0,22.484,0.067,19.427,0.067,43.694,0,11.366,0.067,35.686,0,9.003,0.2,47.834,0,5.738,0.2,27.454,0,64.368,0.3,133.952,0,56.335,0.3,116.847,0
23.607,0.286,57.148,0,25.329,0.327,51.562,0.02,21.132,0.408,94.386,0.041,14.642,0.837,60.289,0.02,15.478,0.837,66.93,0.02,30.967,0.286,119.967,0,29.866,0.482,153.537,0.143,22.959,0.482,131.488,0.143,10.64,0.367,36.76,0,6.719,0.018,18.569,0.067,9.926,0.018,21.977,0.067,19.442,0.233,43.8,0,11.326,0.233,35.173,0,9.001,0.3,46.325,0,5.746,0.3,26.851,0,64.647,0.067,134.031,0,55.828,0.067,115.943,0
23.537,0.388,56.794,0,25.367,0.49,50.945,0,21.066,0.286,93.089,0,14.673,0.776,61.083,0.041,15.25,0.776,66.658,0.041,30.387,0.25,119.59,0.089,30.066,0.375,154.012,0.071,23.224,0.375,131.003,0.071,10.74,0.533,36.699,0,6.685,0,18.698,0.1,10.035,0,22.035,0.1,19.295,0.133,43.875,0,11.207,0.133,34.714,0,8.906,0.4,45.716,0,5.444,0.4,26.472,0,64.195,0.3,133.969,0,55.11,0.3,115.222,0
23.31,0.347,56.38,0.041,25.225,0.245,51.002,0.02,20.877,0.265,92.733,0,14.294,0.878,58.571,0.061,14.933,0.878,65.523,0.061,30.408,0.268,119.404,0,29.984,0.518,153.95,0.071,23.112,0.518,130.066,0.071,10.719,0.367,36.717,0,6.769,0,18.858,0.167,10.188,0,22.274,0.167,19.299,0.133,43.669,0,11.386,0.133,35.093,0,8.838,0.267,46.047,0,5.675,0.267,26.578,0,64.35,0.233,133.781,0,54.913,0.233,114.534,0
22.944,0.327,56.611,0.02,25.123,0.204,50.925,0,21.042,0.347,92.6,0,13.891,0.531,59.009,0.02,14.961,0.531,65.434,0.02,29.921,0.304,118.138,0.071,29.999,0.375,153.547,0.036,22.868,0.375,128.439,0.036,10.676,0.667,36.552,0,6.942,0.018,19.215,0.033,10.446,0.018,22.559,0.033,19.094,0.233,43.341,0,11.038,0.233,33.988,0,8.648,0.167,45.394,0,5.662,0.167,26.008,0,64.125,0.467,133.782,0.033,55.265,0.467,114.906,0.033
22.822,0.449,56.431,0.02,25.095,0.469,50.984,0.02,20.849,0.388,92.25,0.041,14.083,0.776,59.232,0.041,14.915,0.776,65.098,0.041,29.937,0.375,118.415,0,30.092,0.5,154.086,0.089,22.902,0.5,128.335,0.089,10.634,0.4,36.102,0,7.273,0,20.347,0.067,11.019,0,23.931,0.067,18.851,0.167,43.069,0,11.071,0.167,33.558,0,8.609,0.2,44.89,0,5.558,0.2,25.101,0,63.616,0.3,132.241,0,53.74,0.3,111.926,0
22.741,0.367,55.943,0,24.909,0.367,50.503,0.02,20.457,0.327,91.521,0.02,13.811,0.571,57.767,0.02,14.701,0.571,65.185,0.02,29.717,0.286,119.127,0.036,29.825,0.411,153.034,0.071,22.86,0.411,127.379,0.071,10.608,0.133,36.144,0,7.494,0.018,20.969,0.1,11.174,0.018,24.321,0.1,18.893,0.1,42.66,0,11.034,0.1,32.972,0,8.371,0.267,44.191,0,5.552,0.267,24.824,0,63.837,0.233,132.161,0,52.905,0.233,111.664,0
22.305,0.612,55.728,0,24.704,0.347,50.31,0,20.584,0.286,91.462,0.02,13.858,0.816,58.445,0.02,14.388,0.816,64.629,0.02,30.138,0.339,119.07,0.071,30.109,0.536,153.716,0.089,22.748,0.536,126.829,0.089,10.45,0.367,35.851,0,7.17,0,19.925,0,10.76,0,23.133,0,18.723,0.1,42.866,0,11.008,0.1,33.467,0,8.32,0.467,44.375,0,5.601,0.467,24.789,0,64.321,0.233,133.211,0.033,54.521,0.233,113.192,0.033
21.738,0.429,54.824,0.02,24.47,0.265,49.744,0.061,20.76,0.49,91.839,0.02,13.468,0.796,57.051,0.02,14.429,0.796,63.84,0.02,29.385,0.232,117.66,0.054,30.213,0.607,154.402,0,22.857,0.607,126.377,0,10.228,0.5,35.988,0,6.964,0.036,19.538,0.1,10.53,0.036,22.466,0.1,18.565,0.2,42.574,0.033,11.093,0.2,32.96,0.033,8.213,0.267,44.271,0,5.508,0.267,24.848,0,64.483,0.267,134.352,0,54.409,0.267,113.455,0
21.485,0.49,54.257,0.02,24.239,0.388,49.325,0,21.064,0.429,91.775,0,13.108,0.612,56.6,0.02,14.432,0.612,63.946,0.02,29.204,0.286,118.261,0,29.989,0.393,152.29,0.018,22.851,0.393,126.995,0.018,10.11,0.3,35.707,0,7.012,0,20.037,0.067,10.688,0,22.959,0.067,18.364,0.167,42.385,0,10.819,0.167,32.66,0,8.024,0.067,43.46,0,5.46,0.067,23.981,0,64.881,0.333,133.277,0.033,53.814,0.333,113.069,0.033
21.373,0.388,54.433,0,24.164,0.245,49.51,0.02,20.968,0.49,91.878,0,13.23,0.714,56.193,0.02,14.084,0.714,63.695,0.02,29.39,0.25,118.066,0.089,29.743,0.375,153.039,0.036,22.964,0.375,126.433,0.036,10.147,0.4,35.426,0,7.208,0,20.668,0,10.909,0,23.578,0,18.281,0.267,42.45,0,10.612,0.267,32.153,0,8.004,0.233,42.943,0,5.392,0.233,23.877,0,64.641,0.267,134.32,0,54.569,0.267,113.629,0
21.206,0.49,54.141,0.02,23.98,0.224,49.316,0,20.632,0.388,90.4,0.061,12.908,0.816,55.168,0.02,14.024,0.816,62.961,0.02,28.886,0.357,117.858,0.018,30.008,0.411,152.52,0.071,22.926,0.411,126.776,0.071,9.915,0.4,35.181,0,6.748,0,19.466,0.033,10.409,0,22.284,0.033,18.504,0.1,42.513,0,10.656,0.1,32.06,0,7.764,0.3,42.435,0,5.3,0.3,23.693,0,64.773,0.4,134.201,0,54.403,0.4,114.096,0
21.121,0.429,53.686,0.02,23.988,0.306,49.141,0,20.513,0.49,90.236,0,13.118,0.755,55.034,0.041,13.748,0.755,62.473,0.041,28.911,0.482,117.548,0.036,29.488,0.464,152.316,0.036,22.804,0.464,124.855,0.036,9.844,0.733,35.34,0,6.765,0,19.194,0.1,10.137,0,21.723,0.1,18.211,0.133,42.423,0,10.781,0.133,31.438,0,7.73,0.3,42.111,0,5.429,0.3,23.147,0,64.505,0.233,133.823,0.033,52.923,0.233,111.998,0.033
20.773,0.286,53.667,0,23.797,0.265,49.084,0,20.62,0.306,90.31,0.02,13.075,0.776,55.097,0.02,13.581,0.776,62.236,0.02,28.103,0.268,116.444,0.107,29.891,0.339,153.481,0.071,22.597,0.339,124.056,0.071,9.764,0.467,34.84,0,6.816,0.018,19.676,0.167,10.412,0.018,22.427,0.167,17.951,0.133,42.303,0,10.599,0.133,31.374,0,7.64,0.233,41.323,0.033,5.138,0.233,22.599,0.033,64.371,0.333,133.136,0,52.406,0.333,111.562,0
20.818,0.327,53.247,0.02,23.921,0.306,48.98,0.041,20.489,0.469,89.748,0.02,12.806,0.571,55.181,0.041,13.208,0.571,61.243,0.041,28.286,0.393,116.569,0.054,30.011,0.429,153.17,0.071,22.592,0.429,124.199,0.071,9.549,0.167,35.082,0,6.474,0,18.874,0,10.046,0,21.51,0,17.967,0.1,41.912,0,10.513,0.1,31.326,0,7.545,0.3,41.461,0,5.282,0.3,22.563,0,63.685,0.1,133.095,0,51.5,0.1,109.357,0
20.338,0.592,52.835,0.02,23.804,0.286,48.703,0,20.189,0.367,89.434,0,12.491,0.714,54.761,0.061,13.353,0.714,61.223,0.061,28.25,0.268,117.25,0.089,29.769,0.411,152.293,0.036,22.78,0.411,125.15,0.036,9.557,0.433,34.728,0,6.742,0,19.618,0.1,9.955,0,21.771,0.1,17.769,0.3,41.976,0,10.242,0.3,30.604,0,7.421,0.167,40.808,0,5.251,0.167,21.991,0,63.847,0.3,133.169,0,51.751,0.3,110.025,0
20.44,0.388,53.025,0,23.636,0.286,48.714,0,20.251,0.388,89.182,0.02,12.784,0.918,55.787,0,13.235,0.918,61.531,0,28.031,0.25,117.297,0.054,29.639,0.232,152.038,0.036,22.582,0.232,124.905,0.036,9.467,0.567,34.292,0,6.57,0,20.153,0.133,10.089,0,22.108,0.133,17.614,0.133,41.862,0,10.414,0.133,31.005,0,7.366,0.267,40.89,0,5.338,0.267,21.95,0,64.62,0.3,133.782,0,52.466,0.3,111.436,0
20.367,0.49,53.041,0.02,23.811,0.306,48.607,0.02,19.816,0.286,87.782,0,12.683,0.878,55.002,0.02,13.115,0.878,61.132,0.02,27.689,0.393,116.695,0.018,30.077,0.429,153.03,0.036,22.333,0.429,122.489,0.036,9.395,0.5,34.356,0,6.513,0,20.165,0.067,10.053,0,22.182,0.067,17.808,0.133,41.894,0,10.447,0.133,30.899,0,7.334,0.167,40.564,0,5.228,0.167,21.409,0,64.682,0.267,133.883,0,52.033,0.267,111.48,0
20.1,0.408,52.504,0,23.629,0.367,48.668,0.061,19.832,0.306,87.747,0.02,12.673,0.551,54.535,0,12.93,0.551,60.875,0,27.48,0.304,116.535,0.036,28.704,0.571,148.795,0,22.328,0.571,123.909,0,9.382,0.533,33.887,0,6.528,0,20.06,0.167,10.06,0,22.168,0.167,17.617,0.067,41.68,0.033,10.401,0.067,30.319,0.033,7.332,0.467,40.258,0,5.217,0.467,21.262,0,64.869,0.5,134.01,0,52.455,0.5,111.103,0
