Pgd_1-488,Pgd_1-BG,Pgd_1-568,Pgd_1-BG,Pgd_2-488,Pgd_2-BG,Pgd_2-568,Pgd_2-BG,Pgd_3-488,Pgd_3-BG,Pgd_3-568,Pgd_3-BG,Pgd_4-488,Pgd_4-BG,Pgd_4-568,Pgd_4-BG,Pgd_5-488,Pgd_5-BG,Pgd_5-568,Pgd_5-BG,Pgd_6-488,Pgd_6-BG,Pgd_6-568,Pgd_6-BG,Pgd_7-488,Pgd_7-BG,Pgd_7-568,Pgd_7-BG,Pgd_8-488,Pgd_8-BG,Pgd_8-568,Pgd_8-BG,Pgd_9-488,Pgd_9-BG,Pgd_9-568,Pgd_9-BG,Pgd_10-488,Pgd_10-BG,Pgd_10-568,Pgd_10-BG,Pgd_11-488,Pgd_11-BG,Pgd_11-568,Pgd_11-BG,Pgd_12-488,Pgd_12-BG,Pgd_12-568,Pgd_12-BG,Pgd_13-488,Pgd_13-BG,Pgd_13-568,Pgd_13-BG,Pgd_14-488,Pgd_14-BG,Pgd_14-568,Pgd_14-BG,Pgd_15-488,Pgd_15-BG,Pgd_15-568,Pgd_15-BG,Pgd_16-488,Pgd_16-BG,Pgd_16-568,Pgd_16-BG,Pgd_17-488,Pgd_17-BG,Pgd_17-568,Pgd_17-BG,Pgd_18-488,Pgd_18-BG,Pgd_18-568,Pgd_18-BG,Pgd_19-488,Pgd_19-BG,Pgd_19-568,Pgd_19-BG,Pgd_20-488,Pgd_20-BG,Pgd_20-568,Pgd_20-BG,Pgd_21-488,Pgd_21-BG,Pgd_21-568,Pgd_21-BG,Pgd_22-488,Pgd_22-BG,Pgd_22-568,Pgd_22-BG,Pgd_23-488,Pgd_23-BG,Pgd_23-568,Pgd_23-BG,Pgd_24-488,Pgd_24-BG,Pgd_24-568,Pgd_24-BG
18.405,2.127,43.043,0.71,16.5,2.127,55.156,0.71,17.91,0.688,63.676,0.22,88.261,0.688,69.592,0.22,13.548,0.486,31.633,0.122,24.322,0.486,24.876,0.122,34.191,0.464,30.934,0.122,23.09,0.464,33.883,0.122,22.829,0.059,32.296,0.032,12.801,0.023,56.296,0.011,18.705,0.023,62.272,0.011,13.964,0.023,54.874,0.011,18.092,0.271,56.653,0.076,21.679,0.271,44.33,0.076,16.531,0.271,59.702,0.076,39.002,0.025,59.721,0.003,42.776,0.025,49.548,0.003,33.503,0.275,61.402,0.209,43.436,0.022,62.602,0.012,12.789,0.079,21.24,0.028,22.32,0.035,55.233,0.018,33.314,0.253,71.024,0.159,43.758,0.008,78.715,0.01,23.316,0.008,91.898,0.01
18.824,2.23,43.1,0.652,16.879,2.23,54.773,0.652,18.317,0.654,63.475,0.222,86.585,0.654,69.313,0.222,14.015,0.521,30.879,0.111,25.942,0.521,25.67,0.111,34.594,0.45,30.799,0.106,24.212,0.45,33.384,0.106,23.05,0.046,31.825,0.03,13.187,0.008,56.4,0.006,19.2,0.008,62.302,0.006,13.701,0.008,53.807,0.006,18.621,0.226,55.443,0.081,22.387,0.226,46.038,0.081,17.018,0.226,59.892,0.081,40.283,0.03,59.107,0.01,43.952,0.03,49.141,0.01,34.346,0.253,60.076,0.185,41.55,0.021,62.348,0.009,12.635,0.067,21.012,0.022,21.746,0.026,55.17,0.01,34.06,0.238,70.909,0.182,46.119,0.016,81.396,0.005,24.704,0.016,92.695,0.005
19.31,2.198,42.913,0.679,17.113,2.198,54.127,0.679,18.749,0.578,62.935,0.175,85.936,0.578,69.792,0.175,14.118,0.508,29.646,0.115,26.565,0.508,25.675,0.115,34.436,0.456,30.588,0.11,25.08,0.456,33.001,0.11,23.976,0.031,32.043,0.029,13.71,0.025,56.418,0.025,19.88,0.025,62.374,0.025,14.174,0.025,53.888,0.025,19.193,0.241,54.976,0.055,22.662,0.241,47.144,0.055,17.531,0.241,60.167,0.055,42.084,0.017,59.435,0.023,45.116,0.017,49.056,0.023,35.602,0.243,60.109,0.206,39.499,0.02,62.16,0.018,12.578,0.073,21.09,0.028,21.293,0.028,54.906,0.021,34.536,0.243,71.05,0.166,47.294,0.009,78.827,0.01,25.28,0.009,91.188,0.01
19.59,2.267,42.577,0.731,17.284,2.267,53.416,0.731,19.298,0.561,62.678,0.199,84.559,0.561,69.723,0.199,14.49,0.52,28.961,0.124,26.145,0.52,24.834,0.124,33.728,0.4,29.962,0.084,25.7,0.4,32.368,0.084,24.506,0.041,32.018,0.031,14.249,0.008,56.389,0.002,20.737,0.008,62.472,0.002,14.686,0.008,54.24,0.002,19.45,0.25,54.635,0.059,23.014,0.25,47.783,0.059,17.942,0.25,60.439,0.059,43.847,0.026,59.657,0.014,46.204,0.026,49.152,0.014,36.798,0.263,59.84,0.197,37.774,0.029,61.982,0.018,12.612,0.073,20.859,0.022,20.806,0.031,54.837,0.015,34.85,0.241,71.136,0.129,49.662,0.015,80.208,0.009,26.628,0.015,91.84,0.009
20.613,2.25,42.83,0.714,18.258,2.25,54.484,0.714,20.048,0.615,63.712,0.22,83.624,0.615,69.103,0.22,14.773,0.515,28.328,0.121,26.417,0.515,24.893,0.121,33.117,0.434,29.883,0.089,26.583,0.434,32.302,0.089,24.861,0.017,32.088,0.021,14.713,0.015,56.256,0.013,21.301,0.015,62.551,0.013,15.058,0.015,54.088,0.013,19.747,0.25,54.427,0.06,23.33,0.25,48.684,0.06,18.504,0.25,60.462,0.06,45.61,0.03,59.595,0.014,47.023,0.03,48.948,0.014,38.36,0.281,60.382,0.191,35.928,0.015,61.734,0.013,12.465,0.089,20.586,0.03,20.368,0.038,54.649,0.016,34.87,0.22,71.07,0.15,51.238,0.022,79.926,0.013,27.502,0.022,91.668,0.013
20.894,2.316,42.666,0.708,18.485,2.316,53.732,0.708,20.847,0.573,63.324,0.224,82.873,0.573,69.786,0.224,14.639,0.523,26.948,0.11,26.916,0.523,25,0.11,32.551,0.395,29.503,0.086,27.219,0.395,31.953,0.086,25.285,0.035,32.296,0.035,15.014,0.017,56.457,0.006,21.581,0.017,62.516,0.006,15.254,0.017,54.063,0.006,19.915,0.22,53.795,0.056,23.519,0.22,49.742,0.056,18.688,0.22,60.855,0.056,47.059,0.02,59.662,0.012,47.544,0.02,48.841,0.012,39.337,0.332,60.43,0.177,34.187,0.022,61.659,0.009,12.347,0.075,20.692,0.033,19.728,0.017,54.084,0.016,34.542,0.176,70.869,0.119,52.479,0.013,78.53,0.015,28.253,0.013,90.862,0.015
21.45,2.253,42.714,0.661,18.887,2.253,53.394,0.661,21.136,0.571,63.032,0.193,81.705,0.571,69.457,0.193,14.592,0.523,25.897,0.116,26.382,0.523,24.494,0.116,31.715,0.45,29.246,0.095,27.512,0.45,31.351,0.095,25.471,0.036,32.386,0.033,15.113,0.025,56.433,0.011,21.542,0.025,62.561,0.011,15.321,0.025,54.242,0.011,20.049,0.272,53.595,0.063,23.573,0.272,50.23,0.063,19.215,0.272,61.022,0.063,48.238,0.024,59.831,0.014,47.959,0.024,48.865,0.014,40.257,0.281,60.669,0.183,32.348,0.025,61.184,0.009,12.207,0.073,20.671,0.045,19.232,0.04,53.611,0.018,34.119,0.167,70.586,0.147,53.077,0.014,76.227,0.009,29.104,0.014,89.758,0.009
21.282,2.319,41.967,0.71,18.492,2.319,51.861,0.71,21.006,0.452,62.768,0.156,81.039,0.452,70.21,0.156,15.394,0.521,26.205,0.119,27.127,0.521,25.166,0.119,31.291,0.45,28.766,0.085,28.222,0.45,31.226,0.085,25.103,0.029,32.325,0.027,14.954,0.013,56.613,0.013,21.357,0.013,62.67,0.013,15.335,0.013,54.154,0.013,19.865,0.255,53.114,0.071,23.673,0.255,51.197,0.071,19.273,0.255,61.241,0.071,49.646,0.029,60.081,0.016,48.323,0.029,49.459,0.016,40.6,0.262,59.533,0.213,30.727,0.021,60.948,0.013,12.064,0.071,20.625,0.029,18.733,0.017,52.844,0.014,33.228,0.194,69.967,0.128,52.92,0.016,72.911,0.01,29.816,0.016,87.836,0.01
21.279,2.141,41.35,0.636,18.268,2.141,50.618,0.636,20.933,0.363,62.012,0.154,79.987,0.363,70.538,0.154,15.81,0.484,25.996,0.107,26.865,0.484,24.78,0.107,31.059,0.427,28.606,0.1,28.875,0.427,31.086,0.1,24.541,0.025,32.023,0.022,14.733,0.017,56.514,0.006,20.894,0.017,62.754,0.006,15.174,0.017,53.681,0.006,19.639,0.237,52.559,0.065,23.581,0.237,51.936,0.065,19.417,0.237,61.273,0.065,50.492,0.025,60.389,0.013,48.337,0.025,49.452,0.013,40.709,0.298,58.511,0.195,28.812,0.022,60.849,0.015,11.937,0.073,20.621,0.026,18.159,0.022,51.994,0.018,32.613,0.181,69.788,0.128,54.702,0.018,73.766,0.01,30.824,0.018,88.559,0.01
21.429,2.201,41.639,0.683,18.726,2.201,50.936,0.683,21.671,0.383,62.43,0.148,78.99,0.383,69.986,0.148,16.013,0.496,25.342,0.1,26.157,0.496,23.966,0.1,30.305,0.423,28.121,0.098,29.074,0.423,30.524,0.098,24.105,0.023,31.986,0.023,14.56,0.023,56.423,0.021,20.718,0.023,62.618,0.021,15.107,0.023,53.991,0.021,19.341,0.225,51.738,0.061,23.757,0.225,52.825,0.061,19.571,0.225,61.091,0.061,51.256,0.022,60.216,0.015,48.058,0.022,49.294,0.015,41.127,0.275,58.057,0.203,27.152,0.016,60.662,0.01,11.835,0.071,20.643,0.028,17.591,0.03,51.179,0.016,32.023,0.168,69.267,0.152,57.31,0.015,76.891,0.008,32.376,0.015,89.566,0.008
21.562,2.19,41.56,0.718,18.848,2.19,51.245,0.718,21.57,0.382,62.308,0.146,77.313,0.382,70.041,0.146,16.221,0.532,24.715,0.12,26.867,0.532,24.36,0.12,30.062,0.447,27.978,0.1,29.474,0.447,30.234,0.1,23.522,0.018,31.853,0.018,14.29,0.017,56.329,0.013,20.316,0.017,62.629,0.013,14.959,0.017,53.844,0.013,19.131,0.235,50.731,0.055,23.79,0.235,53.665,0.055,19.719,0.235,60.795,0.055,51.89,0.017,60.181,0.015,48.011,0.017,49.165,0.015,41.266,0.278,57.324,0.19,25.667,0.025,60.053,0.009,11.663,0.085,20.606,0.028,17.233,0.032,50.654,0.018,31.366,0.166,68.562,0.121,55.984,0.01,72.466,0.01,32.74,0.01,87.487,0.01
21.166,2.202,41.007,0.67,18.345,2.202,49.492,0.67,21.161,0.37,61.889,0.137,75.719,0.37,70.397,0.137,15.872,0.51,23.25,0.102,27.365,0.51,24.936,0.102,29.629,0.413,27.928,0.09,29.235,0.413,29.474,0.09,22.913,0.029,31.629,0.01,14.148,0.013,56.138,0.008,20.332,0.013,62.586,0.008,15.004,0.013,53.751,0.008,18.984,0.279,50.223,0.063,23.744,0.279,53.946,0.063,19.96,0.279,60.709,0.063,52.402,0.013,60.139,0.012,47.644,0.013,49.009,0.012,41.254,0.271,56.276,0.202,24.211,0.03,59.761,0.005,11.699,0.075,20.505,0.036,16.788,0.018,49.851,0.016,30.809,0.149,68.279,0.121,55.457,0.014,70.38,0.016,33.582,0.014,86.262,0.016
21.167,2.178,41.008,0.695,18.482,2.178,49.9,0.695,21.394,0.321,62.026,0.128,74.186,0.321,70.017,0.128,16.407,0.507,23.562,0.101,25.499,0.507,22.897,0.101,29.85,0.435,28.266,0.092,29.87,0.435,29.591,0.092,21.843,0.023,30.986,0.023,14.037,0.027,56.037,0.006,20.113,0.027,62.293,0.006,14.982,0.027,53.345,0.006,19.017,0.267,49.533,0.062,23.701,0.267,54.442,0.062,20.244,0.267,60.606,0.062,52.865,0.014,59.995,0.014,47.504,0.014,48.865,0.014,41.08,0.281,55.177,0.198,22.943,0.015,59.046,0.012,11.487,0.062,20.65,0.02,16.263,0.028,49.026,0.016,30.546,0.129,67.82,0.122,58.098,0.017,72.791,0.012,34.731,0.017,87.227,0.012
21.426,2.139,41.476,0.719,19.163,2.139,50.798,0.719,21.586,0.393,62.25,0.149,72.638,0.393,69.75,0.149,16.669,0.526,23.149,0.11,26.851,0.526,24.102,0.11,29.822,0.406,27.824,0.086,30.204,0.406,29.353,0.086,21.516,0.021,31.091,0.016,13.923,0.025,55.781,0.015,19.968,0.025,62.183,0.015,14.895,0.025,53.278,0.015,18.759,0.26,48.485,0.067,24.023,0.26,55.351,0.067,20.572,0.26,60.338,0.067,53.325,0.024,59.973,0.02,47.239,0.024,48.804,0.02,41.344,0.256,54.812,0.167,21.957,0.024,58.907,0.013,11.411,0.059,20.698,0.033,15.934,0.036,48.675,0.024,30.268,0.159,67.443,0.091,60.515,0.017,75.287,0.014,36.34,0.017,88.861,0.014
21.228,2.123,41.2,0.722,19.166,2.123,50.888,0.722,21.463,0.389,62.429,0.154,70.561,0.389,69.451,0.154,17.076,0.504,23.004,0.102,25.068,0.504,22.432,0.102,29.345,0.434,27.715,0.088,30.199,0.434,29.066,0.088,20.873,0.018,30.855,0.017,13.809,0.023,55.296,0.017,19.855,0.023,61.809,0.017,14.694,0.023,52.692,0.017,18.641,0.227,47.592,0.063,24.564,0.227,56.659,0.063,20.932,0.227,60.205,0.063,53.653,0.038,59.909,0.012,47.389,0.038,48.671,0.012,41.484,0.287,54.184,0.191,20.703,0.021,58.592,0.009,11.315,0.07,20.529,0.03,15.678,0.021,48.378,0.018,30.011,0.164,67.348,0.108,62.779,0.017,77.395,0.009,37.666,0.017,89.745,0.009
21.117,2.072,41.35,0.715,19.155,2.072,50.814,0.715,21.237,0.408,62.161,0.145,68.902,0.408,69.097,0.145,17.776,0.511,23.143,0.098,26.504,0.511,23.879,0.098,29.086,0.436,27.299,0.083,30.822,0.436,29.226,0.083,20.839,0.021,31.132,0.018,13.807,0.023,55.432,0.008,19.823,0.023,61.511,0.008,14.894,0.023,52.798,0.008,18.597,0.232,47.059,0.058,24.806,0.232,57.5,0.058,21.444,0.232,60.329,0.058,53.922,0.025,59.897,0.015,47.258,0.025,48.6,0.015,41.519,0.291,53.7,0.2,19.557,0.014,58.194,0.016,11.212,0.063,20.426,0.024,15.469,0.033,48.093,0.016,29.783,0.16,66.633,0.111,64.53,0.012,79.012,0.01,39.015,0.012,90.369,0.01
20.959,2.152,41.077,0.725,19.046,2.152,49.989,0.725,21.194,0.387,62.164,0.151,67.147,0.387,69.381,0.151,17.474,0.525,22.317,0.125,27.449,0.525,24.762,0.125,28.849,0.396,26.893,0.08,30.188,0.396,28.373,0.08,20.013,0.014,30.574,0.017,13.635,0.023,54.725,0.017,19.622,0.023,61.155,0.017,14.812,0.023,51.619,0.017,18.756,0.237,46.793,0.052,25.166,0.237,57.511,0.052,22.033,0.237,60.419,0.052,54.177,0.02,59.704,0.016,47.232,0.02,48.606,0.016,41.611,0.303,53.572,0.234,18.404,0.014,57.635,0.015,11.179,0.063,20.456,0.03,15.102,0.023,47.802,0.008,29.622,0.146,66.156,0.116,65.851,0.013,79.986,0.009,40.289,0.013,90.9,0.009
20.738,2.1,40.919,0.709,18.872,2.1,49.575,0.709,20.904,0.353,61.825,0.137,65.107,0.353,69.075,0.137,17.796,0.501,22.204,0.107,27.413,0.501,24.631,0.107,28.878,0.415,27.156,0.08,30.331,0.415,28.256,0.08,19.215,0.009,29.952,0.017,13.567,0.011,54.517,0.017,19.603,0.011,60.821,0.017,14.877,0.011,51.748,0.017,19.095,0.252,46.599,0.06,25.61,0.252,57.67,0.06,22.721,0.252,60.52,0.06,54.468,0.017,59.91,0.013,47.083,0.017,48.602,0.013,41.331,0.263,52.399,0.205,17.487,0.017,57.424,0.008,11.179,0.068,20.389,0.021,15.091,0.031,47.583,0.017,29.707,0.119,66.176,0.106,66.175,0.009,79.091,0.009,40.947,0.009,90.248,0.009
20.963,2.221,41.116,0.701,19.213,2.221,50.391,0.701,21.224,0.388,62.315,0.142,63.58,0.388,68.902,0.142,17.636,0.521,21.351,0.124,27.538,0.521,24.629,0.124,28.481,0.433,26.608,0.08,30.179,0.433,27.861,0.08,18.756,0.016,29.684,0.013,13.771,0.013,54.523,0.011,19.974,0.013,60.909,0.011,15.172,0.013,51.7,0.011,18.811,0.23,45.727,0.069,26.439,0.23,59.75,0.069,23.231,0.23,60.183,0.069,54.211,0.018,59.656,0.02,46.952,0.018,48.518,0.02,40.764,0.252,51.539,0.218,16.693,0.016,57.258,0.014,11.141,0.067,20.26,0.021,14.769,0.023,47.556,0.018,29.64,0.142,65.923,0.1,66.481,0.012,77.7,0.01,41.929,0.012,89.378,0.01
20.835,2.091,40.979,0.721,19.185,2.091,50.227,0.721,21.405,0.403,62.047,0.147,61.67,0.403,68.483,0.147,17.587,0.491,20.952,0.11,27.421,0.491,24.598,0.11,28.585,0.374,26.459,0.095,30.018,0.374,27.479,0.095,18.63,0.014,29.586,0.019,13.925,0.017,54.561,0.011,20.477,0.017,61.225,0.011,15.561,0.017,51.917,0.011,18.885,0.238,45.029,0.067,27.033,0.238,60.496,0.067,23.81,0.238,60.098,0.067,54.369,0.03,59.342,0.013,46.713,0.03,48.407,0.013,40.659,0.278,50.639,0.215,16.007,0.022,57.109,0.015,11.161,0.065,20.271,0.023,14.674,0.021,47.313,0.016,29.732,0.143,65.515,0.114,63.319,0.014,72.719,0.006,41.735,0.014,87.042,0.006
20.542,2.07,40.819,0.704,18.798,2.07,49.493,0.704,21.065,0.333,61.647,0.151,60.074,0.333,68.813,0.151,17.313,0.499,20.232,0.086,25.226,0.499,22.307,0.086,28.269,0.43,26.347,0.074,29.456,0.43,26.941,0.074,18.527,0.012,29.768,0.007,13.991,0.013,54.397,0.008,20.552,0.013,60.736,0.008,15.731,0.013,51.349,0.008,18.813,0.222,44.591,0.052,27.775,0.222,61.74,0.052,24.41,0.222,60.213,0.052,54.259,0.028,59.456,0.01,46.657,0.028,48.333,0.01,40.292,0.27,50.031,0.271,15.281,0.028,56.63,0.008,11.108,0.089,20.288,0.031,14.566,0.017,47.172,0.01,29.72,0.143,65.299,0.094,63.099,0.021,71.832,0.016,42.418,0.021,86.627,0.016
20.848,2.139,41.297,0.71,19.375,2.139,50.492,0.71,21.288,0.376,62.296,0.15,58.251,0.376,68.554,0.15,18.161,0.469,20.979,0.112,25.206,0.469,22.463,0.112,28.543,0.46,26.491,0.087,30.189,0.46,27.369,0.087,18.585,0.015,29.86,0.016,13.943,0.034,53.922,0.015,20.441,0.034,60.692,0.015,15.754,0.034,51.212,0.015,18.765,0.259,43.712,0.063,28.431,0.259,62.4,0.063,24.877,0.259,60.031,0.063,54.655,0.021,59.553,0.012,46.726,0.021,48.185,0.012,40.537,0.23,50.126,0.215,14.634,0.026,56.393,0.008,11.08,0.051,20.049,0.037,14.373,0.026,46.879,0.024,29.726,0.137,64.899,0.122,65.54,0.021,73.99,0.014,43.981,0.021,87.961,0.014
20.611,2.073,40.96,0.673,18.964,2.073,49.552,0.673,21.061,0.371,61.957,0.146,56.853,0.371,68.268,0.146,17.378,0.501,19.882,0.096,28.111,0.501,25.004,0.096,28.033,0.408,26.093,0.073,29.274,0.408,26.374,0.073,18.804,0.014,30.248,0.018,14.01,0.013,53.481,0.015,20.528,0.013,60.026,0.015,15.68,0.013,50.553,0.015,18.928,0.227,43.569,0.035,29.164,0.227,63.038,0.035,25.388,0.227,60.158,0.035,54.814,0.02,59.638,0.012,46.925,0.02,48.215,0.012,40.868,0.274,49.847,0.232,13.778,0.028,55.889,0.007,11.143,0.073,20.154,0.026,14.348,0.023,46.644,0.01,29.636,0.109,64.366,0.086,64.953,0.014,73.305,0.018,44.627,0.014,87.296,0.018
20.432,2.078,40.873,0.722,18.961,2.078,49.345,0.722,21.146,0.344,62.096,0.148,55.34,0.344,68.255,0.148,17.312,0.491,19.366,0.095,27.113,0.491,24.163,0.095,28.102,0.406,26.334,0.081,29.364,0.406,26.383,0.081,18.637,0.018,29.92,0.011,14.068,0.017,53.117,0.008,20.734,0.017,59.825,0.008,16.14,0.017,50.468,0.008,18.864,0.221,43.206,0.058,29.753,0.221,63.856,0.058,25.999,0.221,60.223,0.058,54.92,0.017,59.446,0.015,46.745,0.017,48.12,0.015,40.565,0.303,49.45,0.215,13.613,0.033,55.848,0.007,11.169,0.067,20.037,0.02,14.222,0.021,46.267,0.014,29.589,0.115,63.506,0.092,61.21,0.005,68.062,0.006,44.179,0.005,84.992,0.006
20.512,2.11,40.868,0.689,18.99,2.11,49.352,0.689,21.166,0.34,61.975,0.133,54.316,0.34,68.528,0.133,18.068,0.504,20.029,0.09,28.165,0.504,24.807,0.09,28.21,0.39,26.247,0.083,29.721,0.39,26.474,0.083,18.645,0.011,30.071,0.015,14.104,0.011,52.645,0.021,20.915,0.011,59.336,0.021,16.242,0.011,50.128,0.021,18.925,0.229,42.663,0.05,30.571,0.229,64.605,0.05,26.622,0.229,60.048,0.05,54.775,0.029,59.22,0.014,46.658,0.029,47.924,0.014,40.041,0.22,48.406,0.214,13.387,0.023,55.835,0.007,11.147,0.069,20.146,0.025,14.138,0.04,46.021,0.02,29.604,0.142,63.432,0.089,61.349,0.013,67.673,0.008,45.095,0.013,84.334,0.008
20.429,2.095,40.584,0.644,18.892,2.095,48.878,0.644,21.235,0.352,61.77,0.14,52.498,0.352,68.376,0.14,18.293,0.497,19.809,0.11,28.022,0.497,24.785,0.11,28.437,0.369,26.204,0.085,29.748,0.369,26.393,0.085,18.488,0.018,29.996,0.014,14.286,0.015,52.565,0.006,20.967,0.015,59.201,0.006,16.636,0.015,49.642,0.006,19.052,0.229,42.471,0.059,31.288,0.229,64.986,0.059,27.207,0.229,59.978,0.059,54.319,0.021,58.866,0.012,46.34,0.021,47.676,0.012,39.367,0.237,47.368,0.233,12.848,0.013,55.682,0.013,11.112,0.074,20.05,0.02,14.038,0.024,45.593,0.021,29.605,0.111,62.96,0.093,62.025,0.017,68.046,0.008,46.06,0.017,84.869,0.008
20.337,2.149,40.435,0.67,18.662,2.149,47.903,0.67,20.986,0.322,61.597,0.124,51.136,0.322,68.447,0.124,18.229,0.47,19.594,0.107,27.759,0.47,24.452,0.107,28.374,0.409,26.044,0.085,29.512,0.409,26.187,0.085,18.495,0.018,29.803,0.012,14.594,0.019,52.441,0.021,21.621,0.019,59.187,0.021,17.057,0.019,50.001,0.021,18.883,0.24,41.716,0.039,32.277,0.24,66.388,0.039,27.405,0.24,59.722,0.039,54.177,0.015,58.694,0.016,46.164,0.015,47.522,0.016,39.166,0.27,47.081,0.237,12.449,0.017,55.02,0.013,11.194,0.068,20.108,0.03,13.906,0.033,45.326,0.013,29.862,0.111,62.845,0.09,58.638,0.022,64.041,0.007,45.781,0.022,82.144,0.007
20.1,2.035,39.86,0.659,18.282,2.035,47.055,0.659,20.945,0.275,61.196,0.104,50.111,0.275,68.576,0.104,17.958,0.468,19.343,0.107,28.175,0.468,24.68,0.107,28.395,0.408,25.959,0.085,29.456,0.408,26.018,0.085,18.549,0.014,29.743,0.011,14.705,0.023,52.569,0.013,21.775,0.023,59.062,0.013,17.307,0.023,49.791,0.013,19.062,0.23,41.784,0.055,32.855,0.23,65.822,0.055,28.033,0.23,60.113,0.055,54.086,0.022,58.159,0.012,46.027,0.022,47.354,0.012,38.915,0.259,46.306,0.225,12.174,0.028,55.059,0.01,11.09,0.06,20.194,0.03,13.831,0.026,45.024,0.014,29.763,0.113,62.169,0.09,60.211,0.015,65.454,0.018,47.128,0.015,83.145,0.018
20.205,2.05,39.868,0.665,18.221,2.05,46.398,0.665,20.771,0.28,60.884,0.107,48.963,0.28,68.641,0.107,17.923,0.478,18.879,0.098,28.231,0.478,24.816,0.098,28.234,0.392,25.761,0.083,29.621,0.392,26.047,0.083,18.459,0.019,29.733,0.008,14.898,0.008,52.183,0.021,21.944,0.008,58.975,0.021,17.506,0.008,49.365,0.021,19.064,0.21,41.505,0.063,33.683,0.21,66.705,0.063,28.451,0.21,59.877,0.063,53.917,0.018,58.109,0.014,46.013,0.018,47.294,0.014,38.598,0.258,45.746,0.2,11.958,0.022,54.98,0.014,11.17,0.053,20.202,0.022,13.749,0.024,44.567,0.016,29.914,0.086,61.664,0.081,61.309,0.013,65.789,0.006,48.049,0.013,83.589,0.006
20.242,2.06,39.675,0.672,18.411,2.06,46.427,0.672,20.807,0.293,61.003,0.124,47.902,0.293,68.427,0.124,18.358,0.46,19.212,0.09,28.534,0.46,24.914,0.09,28.52,0.441,26.137,0.089,29.618,0.441,25.889,0.089,18.138,0.02,29.213,0.016,15.019,0.023,52.124,0.021,22.381,0.023,58.711,0.021,17.836,0.023,49.286,0.021,18.948,0.222,40.663,0.062,34.428,0.222,67.814,0.062,28.761,0.222,59.443,0.062,53.729,0.02,57.991,0.016,45.814,0.02,47.031,0.016,38.515,0.289,45.558,0.222,11.694,0.022,54.805,0.008,11.198,0.061,20.162,0.038,13.677,0.037,44.489,0.008,29.951,0.131,61.672,0.07,59.913,0.02,64.053,0.006,48.29,0.02,82.502,0.006
20.472,2.056,39.618,0.716,18.685,2.056,46.78,0.716,21.376,0.284,61.354,0.132,47.154,0.284,67.89,0.132,17.833,0.499,18.556,0.119,28.669,0.499,24.881,0.119,28.133,0.4,25.544,0.076,28.962,0.4,25.275,0.076,18.289,0.014,29.366,0.012,15.209,0.023,51.967,0.017,22.596,0.023,58.751,0.017,18.336,0.023,49.365,0.017,19.039,0.215,40.254,0.058,35.048,0.215,68.084,0.058,28.99,0.215,59.529,0.058,53.441,0.02,57.683,0.008,45.867,0.02,46.976,0.008,38.218,0.244,44.906,0.206,11.17,0.023,53.98,0.008,11.21,0.07,19.898,0.03,13.624,0.028,44.266,0.02,29.924,0.111,60.792,0.076,59.811,0.018,63.796,0.009,49.39,0.018,82.381,0.009
20.605,2.083,39.633,0.708,18.767,2.083,46.727,0.708,21.68,0.303,61.318,0.12,46.115,0.303,68.449,0.12,17.778,0.487,18.317,0.093,28.884,0.487,24.978,0.093,28.216,0.398,25.708,0.09,29.01,0.398,25.168,0.09,18.451,0.018,29.386,0.019,15.414,0.015,52.084,0.013,22.919,0.015,58.613,0.013,18.649,0.015,49.134,0.013,19.061,0.211,40.067,0.061,35.965,0.211,68.402,0.061,29.5,0.211,59.338,0.061,53.431,0.018,57.504,0.007,45.752,0.018,46.752,0.007,37.924,0.233,44.488,0.204,10.959,0.021,53.654,0.013,11.256,0.075,20.003,0.028,13.59,0.038,44.303,0.008,29.888,0.099,60.31,0.067,54.367,0.012,57.45,0.009,48.132,0.012,78.426,0.009
20.72,2.132,39.739,0.733,18.954,2.132,46.488,0.733,21.677,0.272,61.2,0.119,44.95,0.272,67.973,0.119,17.642,0.498,18.114,0.097,28.7,0.498,24.787,0.097,28.401,0.393,25.445,0.086,28.955,0.393,24.995,0.086,18.203,0.026,29.032,0.013,15.618,0.017,51.681,0.006,23.037,0.017,58.725,0.006,18.966,0.017,49.155,0.006,18.725,0.165,39.45,0.067,36.643,0.165,68.809,0.067,29.527,0.165,58.764,0.067,53.294,0.03,57.265,0.013,45.565,0.03,46.716,0.013,37.793,0.224,44.144,0.205,10.838,0.016,53.644,0.003,11.37,0.055,19.934,0.02,13.625,0.032,44.195,0.01,30.02,0.086,60.147,0.066,57.901,0.012,60.965,0.015,50.507,0.012,80.71,0.015
21.103,2.047,39.916,0.659,19.549,2.047,47.374,0.659,22.396,0.294,61.587,0.121,44.251,0.294,67.541,0.121,17.886,0.505,18.099,0.105,28.971,0.505,25.033,0.105,28.466,0.361,25.587,0.07,28.766,0.361,24.679,0.07,18.409,0.018,29.321,0.018,15.788,0.013,51.324,0.008,23.353,0.013,58.451,0.008,19.209,0.013,48.772,0.008,19.025,0.206,39.411,0.062,37.421,0.206,69.036,0.062,30.05,0.206,59.108,0.062,53.343,0.024,57.176,0.009,45.567,0.024,46.434,0.009,37.476,0.248,43.403,0.207,10.699,0.017,53.342,0.008,11.329,0.063,19.842,0.012,13.575,0.029,44.026,0.012,29.842,0.098,59.16,0.084,55.816,0.014,58.479,0.016,50.506,0.014,79.316,0.016
21.578,1.989,40.202,0.709,20.075,1.989,48.115,0.709,22.745,0.38,61.558,0.116,43.166,0.38,67.297,0.116,17.679,0.484,17.783,0.112,28.686,0.484,24.592,0.112,28.679,0.358,25.715,0.071,28.879,0.358,24.673,0.071,18.356,0.015,29.176,0.012,16.003,0.017,51.519,0.025,23.674,0.017,58.234,0.025,19.518,0.017,48.915,0.025,19.04,0.24,39.128,0.065,38.066,0.24,69.199,0.065,30.41,0.24,59.04,0.065,52.724,0.012,56.601,0.013,45.383,0.012,46.188,0.013,36.892,0.283,42.765,0.183,10.619,0.02,53.455,0.009,11.449,0.063,19.992,0.03,13.536,0.032,43.701,0.018,29.94,0.089,59.158,0.075,53.183,0.015,55.465,0.016,50.262,0.015,77.35,0.016
21.344,2.12,39.863,0.686,19.874,2.12,47.105,0.686,22.981,0.304,61.44,0.125,42.202,0.304,67.057,0.125,17.619,0.476,17.656,0.101,28.66,0.476,24.552,0.101,28.771,0.368,25.65,0.078,28.798,0.368,24.543,0.078,18.452,0.018,29.206,0.009,16.163,0.021,51.26,0.017,23.941,0.021,58.168,0.017,19.706,0.021,48.657,0.017,19.204,0.228,38.994,0.053,38.591,0.228,69.374,0.053,30.63,0.228,59.087,0.053,52.397,0.023,55.905,0.012,45.087,0.023,45.731,0.012,36.527,0.266,42.084,0.206,10.572,0.03,53.352,0.007,11.439,0.076,19.962,0.039,13.53,0.028,43.563,0.012,30.141,0.121,58.829,0.068,53.883,0.01,55.82,0.013,51.457,0.01,77.369,0.013
21.343,2.066,39.704,0.72,19.691,2.066,46.686,0.72,23.318,0.314,61.166,0.129,41.805,0.314,67.006,0.129,18.475,0.462,18.491,0.11,28.718,0.462,24.292,0.11,29.235,0.39,25.988,0.068,29.364,0.39,24.942,0.068,18.407,0.013,28.962,0.017,16.251,0.013,50.918,0.017,23.872,0.013,57.929,0.017,19.872,0.013,48.447,0.017,19.196,0.204,38.799,0.063,39.349,0.204,69.607,0.063,31.009,0.204,58.983,0.063,52.552,0.018,55.794,0.01,45.026,0.018,45.611,0.01,36.423,0.25,41.488,0.218,10.243,0.028,52.904,0.021,11.523,0.062,19.979,0.026,13.507,0.032,43.239,0.008,30.063,0.094,58.248,0.069,52.055,0.012,53.493,0.012,51.599,0.012,76.016,0.012
22.259,2.073,40.714,0.707,21.292,2.073,49.349,0.707,24.035,0.318,62.291,0.121,40.971,0.318,66.14,0.121,18.102,0.455,17.984,0.104,29.061,0.455,24.713,0.104,29.046,0.358,25.634,0.06,28.962,0.358,24.43,0.06,18.196,0.017,28.679,0.015,16.517,0.017,50.634,0.008,24.075,0.017,57.708,0.008,20.114,0.017,48.068,0.008,19.339,0.212,38.763,0.065,40.047,0.212,69.642,0.065,31.315,0.212,59.243,0.065,51.905,0.021,55.056,0.013,44.739,0.021,45.186,0.013,35.913,0.24,40.814,0.198,10.133,0.021,52.648,0.007,11.66,0.06,19.918,0.025,13.46,0.023,42.973,0.022,30.194,0.089,58.331,0.052,53.094,0.013,54.448,0.007,52.798,0.013,76.709,0.007
21.906,2.054,39.874,0.704,20.67,2.054,47.486,0.704,24.045,0.336,61.693,0.119,40.177,0.336,66.17,0.119,17.724,0.469,17.38,0.114,29.123,0.469,24.789,0.114,29.153,0.403,25.671,0.08,28.975,0.403,24.383,0.08,18.365,0.019,28.926,0.017,16.64,0.011,50.181,0.025,24.353,0.011,57.339,0.025,20.211,0.011,47.949,0.025,19.24,0.232,38.357,0.046,40.648,0.232,69.919,0.046,31.627,0.232,58.954,0.046,51.095,0.021,54.256,0.015,44.08,0.021,44.433,0.015,35.245,0.25,39.741,0.222,10.076,0.018,52.651,0.016,11.755,0.056,19.884,0.017,13.412,0.025,42.634,0.01,30.566,0.113,58.479,0.091,57.182,0.017,58.296,0.008,55.466,0.017,78.855,0.008
21.805,2.016,39.53,0.691,20.327,2.016,46.502,0.691,24.045,0.304,61.394,0.117,39.393,0.304,66.736,0.117,17.602,0.495,17.109,0.115,29.732,0.495,25.012,0.115,29.639,0.391,25.709,0.078,28.888,0.391,24.245,0.078,18.323,0.024,28.65,0.016,16.756,0.011,50.243,0.006,24.352,0.011,57.025,0.006,20.505,0.011,47.823,0.006,19.329,0.217,38.383,0.066,40.993,0.217,69.938,0.066,32.002,0.217,59.195,0.066,50.491,0.017,53.504,0.018,43.634,0.017,44.058,0.018,34.546,0.226,38.661,0.187,10.008,0.032,52.688,0.015,11.716,0.074,19.926,0.015,13.362,0.03,42.393,0.021,30.45,0.091,57.631,0.069,52.877,0.013,53.797,0.017,54.452,0.013,76.04,0.017
21.738,2.018,39.004,0.688,20.082,2.018,45.704,0.688,24.388,0.257,60.947,0.107,38.574,0.257,67.158,0.107,17.896,0.477,17.449,0.095,28.632,0.477,24.154,0.095,29.963,0.413,26.277,0.065,28.989,0.413,24.272,0.065,17.965,0.016,28.316,0.017,17.052,0.011,50.308,0.011,24.738,0.011,57.255,0.011,20.711,0.011,47.926,0.011,19.472,0.203,38.006,0.066,41.604,0.203,69.949,0.066,32.262,0.203,59.2,0.066,51.356,0.02,54.07,0.014,44.353,0.02,44.289,0.014,35.727,0.262,39.644,0.205,9.993,0.017,52.339,0.013,11.757,0.063,19.849,0.029,13.519,0.03,42.672,0.012,30.528,0.091,57.809,0.066,53.3,0.015,54.207,0.007,55.481,0.015,76.37,0.007
22.278,2.025,39.542,0.692,20.757,2.025,46.764,0.692,25.025,0.297,61.663,0.132,38.139,0.297,66.321,0.132,17.823,0.469,17.301,0.117,28.795,0.469,24.136,0.117,30.2,0.405,26.179,0.077,28.904,0.405,24.109,0.077,17.993,0.023,28.081,0.021,17.141,0.015,49.855,0.013,24.628,0.015,56.692,0.013,20.847,0.015,47.484,0.013,19.772,0.215,38.364,0.061,42.085,0.215,70,0.061,32.697,0.215,59.633,0.061,51.537,0.028,54.011,0.017,44.282,0.028,44.284,0.017,35.401,0.257,39.438,0.203,9.823,0.026,52.434,0.01,11.786,0.071,19.876,0.016,13.447,0.03,42.085,0.013,30.626,0.081,57.412,0.065,53.158,0.009,53.817,0.014,56.51,0.009,76.434,0.014
22.249,2.04,39.293,0.698,20.66,2.04,45.918,0.698,25.266,0.28,61.327,0.102,37.43,0.28,66.915,0.102,18.301,0.464,17.687,0.108,27.161,0.464,22.514,0.108,29.122,0.419,25.168,0.071,29.4,0.419,24.363,0.071,17.871,0.014,28.01,0.021,17.298,0.019,49.53,0.015,24.644,0.019,56.463,0.015,20.987,0.019,47.489,0.015,19.769,0.224,38.151,0.053,42.743,0.224,70.231,0.053,32.869,0.224,59.647,0.053,51.94,0.025,54.36,0.017,44.575,0.025,44.573,0.017,35.562,0.245,39.491,0.214,9.93,0.022,52.756,0.015,11.931,0.047,20.061,0.016,13.213,0.029,41.372,0.015,30.559,0.116,57.241,0.062,55.26,0.009,55.841,0.014,58.161,0.009,77.496,0.014
22.196,1.95,38.93,0.702,20.717,1.95,45.425,0.702,25.729,0.277,61.194,0.097,36.739,0.277,66.644,0.097,18.491,0.453,17.974,0.102,27.879,0.453,23.314,0.102,29.246,0.405,24.982,0.074,29.65,0.405,24.425,0.074,17.658,0.023,27.732,0.016,17.437,0.013,48.996,0.013,24.543,0.013,56.066,0.013,21.008,0.013,47.342,0.013,19.971,0.222,38.101,0.063,43.379,0.222,70.167,0.063,33.288,0.222,59.835,0.063,52.508,0.025,54.886,0.016,44.731,0.025,44.84,0.016,35.805,0.204,39.563,0.199,9.869,0.018,52.557,0.017,11.946,0.062,20.045,0.015,13.382,0.025,41.364,0.02,30.624,0.079,57.147,0.073,57.955,0.014,58.348,0.005,60.59,0.014,79.009,0.005
22.441,1.953,38.924,0.698,20.776,1.953,45.071,0.698,26.193,0.274,61.029,0.1,35.972,0.274,66.542,0.1,18.678,0.423,17.884,0.091,28.422,0.423,23.544,0.091,29.587,0.414,25.229,0.078,29.357,0.414,24.005,0.078,17.531,0.016,27.626,0.019,17.528,0.017,48.963,0.021,24.645,0.017,55.703,0.021,21.114,0.017,47.18,0.021,20.232,0.212,38.457,0.077,43.621,0.212,69.928,0.077,33.845,0.212,60.114,0.077,52.875,0.017,54.969,0.009,44.794,0.017,44.961,0.009,35.748,0.25,39.783,0.179,9.673,0.02,52.138,0.012,12.075,0.056,20.091,0.018,13.32,0.021,40.855,0.017,30.686,0.097,56.736,0.065,56.888,0.008,56.858,0.021,61.024,0.008,78.014,0.021
22.513,2.011,38.536,0.716,20.68,2.011,44.638,0.716,26.564,0.25,61.086,0.092,35.238,0.25,66.666,0.092,17.973,0.469,17.116,0.105,29.907,0.469,24.662,0.105,29.419,0.37,25.189,0.059,28.847,0.37,23.561,0.059,17.671,0.019,27.732,0.016,17.572,0.008,48.38,0.008,24.475,0.008,55.381,0.008,21.346,0.008,46.752,0.008,20.165,0.222,38.102,0.044,44.165,0.222,70.127,0.044,33.904,0.222,59.907,0.044,53.087,0.017,55.4,0.012,44.884,0.017,45.289,0.012,35.947,0.229,39.804,0.212,9.572,0.03,52.01,0.009,12.186,0.067,20.013,0.024,13.409,0.03,40.842,0.014,30.845,0.094,57.039,0.066,57.827,0.02,57.614,0.006,62.315,0.02,78.244,0.006
22.586,2.053,38.607,0.725,21.006,2.053,44.444,0.725,27.104,0.274,60.932,0.085,35.078,0.274,66.315,0.085,17.194,0.482,16.042,0.099,30.215,0.482,25.038,0.099,29.632,0.34,25.103,0.064,28.481,0.34,22.973,0.064,17.55,0.014,27.551,0.011,17.593,0.015,47.677,0.006,24.53,0.015,54.585,0.006,21.239,0.015,46.405,0.006,20.125,0.234,37.842,0.044,44.628,0.234,70.611,0.044,34.161,0.234,59.75,0.044,52.984,0.029,55.426,0.014,44.605,0.029,45.266,0.014,35.813,0.229,39.644,0.217,9.443,0.028,51.348,0.015,12.191,0.062,19.938,0.018,13.526,0.017,40.897,0.017,30.804,0.091,56.711,0.068,54.094,0.01,54.089,0.009,61.191,0.01,76.064,0.009
23.173,1.984,38.825,0.698,21.257,1.984,44.778,0.698,27.622,0.279,61.161,0.105,34.344,0.279,66.01,0.105,17.216,0.464,16.077,0.117,30.377,0.464,24.991,0.117,29.351,0.343,24.849,0.07,28.664,0.343,23.128,0.07,17.632,0.017,27.405,0.021,17.696,0.027,47.54,0.008,24.437,0.027,54.528,0.008,21.4,0.027,46.234,0.008,20.212,0.219,37.746,0.047,45.061,0.219,70.525,0.047,34.237,0.219,59.815,0.047,53.616,0.02,55.896,0.012,45.088,0.02,45.598,0.012,36.363,0.234,40.245,0.22,9.486,0.028,51.262,0.009,12.243,0.061,19.998,0.024,13.613,0.016,40.91,0.015,30.755,0.101,56.324,0.078,52.288,0.009,52.142,0.008,60.897,0.009,74.812,0.008
22.854,2.016,38.067,0.701,20.937,2.016,43.752,0.701,28.036,0.228,60.382,0.107,33.678,0.228,66.107,0.107,17.17,0.447,15.852,0.102,30.395,0.447,24.931,0.102,29.399,0.321,25.058,0.073,28.55,0.321,23.006,0.073,17.795,0.018,27.553,0.013,17.864,0.013,47.323,0.013,24.377,0.013,54.059,0.013,21.401,0.013,46.131,0.013,20.259,0.203,37.818,0.068,45.407,0.203,70.581,0.068,34.617,0.203,60.056,0.068,53.44,0.028,56.008,0.012,44.723,0.028,45.589,0.012,35.941,0.263,39.946,0.2,9.512,0.023,51.784,0.013,12.401,0.074,19.944,0.028,13.642,0.009,40.564,0.017,30.991,0.083,56.328,0.075,47.799,0.015,47.669,0.015,58.824,0.015,71.731,0.015
23.348,1.946,38.568,0.703,21.549,1.946,44.382,0.703,28.803,0.265,60.869,0.107,33.607,0.265,65.934,0.107,17.197,0.489,15.843,0.095,27.848,0.489,22.848,0.095,29.005,0.361,24.415,0.073,28.575,0.361,22.841,0.073,17.637,0.016,27.352,0.015,17.941,0.025,46.666,0.004,24.235,0.025,53.54,0.004,21.502,0.025,46.054,0.004,20.12,0.213,37.269,0.07,46.04,0.213,71.18,0.07,34.461,0.213,59.703,0.07,53.793,0.02,56.034,0.006,44.712,0.02,45.661,0.006,36.097,0.247,39.822,0.24,9.303,0.012,51.003,0.014,12.415,0.05,19.897,0.029,13.664,0.036,40.285,0.021,30.832,0.099,55.861,0.063,45.604,0.014,45.337,0.006,58.167,0.014,70.501,0.006
23.659,1.969,38.619,0.73,21.661,1.969,44.354,0.73,29.326,0.294,60.834,0.108,33.01,0.294,65.82,0.108,17.162,0.459,15.838,0.095,30.737,0.459,25.042,0.095,30.195,0.389,25.172,0.073,28.702,0.389,22.754,0.073,17.757,0.014,27.339,0.011,17.965,0.015,46.356,0.011,24.202,0.015,53.077,0.011,21.279,0.015,45.414,0.011,20.107,0.236,37.126,0.055,46.4,0.236,71.161,0.055,34.598,0.236,59.633,0.055,53.946,0.018,55.954,0.014,44.559,0.018,45.658,0.014,36.032,0.225,39.589,0.213,9.186,0.025,50.742,0.009,12.579,0.047,20.036,0.014,13.646,0.014,40.106,0.023,30.872,0.073,55.842,0.055,46.967,0.015,46.75,0.009,59.916,0.015,71.14,0.009
23.668,2.057,38.381,0.674,21.676,2.057,43.763,0.674,29.776,0.23,60.577,0.1,32.29,0.23,65.61,0.1,17.282,0.472,16.006,0.114,30.161,0.472,24.399,0.114,29.758,0.371,24.725,0.057,28.635,0.371,22.703,0.057,17.971,0.018,27.548,0.014,18.112,0.013,46.25,0.008,24.239,0.013,52.81,0.008,21.663,0.013,45.789,0.008,20.336,0.199,37.399,0.047,46.712,0.199,71.198,0.047,35.216,0.199,60.006,0.047,54.368,0.03,56.467,0.015,44.832,0.03,45.78,0.015,36.113,0.26,39.543,0.202,9.241,0.022,50.444,0.013,12.555,0.052,20.037,0.03,13.676,0.025,39.745,0.01,30.876,0.1,55.576,0.065,48.502,0.01,48.303,0.014,61.218,0.01,72.369,0.014
23.807,2.023,38.288,0.681,21.85,2.023,43.596,0.681,30.283,0.251,60.441,0.119,32.07,0.251,65.832,0.119,17.349,0.435,16.077,0.082,31.507,0.435,25.347,0.082,29.453,0.372,24.348,0.06,28.531,0.372,22.496,0.06,17.903,0.016,27.509,0.014,18.218,0.017,45.971,0.008,24.218,0.017,52.436,0.008,21.773,0.017,45.61,0.008,20.29,0.206,37.147,0.06,47.324,0.206,71.413,0.06,35.11,0.206,59.445,0.06,55.05,0.018,56.658,0.016,45.209,0.018,46.085,0.016,36.602,0.251,40.172,0.185,8.955,0.025,49.829,0.01,12.655,0.058,20.061,0.033,13.737,0.033,39.496,0.01,30.53,0.094,54.927,0.071,47.834,0.012,47.471,0.02,61.481,0.012,71.994,0.02
23.737,1.946,37.856,0.664,21.83,1.946,43.11,0.664,30.845,0.229,60.232,0.096,31.632,0.229,65.612,0.096,17.402,0.459,16.054,0.102,30.836,0.459,25.106,0.102,29.479,0.372,24.51,0.072,28.844,0.372,22.708,0.072,17.733,0.016,27.255,0.016,18.288,0.013,45.452,0.013,23.981,0.013,51.929,0.013,21.802,0.013,45.422,0.013,20.34,0.233,36.96,0.063,47.686,0.233,71.594,0.063,35.29,0.233,59.645,0.063,55.757,0.021,57.288,0.012,45.664,0.021,46.478,0.012,36.995,0.227,40.507,0.242,9.004,0.021,49.628,0.009,12.788,0.075,19.92,0.02,13.912,0.038,39.689,0.014,30.922,0.097,55.572,0.081,47.129,0.01,46.644,0.013,61.47,0.01,71.492,0.013
24.327,1.939,38.159,0.684,22.174,1.939,43.532,0.684,31.706,0.231,60.52,0.099,31.369,0.231,65.784,0.099,17.084,0.427,15.649,0.107,30.397,0.427,24.559,0.107,29.875,0.337,24.647,0.053,28.477,0.337,22.441,0.053,17.632,0.018,26.858,0.02,18.429,0.015,45.298,0.023,24.158,0.015,51.682,0.023,21.83,0.015,45.073,0.023,20.184,0.188,36.767,0.044,47.927,0.188,71.677,0.044,35.284,0.188,59.623,0.044,56.136,0.032,57.571,0.01,45.918,0.032,46.658,0.01,37.402,0.227,40.773,0.218,8.938,0.023,49.804,0.015,12.859,0.044,19.796,0.025,14.107,0.024,39.843,0.012,30.695,0.059,55.142,0.069,48.226,0.013,47.663,0.018,62.685,0.013,72.244,0.018
23.796,2.046,37.281,0.688,21.568,2.046,41.919,0.688,31.975,0.243,60.191,0.085,30.573,0.243,65.727,0.085,16.682,0.453,15.196,0.098,27.994,0.453,22.513,0.098,29.006,0.359,24.14,0.056,28.044,0.359,21.945,0.056,17.547,0.011,26.678,0.018,18.508,0.013,44.877,0.021,23.933,0.013,51.163,0.021,21.729,0.013,45.075,0.021,20.426,0.22,36.996,0.071,48.247,0.22,71.827,0.071,35.808,0.22,59.832,0.071,56.379,0.017,57.449,0.005,46.044,0.017,46.597,0.005,37.308,0.26,40.627,0.215,8.811,0.017,49.354,0.012,12.966,0.06,19.835,0.022,14.128,0.029,39.82,0.015,30.67,0.078,54.97,0.07,46.419,0.012,45.831,0.01,61.575,0.012,70.363,0.01
24.018,1.957,37.256,0.696,21.831,1.957,42.168,0.696,32.562,0.213,60.092,0.093,30.208,0.213,65.773,0.093,16.234,0.44,14.682,0.069,28.563,0.44,23.115,0.069,29.314,0.356,24.143,0.073,27.463,0.356,21.405,0.073,17.73,0.018,26.824,0.019,18.666,0.034,45.066,0.013,24.199,0.034,51.345,0.013,22.011,0.034,44.9,0.013,20.394,0.233,36.757,0.048,48.677,0.233,72.083,0.048,35.779,0.233,59.712,0.048,56.641,0.022,57.614,0.017,46.2,0.022,46.826,0.017,37.526,0.24,40.864,0.234,8.746,0.026,49.228,0.014,13.202,0.073,19.866,0.028,14.177,0.037,39.648,0.022,30.616,0.085,54.579,0.061,53.261,0.01,51.98,0.009,66.841,0.01,74.983,0.009
23.933,1.912,37.121,0.71,21.908,1.912,41.483,0.71,33.053,0.213,59.899,0.09,29.958,0.213,65.68,0.09,16.328,0.474,14.83,0.11,30.663,0.474,24.753,0.11,29.123,0.358,24.032,0.05,27.917,0.358,21.815,0.05,17.57,0.011,26.603,0.018,18.719,0.015,44.72,0.011,24.278,0.015,50.991,0.011,22.339,0.015,45.042,0.011,20.546,0.209,36.897,0.062,48.777,0.209,72,0.062,36.08,0.209,59.888,0.062,56.776,0.013,57.743,0.013,46.384,0.013,46.834,0.013,37.581,0.24,40.789,0.218,8.793,0.024,49.354,0.014,13.2,0.053,19.927,0.023,14.204,0.032,39.094,0.015,30.416,0.083,54.215,0.058,53.239,0.01,51.979,0.014,67.053,0.01,74.988,0.014
24.18,1.987,37.067,0.712,21.992,1.987,41.562,0.712,33.569,0.222,59.682,0.078,29.6,0.222,65.575,0.078,16.676,0.47,15.019,0.102,31.399,0.47,25.215,0.102,29.544,0.361,24.327,0.066,28.004,0.361,21.844,0.066,17.63,0.015,26.464,0.016,18.724,0.017,44.423,0.004,23.939,0.017,50.534,0.004,22.17,0.017,44.863,0.004,20.786,0.228,36.917,0.06,49.067,0.228,72.002,0.06,36.465,0.228,60.109,0.06,56.364,0.017,57.574,0.014,46.218,0.017,46.839,0.014,37.217,0.245,40.343,0.188,8.855,0.016,49.658,0.012,13.28,0.075,20.035,0.025,14.276,0.025,39.004,0.017,30.333,0.096,53.893,0.068,49.623,0.016,48.714,0.015,64.691,0.016,72.46,0.015
24.389,1.908,37.143,0.676,22.005,1.908,41.321,0.676,34.148,0.23,59.957,0.091,29.362,0.23,65.792,0.091,16.827,0.475,15.028,0.102,30.222,0.475,24.25,0.102,30.056,0.351,24.766,0.071,28.22,0.351,21.852,0.071,17.609,0.016,26.468,0.015,18.885,0.015,44.129,0.013,24.077,0.015,50.336,0.013,22.483,0.015,44.9,0.013,20.734,0.232,36.937,0.065,49.43,0.232,72.187,0.065,36.632,0.232,59.963,0.065,56.415,0.017,57.483,0.018,46.268,0.017,46.777,0.018,36.944,0.247,39.979,0.22,8.84,0.026,50.012,0.01,13.288,0.074,19.929,0.02,14.463,0.028,38.979,0.012,30.467,0.077,54.07,0.061,49.871,0.01,48.582,0.003,64.967,0.01,72.648,0.003
24.223,1.977,36.647,0.666,21.689,1.977,40.547,0.666,34.707,0.199,59.389,0.074,28.503,0.199,65.876,0.074,16.466,0.453,14.713,0.102,30.57,0.453,24.513,0.102,29.188,0.36,24.1,0.055,27.87,0.36,21.601,0.055,17.791,0.017,26.638,0.016,18.767,0.008,43.505,0.006,23.834,0.008,49.369,0.006,22.27,0.008,44.559,0.006,20.873,0.204,36.876,0.069,49.844,0.204,72.177,0.069,36.882,0.204,60.072,0.069,52.044,0.026,53.626,0.01,43.475,0.026,44.082,0.01,33.585,0.226,36.12,0.196,8.717,0.018,49.659,0.007,13.382,0.059,19.975,0.033,14.615,0.031,39.007,0.018,30.04,0.074,53.193,0.048,46.962,0.017,45.755,0.014,63.284,0.017,70.498,0.014
24.22,1.861,36.69,0.673,21.676,1.861,40.22,0.673,35.218,0.201,59.593,0.09,28.385,0.201,66.146,0.09,17.156,0.436,15.236,0.087,31.304,0.436,24.99,0.087,29.554,0.347,24.186,0.072,28.319,0.347,21.832,0.072,17.695,0.012,26.332,0.014,18.8,0.015,43.248,0.029,23.747,0.015,49.387,0.029,22.333,0.015,44.903,0.029,20.856,0.221,37.025,0.074,50.225,0.221,72.213,0.074,37.075,0.221,60.106,0.074,51.337,0.018,52.731,0.013,43.51,0.018,43.431,0.013,33.246,0.226,35.267,0.174,8.751,0.015,49.124,0.009,13.446,0.058,19.903,0.032,14.718,0.023,39.005,0.01,30.143,0.061,53.011,0.074,47.723,0.01,46.638,0.012,63.749,0.01,70.952,0.012
24.665,1.895,36.831,0.657,22.31,1.895,40.89,0.657,36.429,0.196,60.104,0.092,28.536,0.196,65.518,0.092,17.005,0.453,15.091,0.093,30.928,0.453,24.723,0.093,29.244,0.378,23.776,0.065,28.426,0.378,21.829,0.065,17.761,0.007,26.399,0.016,18.994,0.008,43.547,0.006,23.881,0.008,49.482,0.006,22.435,0.008,44.781,0.006,20.74,0.236,36.383,0.045,50.197,0.236,72.474,0.045,36.946,0.236,59.636,0.045,51.652,0.028,52.606,0.015,44.267,0.028,43.481,0.015,33.476,0.212,35.094,0.191,8.749,0.029,49.074,0.016,13.618,0.058,19.974,0.029,14.68,0.023,38.831,0.012,29.857,0.074,52.499,0.065,50.245,0.014,49.243,0.013,65.697,0.014,73.059,0.013
24.813,1.883,36.717,0.686,22.416,1.883,40.718,0.686,36.821,0.218,60,0.078,28.142,0.218,65.481,0.078,16.805,0.454,14.799,0.109,31.442,0.454,25.05,0.109,29.796,0.329,24.165,0.059,28.184,0.329,21.78,0.059,17.393,0.021,25.983,0.014,19.347,0.025,43.63,0.011,24.284,0.025,49.634,0.011,22.84,0.025,45.31,0.011,20.563,0.227,36.206,0.055,50.895,0.227,72.943,0.055,36.856,0.227,59.645,0.055,52.315,0.017,52.762,0.008,45.121,0.017,43.608,0.008,34.039,0.2,35.565,0.187,8.795,0.021,49.617,0.015,13.646,0.062,19.905,0.028,14.822,0.029,38.672,0.021,29.931,0.07,52.611,0.073,46.194,0.015,45.172,0.012,62.92,0.015,70.047,0.012
25.605,1.901,36.713,0.651,22.804,1.901,40.32,0.651,38.365,0.196,59.557,0.082,27.808,0.196,65.715,0.082,17.01,0.454,14.985,0.119,30.544,0.454,24.274,0.119,29.572,0.341,24.013,0.073,28.231,0.341,21.582,0.073,17.356,0.016,25.777,0.01,19.279,0.013,43.275,0.008,24.173,0.013,49.05,0.008,22.81,0.013,45.095,0.008,20.481,0.232,35.876,0.062,51.127,0.232,72.984,0.062,36.96,0.232,59.393,0.062,53.387,0.02,53.194,0.016,45.787,0.02,43.913,0.016,34.68,0.221,35.76,0.221,8.787,0.022,49.79,0.014,13.753,0.077,19.873,0.029,14.934,0.02,38.514,0.013,29.754,0.068,52.435,0.052,45.044,0.012,43.665,0.012,62.075,0.012,68.853,0.012
27.924,1.9,36.747,0.682,24.887,1.9,40.195,0.682,42.086,0.193,59.979,0.074,28.153,0.193,65.927,0.074,17.229,0.451,15.265,0.093,31.058,0.451,24.565,0.093,30.173,0.396,24.364,0.062,28.628,0.396,21.934,0.062,16.984,0.013,25.246,0.014,19.345,0.021,42.933,0.004,24.089,0.021,49.29,0.004,23.026,0.021,44.907,0.004,20.966,0.233,36.477,0.051,51.228,0.233,72.812,0.051,37.644,0.233,60.095,0.051,54.313,0.021,53.801,0.012,46.462,0.021,44.131,0.012,34.787,0.211,35.552,0.2,8.843,0.021,49.534,0.007,13.821,0.065,19.881,0.026,15.056,0.03,38.418,0.013,29.696,0.091,52.12,0.074,46.681,0.021,45.423,0.012,63.587,0.021,69.992,0.012
30.709,1.93,36.34,0.651,27.146,1.93,39.851,0.651,47.878,0.19,59.704,0.074,28.632,0.19,66.488,0.074,17.367,0.458,15.124,0.096,30.279,0.458,23.895,0.096,29.765,0.378,23.853,0.078,28.64,0.378,21.729,0.078,17.439,0.01,25.714,0.011,19.523,0.027,42.928,0.008,24.257,0.027,48.915,0.008,22.977,0.027,44.849,0.008,21.543,0.222,35.795,0.047,52.652,0.222,73.086,0.047,38.669,0.222,59.669,0.047,54.364,0.02,52.92,0.008,47.155,0.02,43.631,0.008,35.25,0.224,35.136,0.187,8.815,0.023,49.535,0.008,14.002,0.068,19.96,0.028,15.282,0.026,38.552,0.015,29.952,0.084,52.227,0.058,46.939,0.009,45.643,0.009,63.739,0.009,70.419,0.009
34.133,1.949,36.612,0.735,29.971,1.949,39.982,0.735,54.834,0.203,60.193,0.087,29.509,0.203,66.617,0.087,18.388,0.462,16.161,0.122,32.496,0.462,25.242,0.122,31.15,0.331,24.765,0.068,28.811,0.331,21.687,0.068,17.622,0.011,25.426,0.014,20.384,0.021,42.954,0.008,26.049,0.021,49.036,0.008,24.678,0.021,45.003,0.008,23.499,0.175,35.704,0.047,55.61,0.175,73.591,0.047,41.731,0.175,59.632,0.047,55.641,0.013,52.746,0.025,47.871,0.013,43.571,0.025,35.38,0.221,34.883,0.168,8.701,0.025,49.065,0.012,14.011,0.065,19.771,0.021,15.452,0.013,38.678,0.017,30.264,0.074,52.701,0.044,48.281,0.017,46.105,0.012,64.964,0.017,70.607,0.012
36.941,1.972,36.345,0.643,32.823,1.972,39.794,0.643,61.244,0.174,60.272,0.07,30.193,0.174,66.708,0.07,18.926,0.33,14.49,0.101,36.583,0.33,24.485,0.101,34.738,0.304,24.025,0.069,31.296,0.304,21.35,0.069,19.535,0.021,25.677,0.018,25.376,0.017,43.16,0.021,32.687,0.017,48.892,0.021,29.891,0.017,45.036,0.021,25.555,0.199,35.663,0.071,59.451,0.199,73.799,0.071,45.266,0.199,59.857,0.071,56.466,0.014,52.815,0.01,47.611,0.014,43.576,0.01,35.294,0.219,34.482,0.204,8.887,0.014,48.567,0.013,14.443,0.066,19.874,0.023,15.922,0.021,38.437,0.013,32.46,0.074,53.008,0.06,48.366,0.009,42.798,0.008,66.428,0.009,68.399,0.008
40.215,1.971,36.763,0.671,35.846,1.971,40.131,0.671,67.637,0.22,60.809,0.078,31.881,0.22,66.6,0.078,21.681,0.275,15.27,0.092,41.6,0.275,25.352,0.092,38.346,0.339,23.978,0.086,34.388,0.339,21.575,0.086,20.596,0.015,25.593,0.011,30.023,0.015,42.307,0.008,37.995,0.015,48.307,0.008,34.701,0.015,44.756,0.008,27.016,0.189,35.712,0.059,63.218,0.189,74.022,0.059,48.644,0.189,60.394,0.059,55.175,0.012,51.97,0.018,46.117,0.012,43.13,0.018,34.385,0.219,33.813,0.169,9.419,0.023,48.489,0.007,15.649,0.053,20.01,0.014,17.329,0.031,38.368,0.009,37.924,0.084,53.742,0.058,52.185,0.009,43.412,0.005,72.295,0.009,69.141,0.005
42.438,1.934,36.504,0.669,38.314,1.934,39.79,0.669,73.798,0.168,60.958,0.089,33.159,0.168,66.934,0.089,21.164,0.293,13.954,0.096,40.272,0.293,23.101,0.096,38.701,0.343,22.739,0.085,36.651,0.343,21.258,0.085,21.215,0.02,25.312,0.016,33.462,0.015,41.943,0.013,41.28,0.015,47.932,0.013,38.08,0.015,45.269,0.013,28.33,0.203,36.046,0.046,66.713,0.203,74.596,0.046,51.18,0.203,60.925,0.046,54.728,0.017,51.896,0.01,45.022,0.017,42.976,0.01,33.973,0.215,33.512,0.196,10.5,0.023,49.478,0.016,17.216,0.073,20.154,0.021,19.393,0.022,38.591,0.018,41.864,0.085,53.523,0.053,59.843,0.018,47.974,0.008,80.591,0.018,72.572,0.008
44.842,1.896,36.692,0.663,40.627,1.896,39.884,0.663,78.887,0.185,61.03,0.069,34.55,0.185,66.851,0.069,22.576,0.266,14.172,0.087,43.791,0.266,24.464,0.087,40.943,0.355,23.685,0.068,38.48,0.355,21.284,0.068,21.644,0.018,24.924,0.012,35.605,0.006,42.05,0.008,42.901,0.006,48.095,0.008,40.119,0.006,45.239,0.008,28.826,0.219,35.817,0.059,69.225,0.219,74.857,0.059,52.674,0.219,60.978,0.059,52.934,0.017,51.151,0.024,43.522,0.017,42.447,0.024,33.11,0.2,32.794,0.191,11.529,0.017,48.995,0.012,18.747,0.048,20.25,0.016,21.472,0.031,38.81,0.015,44.47,0.1,52.842,0.065,55.844,0.015,43.607,0.009,80.839,0.015,69.618,0.009
45.972,1.871,36.161,0.676,41.698,1.871,38.838,0.676,82.662,0.187,60.649,0.066,36.215,0.187,66.992,0.066,22.793,0.27,13.997,0.098,44.871,0.27,24.677,0.098,41.886,0.307,23.766,0.06,39.224,0.307,21.087,0.06,21.703,0.014,24.641,0.016,36.814,0.011,42.005,0.011,43.153,0.011,47.823,0.011,40.997,0.011,45.783,0.011,29.216,0.205,35.938,0.062,71.39,0.205,74.946,0.062,54.13,0.205,61.224,0.062,52.858,0.012,51.502,0.013,43.588,0.012,42.784,0.013,33.338,0.213,33.305,0.183,12.926,0.017,49.038,0.012,20.185,0.047,20.371,0.023,23.372,0.024,38.636,0.01,46.129,0.088,52.539,0.07,59.048,0.014,45.628,0.015,85.566,0.014,71.059,0.015
47.566,1.915,36.272,0.679,43.757,1.915,39.163,0.679,87.07,0.19,61.254,0.074,38.008,0.19,67.744,0.074,22.777,0.29,13.59,0.105,44.673,0.29,24.458,0.105,41.286,0.31,23.166,0.07,39.306,0.31,20.87,0.07,22.098,0.018,24.835,0.016,37.012,0.021,41.586,0.006,42.831,0.021,47.544,0.006,40.996,0.021,45.586,0.006,29.76,0.196,36.075,0.05,72.665,0.196,75.171,0.05,55.183,0.196,61.527,0.05,52.236,0.01,51.419,0.01,43.305,0.01,42.596,0.01,33.145,0.245,33.263,0.187,14.814,0.022,49.753,0.013,21.446,0.056,20.446,0.016,25.021,0.038,38.338,0.014,47.132,0.083,52.325,0.06,62.307,0.02,47.865,0.013,89.344,0.02,72.743,0.013
49.012,1.863,36.473,0.701,45.324,1.863,39.315,0.701,90.035,0.225,61.122,0.08,39.914,0.225,67.205,0.08,22.679,0.297,13.539,0.095,47.097,0.297,25.582,0.095,42.718,0.277,23.719,0.064,39.301,0.277,20.528,0.064,22.063,0.014,24.597,0.012,37.231,0.019,41.638,0.008,43.222,0.019,47.648,0.008,42.073,0.019,46.176,0.008,30.322,0.219,36.476,0.055,73.445,0.219,74.691,0.055,56.055,0.219,62.123,0.055,51.054,0.023,50.707,0.018,42.435,0.023,42.135,0.018,32.255,0.233,32.592,0.174,16.554,0.024,49.605,0.014,22.586,0.046,20.711,0.024,26.515,0.036,38.154,0.01,47.848,0.086,52.474,0.056,58.077,0.016,44.289,0.003,87.567,0.016,70.393,0.003
49.096,1.867,35.928,0.651,45.291,1.867,38.432,0.651,91.554,0.204,60.835,0.079,41.706,0.204,67.752,0.079,23.05,0.286,13.697,0.101,45.51,0.286,24.414,0.101,42.889,0.324,23.647,0.073,39.912,0.324,20.709,0.073,22.268,0.018,24.627,0.011,37.911,0.013,42.16,0.017,43.89,0.013,48.139,0.017,42.601,0.013,46.349,0.017,30.558,0.221,36.605,0.051,74.048,0.221,75.214,0.051,56.298,0.221,62.192,0.051,49.91,0.017,50.304,0.026,41.754,0.017,41.594,0.026,31.367,0.226,31.785,0.192,18.414,0.024,49.664,0.01,23.483,0.051,20.744,0.023,28.098,0.028,38.466,0.009,47.981,0.089,52.075,0.055,60.954,0.009,46.475,0.006,90.534,0.009,72.208,0.006
50.207,1.813,36.105,0.702,46.311,1.813,38.369,0.702,92.478,0.19,60.42,0.069,43.672,0.19,67.509,0.069,22.707,0.287,13.379,0.104,46.234,0.287,25.021,0.104,42.76,0.297,23.482,0.066,40.013,0.297,20.784,0.066,22.1,0.015,24.293,0.018,37.987,0.025,42.276,0.013,43.849,0.025,48.396,0.013,42.895,0.025,47.191,0.013,30.977,0.196,36.984,0.059,74.233,0.196,75.078,0.059,56.965,0.196,62.756,0.059,48.786,0.022,49.435,0.009,40.957,0.022,41.126,0.009,30.889,0.2,31.365,0.185,20.265,0.013,49.574,0.012,24.204,0.079,20.845,0.022,29.653,0.037,38.572,0.006,47.846,0.092,51.812,0.065,55.946,0.017,42.58,0.01,86.99,0.017,69.175,0.01
51.333,1.819,36.292,0.681,47.469,1.819,38.709,0.681,94.482,0.175,60.623,0.06,46.265,0.175,67.729,0.06,23.47,0.287,13.671,0.097,46.578,0.287,25.096,0.097,43.2,0.291,23.828,0.071,39.84,0.291,20.647,0.071,22.465,0.014,24.531,0.009,37.93,0.017,42.235,0.006,43.734,0.017,48.342,0.006,42.9,0.017,47.317,0.006,31.585,0.224,37.436,0.058,74.207,0.224,74.804,0.058,57.725,0.224,63.299,0.058,49.178,0.021,49.724,0.01,41.476,0.021,41.46,0.01,31.144,0.237,31.721,0.202,22.187,0.02,49.728,0.008,24.824,0.06,20.896,0.02,30.734,0.025,38.47,0.013,48.133,0.088,52.138,0.065,59.497,0.015,45.439,0.01,90.073,0.015,71.016,0.01
51.531,1.708,36.014,0.664,47.499,1.708,38.239,0.664,95.206,0.181,60.813,0.067,48.314,0.181,67.57,0.067,22.926,0.267,13.239,0.099,45.638,0.267,24.504,0.099,43.468,0.306,23.794,0.064,39.672,0.306,20.523,0.064,22.713,0.021,24.694,0.017,37.943,0.023,42.501,0.021,44.003,0.023,48.577,0.021,43.026,0.023,47.296,0.021,31.572,0.229,37.283,0.073,74.703,0.229,75.076,0.073,57.665,0.229,63.067,0.073,48.911,0.017,49.641,0.013,41.358,0.017,41.434,0.013,31.005,0.184,31.563,0.2,24.125,0.02,49.895,0.007,25.304,0.062,21.024,0.023,31.889,0.028,38.598,0.014,47.777,0.079,51.757,0.041,56.39,0.008,43.22,0.009,87.765,0.008,69.58,0.009
52.32,1.702,36.237,0.663,48.511,1.702,38.49,0.663,96.917,0.179,61.184,0.074,50.818,0.179,67.376,0.074,22.566,0.276,13.041,0.095,46.793,0.276,25.125,0.095,40.539,0.315,22.065,0.065,39.955,0.315,20.543,0.065,22.508,0.012,24.485,0.016,38.062,0.013,42.665,0.006,44.253,0.013,48.826,0.006,43.219,0.013,47.786,0.006,31.314,0.204,36.844,0.071,75.069,0.204,75.407,0.071,57.489,0.204,62.845,0.071,48.956,0.018,49.678,0.013,41.269,0.018,41.311,0.013,30.778,0.22,31.413,0.203,26.161,0.018,50.375,0.006,25.799,0.045,21.072,0.013,33.013,0.026,38.345,0.013,47.104,0.109,51.036,0.09,58.693,0.013,45.043,0.012,89.75,0.013,70.838,0.012
52.646,1.725,36.205,0.634,48.999,1.725,38.508,0.634,97.708,0.183,60.931,0.057,53.103,0.183,67.636,0.057,23.251,0.28,13.312,0.089,44.465,0.28,23.762,0.089,42.28,0.335,22.898,0.065,40.168,0.335,20.622,0.065,22.753,0.017,24.579,0.011,37.753,0.023,42.456,0.006,44.032,0.023,48.957,0.006,43.324,0.023,47.786,0.006,31.275,0.202,36.643,0.061,75.284,0.202,75.467,0.061,57.337,0.202,62.451,0.061,48.402,0.014,49.195,0.015,40.856,0.014,41.014,0.015,30.361,0.222,30.879,0.197,27.676,0.025,50.174,0.013,26.091,0.052,21.236,0.026,33.778,0.035,38.195,0.013,46.875,0.112,50.827,0.077,59.141,0.014,45.028,0.008,90.293,0.014,70.892,0.008
52.763,1.65,36.152,0.67,49.036,1.65,38.194,0.67,97.743,0.171,61.014,0.08,55.1,0.171,67.62,0.08,23.425,0.299,13.381,0.106,47.297,0.299,25.213,0.106,43.698,0.294,23.865,0.053,40.101,0.294,20.603,0.053,22.673,0.016,24.575,0.011,37.825,0.019,42.44,0.013,44.285,0.019,49.115,0.013,43.376,0.019,48.051,0.013,31.208,0.228,36.472,0.055,75.213,0.228,75.262,0.055,57.495,0.228,62.573,0.055,48.7,0.017,49.517,0.016,41.233,0.017,41.163,0.016,30.927,0.241,31.5,0.19,29.493,0.022,50.609,0.009,26.37,0.055,21.096,0.014,34.999,0.024,38.469,0.021,46.73,0.073,50.897,0.065,59.116,0.013,45.053,0.01,90.078,0.013,70.883,0.01
52.911,1.572,35.987,0.666,49.011,1.572,37.797,0.666,98.454,0.189,60.837,0.069,57.241,0.189,67.651,0.069,23.641,0.333,13.488,0.108,46.919,0.333,25.007,0.108,44.84,0.327,24.48,0.07,40.434,0.327,20.758,0.07,22.472,0.017,24.341,0.011,37.5,0.006,42.211,0.011,44.303,0.006,49.096,0.011,43.503,0.006,48.258,0.011,31.863,0.225,37.339,0.071,75.442,0.225,75.219,0.071,58.058,0.225,63.077,0.071,48.135,0.015,49.082,0.007,40.92,0.015,40.803,0.007,30.358,0.215,30.854,0.21,30.773,0.026,50.234,0.006,26.6,0.056,21.217,0.017,35.814,0.025,38.189,0.022,46.375,0.086,50.609,0.05,54.201,0.016,41.051,0.006,85.604,0.016,68.181,0.006
53.525,1.608,36.111,0.676,49.308,1.608,37.864,0.676,98.575,0.174,60.52,0.073,59.259,0.174,67.754,0.073,23.346,0.319,13.368,0.112,46.618,0.319,24.819,0.112,43.198,0.326,23.462,0.073,40.199,0.326,20.563,0.073,22.479,0.023,24.241,0.018,36.463,0.015,40.773,0.004,43.705,0.015,47.262,0.004,42.869,0.015,47.073,0.004,31.466,0.217,36.872,0.068,75.476,0.217,75.191,0.068,57.77,0.217,62.668,0.068,48.478,0.013,49.159,0.014,41.044,0.013,40.814,0.014,30.578,0.219,31.102,0.212,32.143,0.03,50.384,0.012,26.918,0.038,21.268,0.021,36.624,0.021,38.153,0.01,45.922,0.076,50.052,0.068,54.777,0.008,41.813,0.018,86.406,0.008,68.66,0.018
53.934,1.599,36.071,0.653,49.771,1.599,37.994,0.653,99.803,0.19,60.995,0.068,61.246,0.19,67.576,0.068,23.393,0.317,13.335,0.11,47.247,0.317,25.213,0.11,44.215,0.303,24.024,0.058,40.088,0.303,20.471,0.058,22.333,0.014,24.083,0.021,37.049,0.025,40.349,0.013,44.523,0.025,47.339,0.013,43.457,0.025,46.988,0.013,31.015,0.203,36.149,0.07,75.838,0.203,75.314,0.07,57.276,0.203,61.926,0.07,48.269,0.022,49.036,0.015,40.992,0.022,40.739,0.015,30.379,0.218,30.909,0.2,33.275,0.023,50.635,0.008,26.966,0.047,21.241,0.023,37.25,0.023,37.907,0.013,45.659,0.078,49.833,0.084,55.46,0.016,42.637,0.01,87.004,0.016,69.024,0.01
53.18,1.561,35.538,0.673,48.317,1.561,36.802,0.673,99.333,0.165,60.212,0.063,62.893,0.165,67.792,0.063,23.501,0.322,13.338,0.079,47.08,0.322,25.018,0.079,43.764,0.297,23.7,0.05,39.989,0.297,20.421,0.05,22.21,0.019,24.019,0.017,37.403,0.019,40.648,0.004,45.108,0.019,47.499,0.004,44.11,0.019,47.16,0.004,30.517,0.213,35.699,0.056,76.069,0.213,75.866,0.056,56.856,0.213,61.388,0.056,47.486,0.016,48.329,0.012,40.262,0.016,40.224,0.012,29.64,0.248,29.934,0.215,34.165,0.023,50.354,0.012,27.056,0.062,21.388,0.012,37.569,0.022,37.76,0.016,45.547,0.103,49.488,0.084,57.083,0.016,43.404,0.009,87.946,0.016,69.902,0.009
53.47,1.543,35.495,0.675,48.835,1.543,37.112,0.675,100.367,0.179,60.43,0.058,64.978,0.179,67.82,0.058,23.533,0.314,13.304,0.099,46.592,0.314,24.676,0.099,45.174,0.334,24.419,0.078,40.014,0.334,20.417,0.078,22.321,0.016,24.226,0.014,37.18,0.011,40.378,0.006,45.001,0.011,46.888,0.006,44.167,0.011,46.67,0.006,30.984,0.194,36.048,0.059,75.861,0.194,75.845,0.059,57.467,0.194,61.959,0.059,47.051,0.023,47.898,0.018,40.018,0.023,39.967,0.018,29.673,0.217,30.118,0.181,35.052,0.029,49.977,0.006,27.133,0.041,21.261,0.017,38.216,0.03,37.657,0.013,45.253,0.093,49.264,0.07,55.926,0.018,42.445,0.007,86.518,0.018,69.037,0.007
55.882,1.489,36.805,0.679,51.443,1.489,39.039,0.679,102.623,0.207,61.596,0.083,66.956,0.207,67.459,0.083,22.842,0.271,12.752,0.093,46.091,0.271,24.444,0.093,40.424,0.33,21.578,0.06,39.867,0.33,20.335,0.06,22.519,0.014,24.272,0.016,37.411,0.025,40.061,0.015,45.104,0.025,47.015,0.015,44.254,0.025,47.163,0.015,31.199,0.211,36.036,0.082,75.922,0.211,75.745,0.082,57.562,0.211,62.071,0.082,47.072,0.03,47.825,0.012,39.786,0.03,39.84,0.012,29.496,0.204,29.885,0.194,35.998,0.014,49.895,0.012,27.159,0.036,21.289,0.021,38.702,0.028,37.422,0.013,45.042,0.09,49.055,0.069,52.537,0.015,40.012,0.013,84.114,0.015,67.287,0.013
54.463,1.483,36.053,0.721,49.699,1.483,37.612,0.721,101.92,0.179,60.727,0.065,68.254,0.179,67.803,0.065,22.675,0.315,12.83,0.1,43.761,0.315,22.922,0.1,41.484,0.316,22.219,0.063,39.63,0.316,20.211,0.063,22.385,0.014,24.026,0.019,36.924,0.019,39.765,0.017,44.85,0.019,46.744,0.017,43.805,0.019,46.966,0.017,31.225,0.241,36.172,0.062,76.075,0.241,75.579,0.062,57.73,0.241,62.193,0.062,47.792,0.025,48.393,0.008,40.29,0.025,40.198,0.008,29.756,0.225,30.035,0.175,36.639,0.02,49.653,0.016,27.084,0.055,21.092,0.02,39.615,0.036,37.68,0.021,44.456,0.096,48.335,0.073,51.775,0.012,39.487,0.012,82.902,0.012,66.459,0.012
55.232,1.367,36.296,0.659,50.873,1.367,38.028,0.659,102.409,0.174,61.122,0.072,69.605,0.174,67.611,0.072,22.773,0.309,12.719,0.09,47.933,0.309,25.304,0.09,43.616,0.322,23.321,0.078,39.412,0.322,20.1,0.078,22.36,0.023,24.123,0.021,36.618,0.019,39.275,0.011,44.445,0.019,46.272,0.011,43.87,0.019,46.78,0.011,31.222,0.212,36.132,0.069,76.181,0.212,75.522,0.069,57.823,0.212,62.19,0.069,47.005,0.016,47.781,0.012,39.972,0.016,39.817,0.012,29.536,0.204,29.784,0.184,37.667,0.015,50.111,0.012,27.142,0.041,21.105,0.015,39.634,0.021,37.198,0.012,44.181,0.081,47.923,0.078,53.434,0.014,40.777,0.01,84.707,0.014,67.511,0.01
54.888,1.377,35.926,0.68,49.76,1.377,37.216,0.68,102.474,0.176,60.58,0.063,70.481,0.176,67.798,0.063,22.428,0.344,12.665,0.095,48.143,0.344,25.373,0.095,43.678,0.306,23.371,0.061,39.102,0.306,19.786,0.061,22.385,0.016,24.076,0.014,36.223,0.017,39.242,0.015,44.063,0.017,46.111,0.015,43.143,0.017,46.4,0.015,31.1,0.198,35.814,0.078,76.466,0.198,75.8,0.078,57.773,0.198,61.708,0.078,47.18,0.026,47.712,0.008,39.82,0.026,39.767,0.008,29.391,0.22,29.64,0.2,38.429,0.02,50.318,0.009,27.207,0.048,21.187,0.017,39.853,0.017,36.827,0.014,43.87,0.098,47.624,0.067,55.848,0.012,42.657,0.007,86.519,0.012,68.993,0.007
56.183,1.359,36.635,0.67,51.91,1.359,38.522,0.67,104.055,0.178,61.357,0.082,71.574,0.178,67.94,0.082,22.598,0.311,12.583,0.107,47.596,0.311,24.85,0.107,43.485,0.321,23.366,0.074,39.292,0.321,19.846,0.074,22.193,0.011,23.799,0.009,36.326,0.019,39.105,0.004,44.227,0.019,46.002,0.004,43.887,0.019,46.935,0.004,31.165,0.238,35.847,0.053,76.502,0.238,75.755,0.053,57.713,0.238,61.92,0.053,46.683,0.022,47.323,0.017,39.415,0.022,39.323,0.017,29.175,0.214,29.329,0.202,39.385,0.021,50.664,0.014,27.279,0.063,21.308,0.017,39.562,0.02,36.409,0.01,44.369,0.091,48.131,0.07,53.358,0.018,40.732,0.006,84.624,0.018,67.56,0.006
55.485,1.312,36.098,0.671,50.673,1.312,37.29,0.671,103.54,0.188,60.766,0.07,72.55,0.188,67.562,0.07,23.29,0.293,12.969,0.079,43.741,0.293,22.809,0.079,43.518,0.321,23.09,0.072,40.027,0.321,20.107,0.072,22.065,0.023,23.819,0.023,36.451,0.015,39.304,0.013,44.621,0.015,46.472,0.013,43.938,0.015,47.045,0.013,31.629,0.224,36.239,0.068,76.488,0.224,75.697,0.068,58.293,0.224,62.359,0.068,46.439,0.016,47.137,0.023,39.185,0.016,39.159,0.023,29.054,0.221,29.122,0.169,39.362,0.017,49.716,0.013,27.098,0.046,21.135,0.016,40.17,0.033,36.6,0.014,44.218,0.091,47.882,0.06,55.038,0.009,42.059,0.006,85.575,0.009,68.372,0.006
55.961,1.277,36.092,0.674,51.063,1.277,37.63,0.674,104.586,0.202,60.985,0.069,73.093,0.202,67.539,0.069,22.68,0.318,12.428,0.11,47.699,0.318,24.926,0.11,40.56,0.293,21.314,0.066,39.423,0.293,19.845,0.066,22.172,0.014,23.817,0.014,36.388,0.019,39.169,0.021,44.635,0.019,46.37,0.021,44.093,0.019,47.048,0.021,31.936,0.215,36.553,0.068,76.576,0.215,75.559,0.068,58.771,0.215,62.502,0.068,45.917,0.029,46.702,0.013,39.062,0.029,39,0.013,28.826,0.19,28.894,0.21,40.466,0.024,50.29,0.014,26.892,0.035,21.045,0.022,40.258,0.023,36.51,0.016,44.176,0.091,48.095,0.071,60.135,0.008,46.158,0.009,89.846,0.008,71.338,0.009
56.309,1.215,36.237,0.691,51.383,1.215,37.669,0.691,104.841,0.196,60.823,0.063,73.753,0.196,67.505,0.063,22.946,0.35,12.788,0.1,46.757,0.35,24.277,0.1,44.639,0.314,23.785,0.081,39.35,0.314,19.833,0.081,22.25,0.012,23.744,0.014,33.766,0.021,39.01,0.011,40.259,0.021,46.19,0.011,39.86,0.021,46.953,0.011,31.978,0.207,36.443,0.047,76.753,0.207,75.59,0.047,58.754,0.207,62.568,0.047,46.472,0.022,46.677,0.014,39.35,0.022,39.086,0.014,28.84,0.221,28.869,0.165,41.021,0.025,50.178,0.009,26.982,0.043,20.988,0.015,40.156,0.024,36.332,0.02,43.508,0.111,47.401,0.058,57.265,0.013,43.904,0.01,87.686,0.013,69.804,0.01
56.099,1.283,36.018,0.679,50.994,1.283,37.342,0.679,105.063,0.181,60.639,0.059,73.899,0.181,67.31,0.059,23.039,0.333,12.725,0.092,46.974,0.333,24.33,0.092,45.203,0.311,23.95,0.075,39.624,0.311,19.864,0.075,22.913,0.016,24.231,0.01,24.316,0.013,38.47,0.008,27.408,0.013,45.659,0.008,28.59,0.013,46.24,0.008,32.939,0.229,37.301,0.047,76.682,0.229,75.392,0.047,59.819,0.229,63.478,0.047,45.558,0.01,45.767,0.016,38.308,0.01,38.339,0.016,28.211,0.207,28.214,0.177,41.5,0.021,49.791,0.007,26.883,0.04,20.863,0.014,40.407,0.025,36.077,0.023,43.438,0.108,47.15,0.07,57.651,0.013,44.106,0.008,88.045,0.013,70.048,0.008
55.938,1.208,35.725,0.672,50.594,1.208,36.752,0.672,104.874,0.164,60.307,0.065,74.216,0.164,67.615,0.065,23.884,0.304,13.233,0.092,50.605,0.304,26.161,0.092,44.663,0.332,23.752,0.072,39.763,0.332,19.904,0.072,22.209,0.015,23.55,0.012,17.04,0.017,38.604,0.015,18.67,0.017,45.207,0.015,20.083,0.017,45.813,0.015,26.882,0.205,36.508,0.058,72.65,0.205,75.83,0.058,53.125,0.205,62.87,0.058,46.453,0.025,46.793,0.018,38.791,0.025,39.124,0.018,29.309,0.206,29.359,0.181,42.043,0.022,49.528,0.007,26.673,0.047,20.736,0.024,40.782,0.026,36.324,0.01,43.176,0.106,47.077,0.078,57.533,0.014,44.234,0.007,87.95,0.014,70.13,0.007
56.263,1.157,36.025,0.644,51,1.157,37.088,0.644,105.235,0.18,60.671,0.065,74.647,0.18,67.55,0.065,21.492,0.288,12.645,0.108,40.65,0.288,24.776,0.108,37.615,0.314,21.784,0.078,37.483,0.314,19.716,0.078,21.227,0.014,23.038,0.015,12.048,0.011,37.905,0.006,13.609,0.011,44.684,0.006,14.887,0.011,45.548,0.006,19.692,0.244,35.323,0.051,63.799,0.244,75.883,0.051,42.663,0.244,61.812,0.051,44.537,0.018,46.284,0.016,36.746,0.018,38.787,0.016,27.951,0.207,28.572,0.196,42.362,0.022,49.263,0.01,26.579,0.047,20.634,0.022,41.045,0.04,36.42,0.015,42.848,0.124,46.759,0.077,52.571,0.017,40.616,0.006,83.75,0.017,67.128,0.006
55.954,1.147,35.691,0.67,50.339,1.147,36.329,0.67,105.429,0.14,60.264,0.066,74.305,0.14,67.497,0.066,18.283,0.321,13.145,0.084,28.964,0.321,24.238,0.084,30.44,0.282,23.981,0.051,31.2,0.282,19.779,0.051,18.905,0.016,22.438,0.014,9.35,0.013,37.617,0.013,10.949,0.013,44.093,0.013,11.915,0.013,44.912,0.013,14.353,0.241,33.476,0.059,54.818,0.241,75.828,0.059,32.353,0.241,59.346,0.059,42.615,0.022,45.913,0.01,34.877,0.022,38.6,0.01,27.066,0.206,28.386,0.159,42.892,0.025,49.85,0.009,26.453,0.06,20.554,0.023,40.709,0.025,36.31,0.012,39.761,0.081,46.164,0.071,51.535,0.015,41.608,0.012,81.469,0.015,68.26,0.012
54.65,1.051,36.182,0.615,49.826,1.051,37.283,0.615,99.713,0.159,60.537,0.06,73.98,0.159,67.567,0.06,14.462,0.32,12.739,0.09,19.349,0.32,23.413,0.09,20.753,0.304,22.658,0.063,23.667,0.304,19.408,0.063,15.718,0.016,21.746,0.014,7.785,0.006,37.263,0.013,9.555,0.006,43.926,0.013,10.297,0.006,44.947,0.013,11.413,0.251,32.753,0.058,46.799,0.251,75.653,0.058,26.065,0.251,59.027,0.058,41.93,0.012,46.619,0.017,34.207,0.012,39.131,0.017,26.971,0.198,29.045,0.198,41.512,0.014,49.86,0.009,24.819,0.043,20.411,0.013,38.326,0.03,35.979,0.013,35.101,0.092,45.904,0.062,44.867,0.014,40.451,0.005,73.445,0.014,67.013,0.005
49.286,1.028,35.632,0.634,44.82,1.028,36.577,0.634,89.279,0.167,60.243,0.057,72.301,0.167,67.563,0.057,11.823,0.291,12.442,0.092,14.493,0.291,22.315,0.092,14.979,0.324,21.701,0.073,17.869,0.324,19.282,0.073,13.043,0.013,21.256,0.012,6.871,0.019,36.902,0.006,8.715,0.019,43.512,0.006,9.194,0.019,44.516,0.006,9.824,0.252,32.982,0.052,40.468,0.252,75.826,0.052,22.343,0.252,59.614,0.052,41.436,0.013,47.037,0.016,33.536,0.013,39.49,0.016,26.217,0.227,29,0.205,37.856,0.012,49.688,0.012,22.627,0.05,20.353,0.021,34.346,0.016,35.347,0.014,28.422,0.075,45.286,0.071,40.648,0.015,42.124,0.006,66.92,0.015,68.406,0.006
43.881,1.008,35.698,0.671,39.861,1.008,36.762,0.671,76.319,0.164,60.362,0.063,69.003,0.164,67.193,0.063,10.12,0.316,12.626,0.109,13.063,0.316,23.156,0.109,13.393,0.267,22.927,0.055,14.419,0.267,18.899,0.055,10.934,0.016,20.894,0.012,6.352,0.013,36.822,0.021,8.08,0.013,43.218,0.021,8.607,0.013,44.729,0.021,8.718,0.221,32.915,0.058,35.437,0.221,76.106,0.058,19.68,0.221,59.824,0.058,40.561,0.014,47.264,0.009,32.771,0.014,39.542,0.009,25.777,0.199,29.029,0.181,33.076,0.022,49.367,0.012,20.044,0.037,20.094,0.02,31.187,0.031,35.464,0.015,23.185,0.086,44.684,0.071,33.431,0.009,40.106,0.008,57.269,0.009,66.692,0.008
37.718,0.973,35.237,0.683,33.509,0.973,35.87,0.683,65.492,0.144,59.453,0.063,64.461,0.144,67.144,0.063,8.649,0.335,12.222,0.111,12.143,0.335,23.732,0.111,12.062,0.267,23.087,0.057,12.529,0.267,18.785,0.057,9.155,0.015,20.296,0.019,6.003,0.015,36.244,0.008,7.748,0.015,43.157,0.008,8.234,0.015,44.052,0.008,8.071,0.195,33.178,0.058,31.935,0.195,76.13,0.058,17.862,0.195,60.235,0.058,39.963,0.013,47.268,0.018,32.136,0.013,39.605,0.018,25.238,0.224,29.07,0.169,28.174,0.028,48.988,0.008,17.732,0.059,19.755,0.014,27.503,0.031,35.21,0.008,19.546,0.073,44.246,0.078,26.587,0.015,35.889,0.008,47.167,0.015,63.236,0.008
32.431,0.956,35.181,0.604,28.548,0.956,35.639,0.604,58.537,0.138,59.765,0.069,59.449,0.138,67.104,0.069,7.74,0.304,12.254,0.093,10.585,0.304,21.789,0.093,10.28,0.287,20.644,0.075,11.281,0.287,18.784,0.075,7.947,0.01,20.053,0.015,5.669,0.015,35.734,0.004,7.322,0.015,42.376,0.004,7.868,0.015,43.634,0.004,7.728,0.219,33.732,0.062,29.234,0.219,76.432,0.062,17.003,0.219,61.174,0.062,38.841,0.025,46.961,0.017,31.544,0.025,39.379,0.017,24.34,0.213,28.671,0.191,23.977,0.023,47.973,0.013,15.692,0.051,19.599,0.018,24.404,0.025,35.233,0.01,16.748,0.069,44.201,0.062,23.512,0.008,35.041,0.01,41.59,0.008,62.228,0.01
28.615,0.866,35.323,0.647,24.861,0.866,35.711,0.647,50.653,0.131,59.702,0.069,53.521,0.131,66.925,0.069,7.083,0.297,12.227,0.106,10.601,0.297,23.127,0.106,10.605,0.243,22.814,0.055,10.334,0.243,18.4,0.055,7.068,0.012,19.759,0.011,5.547,0.017,35.639,0.006,7.252,0.017,41.952,0.006,7.787,0.017,43.789,0.006,7.509,0.194,34.372,0.062,27.114,0.194,76.402,0.062,16.149,0.194,61.769,0.062,38.472,0.022,47.098,0.026,31.348,0.022,39.399,0.026,24.027,0.227,28.814,0.187,20.995,0.018,47.943,0.009,14.021,0.041,19.361,0.028,21.728,0.024,35.117,0.01,14.829,0.074,44.145,0.051,21.976,0.009,35.626,0.012,38.397,0.009,62.382,0.012
25.46,0.895,35.181,0.686,22.687,0.895,35.951,0.686,44.22,0.127,59.584,0.074,47.81,0.127,66.861,0.074,6.54,0.284,12.197,0.093,10.215,0.284,23.016,0.093,9.811,0.281,21.88,0.058,9.881,0.281,18.513,0.058,6.525,0.014,19.474,0.021,5.437,0.021,35.262,0.011,7.032,0.021,42.021,0.011,7.56,0.021,43.712,0.011,7.144,0.225,34.037,0.05,25.64,0.225,76.852,0.05,15.273,0.225,61.528,0.05,37.874,0.014,46.944,0.016,31.129,0.014,39.286,0.016,23.539,0.174,28.564,0.177,18.563,0.02,48.535,0.012,12.614,0.055,19.254,0.022,19.326,0.026,34.611,0.017,13.432,0.083,43.725,0.059,20.989,0.014,35.882,0.015,35.834,0.014,62.445,0.015
23.095,0.841,35.774,0.674,21.236,0.841,36.96,0.674,39.904,0.162,60.004,0.075,42.469,0.162,66.402,0.075,6.364,0.353,12.492,0.095,10.315,0.353,23.382,0.095,10.095,0.299,23.177,0.072,9.587,0.299,18.658,0.072,6.156,0.013,19.534,0.011,5.337,0.025,35.166,0.011,7.025,0.025,41.65,0.011,7.514,0.025,43.745,0.011,6.963,0.264,33.651,0.065,24.611,0.264,76.815,0.065,14.706,0.264,61.161,0.065,37.475,0.012,46.753,0.014,31.066,0.012,39.186,0.014,23.119,0.209,28.396,0.195,16.594,0.016,48.182,0.01,11.535,0.044,19.13,0.022,17.706,0.023,34.328,0.012,12.708,0.058,44.129,0.079,21.228,0.009,37.954,0.012,35.231,0.009,64.352,0.012
21.438,0.85,36.22,0.632,19.805,0.85,37.595,0.632,37.067,0.149,59.926,0.077,37.755,0.149,65.93,0.077,5.926,0.299,12.116,0.087,10.258,0.299,23.834,0.087,9.704,0.263,22.537,0.055,9.226,0.263,18.346,0.055,5.991,0.013,19.714,0.017,5.296,0.008,35.241,0.008,7.008,0.008,41.874,0.008,7.557,0.008,44.25,0.008,7.015,0.212,34.468,0.063,23.652,0.212,77.022,0.063,14.758,0.212,62.487,0.063,37.402,0.017,47.003,0.016,31.765,0.017,39.277,0.016,23.155,0.167,28.668,0.187,15.086,0.018,47.826,0.01,10.634,0.051,19.184,0.013,16.196,0.024,34.162,0.006,11.994,0.067,43.914,0.076,20.333,0.012,37.367,0.005,33.182,0.012,63.827,0.005
19.304,0.864,35.444,0.654,17.428,0.864,36.152,0.654,34.25,0.143,59.081,0.08,33.337,0.143,66.043,0.08,5.755,0.311,12.185,0.108,10.18,0.311,23.996,0.108,9.695,0.257,22.818,0.071,8.99,0.257,18.379,0.071,6.061,0.014,20.207,0.015,5.282,0.008,35.029,0.013,6.934,0.008,41.738,0.013,7.395,0.008,43.886,0.013,6.951,0.236,34.517,0.071,22.997,0.236,77.044,0.071,14.463,0.236,62.287,0.071,37.263,0.028,47.028,0.01,32.383,0.028,39.316,0.01,23.02,0.215,28.486,0.172,13.975,0.023,47.688,0.01,9.997,0.047,19.082,0.013,14.953,0.029,33.844,0.009,11.462,0.065,43.417,0.074,19.813,0.007,37.226,0.01,32.034,0.007,63.58,0.01
17.563,0.828,35.058,0.686,15.917,0.828,35.87,0.686,32.55,0.141,59.538,0.055,29.508,0.141,65.769,0.055,5.613,0.314,12.071,0.096,9.956,0.314,23.724,0.096,9.533,0.26,22.754,0.063,8.685,0.26,18.188,0.063,6.302,0.01,21.253,0.02,5.174,0.019,34.826,0.004,6.76,0.019,41.344,0.004,7.434,0.019,43.652,0.004,7.104,0.257,35.649,0.073,22.368,0.257,76.591,0.073,14.754,0.257,63.82,0.073,38.13,0.02,47.597,0.018,33.418,0.02,39.835,0.018,23.526,0.218,28.935,0.198,13.181,0.032,47.833,0.015,9.453,0.051,18.987,0.015,13.947,0.03,33.575,0.013,11.016,0.047,43.119,0.082,18.403,0.012,35.376,0.012,30.283,0.012,61.695,0.012
16.65,0.809,34.956,0.696,14.911,0.809,35.725,0.696,30.643,0.127,59.208,0.06,26.593,0.127,65.428,0.06,5.496,0.329,12.209,0.126,9.968,0.329,23.747,0.126,9.46,0.28,22.597,0.055,8.801,0.28,18.437,0.055,6.452,0.016,21.8,0.015,5.16,0.006,34.58,0.011,6.761,0.006,41.521,0.011,7.466,0.006,43.828,0.011,7.209,0.262,35.652,0.058,21.835,0.262,76.381,0.058,14.654,0.262,63.92,0.058,39.349,0.024,48.285,0.017,34.238,0.024,40.327,0.017,24.281,0.2,29.62,0.19,12.534,0.023,47.839,0.01,9.041,0.054,18.949,0.025,13.198,0.023,33.288,0.017,10.812,0.076,43.262,0.06,18.618,0.012,35.852,0.013,30.023,0.012,62.518,0.013
16.052,0.792,35.025,0.637,14.011,0.792,35.508,0.637,29.966,0.14,59.064,0.064,24.054,0.14,65.384,0.064,5.628,0.314,12.465,0.119,9.544,0.314,22.797,0.119,8.942,0.278,21.312,0.071,8.646,0.278,18.453,0.071,6.573,0.011,22.028,0.015,5.19,0.008,34.571,0.015,6.804,0.008,41.363,0.015,7.362,0.008,43.98,0.015,6.732,0.23,33.893,0.073,21.826,0.23,76.872,0.073,13.933,0.23,61.64,0.073,40.676,0.031,49.256,0.023,35.214,0.031,41.13,0.023,24.962,0.232,30.292,0.184,11.959,0.02,47.727,0.013,8.688,0.051,18.923,0.017,12.521,0.021,32.884,0.014,10.738,0.091,43.661,0.058,17.802,0.01,35.029,0.007,29.107,0.01,61.317,0.007
15.185,0.822,34.698,0.649,13.326,0.822,34.972,0.649,29.62,0.125,58.977,0.068,22.141,0.125,65.411,0.068,5.584,0.332,12.741,0.11,9.737,0.332,23.456,0.11,9.411,0.292,22.902,0.05,8.549,0.292,18.27,0.05,6.527,0.018,22.27,0.018,5.158,0.027,34.401,0.006,6.787,0.027,40.996,0.006,7.331,0.027,43.871,0.006,6.709,0.241,33.675,0.046,21.498,0.241,77.273,0.046,13.783,0.241,61.185,0.046,41.302,0.017,49.315,0.014,35.322,0.017,41.169,0.014,24.993,0.202,30.026,0.158,11.387,0.022,47.538,0.008,8.313,0.032,18.883,0.014,12.046,0.026,32.644,0.014,10.446,0.061,43.295,0.076,18.778,0.014,36.935,0.009,29.884,0.014,63.274,0.009
14.581,0.772,34.75,0.666,12.811,0.772,35.107,0.666,29.191,0.127,58.884,0.072,20.435,0.127,65.214,0.072,5.413,0.294,12.452,0.1,9.867,0.294,23.873,0.1,9.262,0.249,22.482,0.049,8.445,0.249,18.162,0.049,6.556,0.013,22.524,0.016,5.155,0.029,34.367,0.015,6.764,0.029,40.974,0.015,7.413,0.029,43.848,0.015,6.707,0.236,34.301,0.09,21.204,0.236,77.106,0.09,13.869,0.236,62.036,0.09,40,0.024,47.734,0.02,34.523,0.024,39.936,0.02,24.294,0.176,28.827,0.172,11.048,0.018,46.867,0.013,8.051,0.054,18.824,0.012,11.586,0.018,32.707,0.022,10.333,0.107,43.156,0.063,18.795,0.015,36.839,0.012,29.605,0.015,63.235,0.012
14.204,0.785,34.825,0.629,12.468,0.785,34.972,0.629,28.596,0.125,58.727,0.067,18.832,0.125,65.12,0.067,5.489,0.312,12.658,0.098,9.49,0.312,22.996,0.098,9.118,0.277,22.378,0.084,8.427,0.277,18.233,0.084,7.021,0.018,24.348,0.016,5.122,0.008,34.096,0,6.702,0.008,40.902,0,7.437,0.008,43.66,0,6.558,0.23,33.271,0.041,21.111,0.23,77.164,0.041,13.575,0.23,60.794,0.041,35.371,0.025,45.659,0.015,27.15,0.025,38.167,0.015,22.176,0.185,27.674,0.181,10.682,0.024,46.063,0.006,7.904,0.058,18.618,0.03,11.317,0.018,32.764,0.018,10.148,0.076,42.709,0.073,19.454,0.018,38.402,0.009,30.238,0.018,64.388,0.009
14.119,0.759,34.98,0.642,12.412,0.759,35.261,0.642,27.374,0.112,58.702,0.061,17.859,0.112,65.146,0.061,5.244,0.327,12.42,0.101,9.732,0.327,23.662,0.101,9.301,0.267,22.997,0.062,8.292,0.267,17.986,0.062,7.192,0.017,24.996,0.015,5.093,0.008,33.75,0.008,6.735,0.008,40.703,0.008,7.356,0.008,43.646,0.008,6.59,0.236,33.4,0.058,20.888,0.236,77.487,0.058,13.611,0.236,61.062,0.058,26.221,0.014,44.991,0.013,17.916,0.014,37.667,0.013,17.904,0.166,27.305,0.183,10.421,0.016,45.869,0.008,7.781,0.061,18.772,0.021,11.016,0.025,32.42,0.008,10.059,0.079,42.673,0.086,18.423,0.013,36.56,0.007,29.353,0.013,63.052,0.007
13.381,0.74,34.315,0.629,11.795,0.74,34.394,0.629,26.243,0.117,58.508,0.063,16.554,0.117,64.907,0.063,5.276,0.307,12.582,0.101,9.741,0.307,23.797,0.101,8.968,0.276,21.96,0.083,8.364,0.276,18.219,0.083,7.293,0.009,25.264,0.018,5.02,0.015,33.444,0.011,6.56,0.015,40.03,0.011,7.303,0.015,43.29,0.011,6.588,0.262,33.494,0.084,20.748,0.262,77.092,0.084,13.696,0.262,61.207,0.084,18.966,0.025,44.581,0.015,12.996,0.025,37.357,0.015,13.973,0.195,26.985,0.203,10.223,0.016,46.078,0.013,7.625,0.069,18.7,0.021,10.772,0.023,32.251,0.015,9.944,0.071,42.707,0.062,17.368,0.007,34.537,0.008,28.218,0.007,61.01,0.008
13.373,0.728,34.68,0.637,11.855,0.728,35.294,0.637,25.806,0.129,58.555,0.069,15.759,0.129,64.955,0.069,5.273,0.309,12.319,0.105,10.073,0.309,24.397,0.105,9.349,0.28,23.091,0.064,8.259,0.28,18.081,0.064,7.283,0.013,25.262,0.021,4.988,0.013,32.981,0.017,6.525,0.013,39.678,0.017,7.259,0.013,42.864,0.017,6.447,0.227,32.906,0.082,20.724,0.227,77.2,0.082,13.336,0.227,60.185,0.082,14.872,0.018,44.124,0.02,10.614,0.018,37.113,0.02,11.396,0.197,26.807,0.171,10.204,0.025,46.867,0.008,7.541,0.059,18.805,0.021,10.501,0.023,31.863,0.014,9.918,0.078,42.359,0.074,17.756,0.02,35.091,0.013,28.485,0.02,61.381,0.013
13.144,0.761,34.686,0.656,11.601,0.761,35.066,0.656,25.006,0.127,58.544,0.054,15.097,0.127,64.52,0.054,5.238,0.309,12.251,0.086,10.002,0.309,24.152,0.086,9.149,0.25,22.675,0.055,8.225,0.25,18.002,0.055,7.392,0.021,25.516,0.014,4.978,0.011,32.949,0.017,6.551,0.011,39.579,0.017,7.299,0.011,43.016,0.017,6.565,0.241,33.398,0.05,20.553,0.241,76.933,0.05,13.615,0.241,60.812,0.05,12.733,0.016,43.97,0.012,9.414,0.016,37.065,0.012,9.723,0.212,26.748,0.166,10.077,0.021,46.744,0.017,7.409,0.052,18.84,0.018,10.266,0.017,31.582,0.017,9.833,0.077,42.204,0.085,18.34,0.006,36.471,0.009,29.118,0.006,62.269,0.009
12.901,0.74,34.575,0.645,11.486,0.74,34.901,0.645,24.806,0.129,58.363,0.057,14.393,0.129,64.697,0.057,5.182,0.333,12.137,0.085,9.942,0.333,24.036,0.085,8.998,0.278,21.958,0.055,8.181,0.278,17.794,0.055,7.397,0.015,25.583,0.011,4.931,0.013,32.861,0.017,6.536,0.013,39.373,0.017,7.211,0.013,43.225,0.017,6.718,0.258,34.205,0.065,20.533,0.258,76.818,0.065,13.829,0.258,62.049,0.065,11.096,0.012,43.332,0.017,8.606,0.012,36.463,0.017,8.365,0.19,26.105,0.187,10.072,0.015,47.091,0.006,7.295,0.04,18.585,0.022,10.231,0.018,31.734,0.021,9.722,0.058,42.059,0.088,17.54,0.01,34.836,0.007,28.33,0.01,61.081,0.007
