G6Pdh_1-488,G6Pdh_1-BG,G6Pdh_1-568,G6Pdh_1-BG,G6Pdh_2-488,G6Pdh_2-BG,G6Pdh_2-568,G6Pdh_2-BG,G6Pdh_3-488,G6Pdh_3-BG,G6Pdh_3-568,G6Pdh_3-BG,G6Pdh_4-488,G6Pdh_4-BG,G6Pdh_4-568,G6Pdh_4-BG,G6Pdh_5-488,G6Pdh_5-BG,G6Pdh_5-568,G6Pdh_5-BG,G6Pdh_6-488,G6Pdh_6-BG,G6Pdh_6-568,G6Pdh_6-BG,G6Pdh_7-488,G6Pdh_7-BG,G6Pdh_7-568,G6Pdh_7-BG,G6Pdh_8-488,G6Pdh_8-BG,G6Pdh_8-568,G6Pdh_8-BG,G6Pdh_9-488,G6Pdh_9-BG,G6Pdh_9-568,G6Pdh_9-BG,G6Pdh_10-488,G6Pdh_10-BG,G6Pdh_10-568,G6Pdh_10-BG,G6Pdh_11-488,G6Pdh_11-BG,G6Pdh_11-568,G6Pdh_11-BG,G6Pdh_12-488,G6Pdh_12-BG,G6Pdh_12-568,G6Pdh_12-BG,G6Pdh_13-488,G6Pdh_13-BG,G6Pdh_13-568,G6Pdh_13-BG,G6Pdh_14-488,G6Pdh_14-BG,G6Pdh_14-568,G6Pdh_14-BG,G6Pdh_15-488,G6Pdh_15-BG,G6Pdh_15-568,G6Pdh_15-BG,G6Pdh_16-488,G6Pdh_16-BG,G6Pdh_16-568,G6Pdh_16-BG,G6Pdh_17-488,G6Pdh_17-BG,G6Pdh_17-568,G6Pdh_17-BG,G6Pdh_18-488,G6Pdh_18-BG,G6Pdh_18-568,G6Pdh_18-BG,G6Pdh_19-488,G6Pdh_19-BG,G6Pdh_19-568,G6Pdh_19-BG,G6Pdh_20-488,G6Pdh_20-BG,G6Pdh_20-568,G6Pdh_20-BG,G6Pdh_21-488,G6Pdh_21-BG,G6Pdh_21-568,G6Pdh_21-BG,G6Pdh_22-488,G6Pdh_22-BG,G6Pdh_22-568,G6Pdh_22-BG
24.521,0.253,46.135,0.076,10.717,0.253,40.949,0.076,15.167,0.253,52.428,0.076,48.365,0.038,40.16,0.035,33.348,0.038,42.127,0.035,13.893,0.031,27.624,0.014,6.064,0.01,52.615,0.028,3.252,0.01,16.777,0.028,11.367,0.017,32.708,0.01,26.28,0.024,86.37,0.028,7.957,0.01,36.485,0.003,34.243,0.132,50.29,0.074,30.134,0.132,60.805,0.074,27.612,0.132,51.182,0.074,27.605,0.045,69.04,0.023,10.649,0.025,38.507,0.033,7.839,0.025,33.585,0.033,38.999,0.39,62.736,0.211,32.435,0.39,40.268,0.211,44.443,0.562,75.273,0.298,18.991,0.048,44.796,0.029,50.02,0.048,71.641,0.029
24.497,0.205,46.152,0.059,10.736,0.205,40.95,0.059,15.355,0.205,52.538,0.059,48.886,0.035,39.843,0.014,34.824,0.035,42.201,0.014,13.899,0.038,27.426,0.021,5.645,0.017,50.853,0.017,3.406,0.017,16.878,0.017,12.044,0.003,33.404,0.007,27.104,0.021,85.429,0.024,8.402,0.007,35.718,0.01,33.072,0.068,47.119,0.048,30.931,0.068,59.591,0.048,29.14,0.068,50.975,0.048,27.293,0.037,68.877,0.029,10.682,0.029,38.692,0.025,7.832,0.029,33.813,0.025,39.483,0.481,62.394,0.229,32.285,0.481,39.376,0.229,44.284,0.543,76.469,0.273,20.687,0.037,46.574,0.037,52.638,0.037,71.578,0.037
24.57,0.278,46.27,0.062,11.063,0.278,40.946,0.062,15.73,0.278,52.442,0.062,48.004,0.031,38.927,0.021,35.968,0.031,41.853,0.021,13.931,0.021,26.566,0.003,5.649,0.01,51.127,0.021,3.492,0.01,17.064,0.021,12.383,0.01,33.686,0.003,28.015,0.031,85.381,0.017,8.62,0,36,0.01,33.945,0.076,47.031,0.058,31.659,0.076,59.857,0.058,30.764,0.076,50.959,0.058,26.434,0.052,67.987,0.025,10.588,0.01,38.663,0.014,8.033,0.01,33.935,0.014,40.298,0.397,62.496,0.256,33.209,0.397,40.308,0.256,44.163,0.576,75.648,0.32,21.873,0.041,46.876,0.05,54.929,0.041,71.355,0.05
24.052,0.267,45.767,0.059,11,0.267,40.297,0.059,16.123,0.267,53.166,0.059,47.333,0.017,38.53,0.021,36.802,0.017,41.734,0.021,14.878,0.021,27.56,0.01,5.577,0.028,51.088,0.031,3.647,0.028,16.966,0.031,13.625,0.003,37.005,0.007,28.772,0.024,85.228,0.017,9.06,0.007,36.001,0.014,34.925,0.091,47.108,0.048,32.445,0.091,59.779,0.048,32.222,0.091,51.439,0.048,25.877,0.039,67.721,0.023,10.595,0.023,38.644,0.006,8.207,0.023,33.96,0.006,40.929,0.448,62.074,0.25,32.378,0.448,39.129,0.25,44.007,0.591,74.95,0.376,22.447,0.058,45.997,0.045,56.287,0.058,70.893,0.045
24.362,0.24,45.733,0.042,11.308,0.24,40.498,0.042,16.541,0.24,52.845,0.042,46.55,0.031,37.987,0.035,37.373,0.031,41.581,0.035,15.465,0.01,27.922,0.014,5.603,0.007,50.996,0.014,3.768,0.007,17.118,0.014,13.787,0.003,36.951,0.01,29.415,0.014,85.254,0.014,9.598,0.007,35.866,0.01,36.401,0.07,47.607,0.048,32.944,0.07,59.904,0.048,33.262,0.07,50.986,0.048,24.829,0.025,65.562,0.012,10.529,0.023,38.623,0.017,8.234,0.023,33.728,0.017,41.347,0.432,62.081,0.233,33.234,0.432,39.931,0.233,43.989,0.649,76.134,0.343,24.185,0.052,47.416,0.041,58.562,0.052,71.154,0.041
24.239,0.215,45.475,0.09,11.434,0.215,40.366,0.09,17.185,0.215,53.673,0.09,46.219,0.017,37.962,0.028,38.014,0.017,41.665,0.028,15.741,0.024,27.814,0.017,5.548,0,51.103,0.01,3.933,0,17.151,0.01,13.325,0.014,34.293,0.017,29.918,0.021,85.409,0.028,9.981,0.01,36.052,0.007,37.516,0.11,47.989,0.054,33.377,0.11,59.932,0.054,34.403,0.11,51.075,0.054,24.125,0.039,64.602,0.014,10.411,0.014,38.448,0.01,8.415,0.014,33.56,0.01,41.478,0.366,61.644,0.202,32.962,0.366,39.321,0.202,43.737,0.486,77.581,0.277,24.492,0.058,45.681,0.035,59.782,0.058,70.972,0.035
24.536,0.264,45.548,0.08,11.727,0.264,40.526,0.08,17.476,0.264,53.11,0.08,45.684,0.031,37.68,0.024,38.519,0.031,41.408,0.024,15.547,0.021,27.138,0.014,5.45,0.01,50.452,0.003,4.088,0.01,17.342,0.003,13.223,0.01,34.661,0.007,30.383,0.024,85.725,0.028,10.323,0.003,35.939,0,38.589,0.105,48.241,0.066,33.937,0.105,60.198,0.066,35.061,0.105,51.288,0.066,23.063,0.037,62.853,0.029,10.387,0.029,37.978,0.019,8.539,0.029,33.763,0.019,41.47,0.409,61.306,0.258,32.308,0.409,39.019,0.258,43.678,0.564,76.431,0.326,24.58,0.035,43.996,0.064,60.441,0.035,69.97,0.064
23.946,0.194,45.181,0.069,11.611,0.194,39.836,0.069,17.612,0.194,53.727,0.069,44.905,0.017,37.278,0.014,38.653,0.017,41.182,0.014,15.376,0.003,26.947,0.021,5.402,0.01,50.838,0.035,4.096,0.01,17.304,0.035,13.799,0.014,37.291,0.01,30.4,0.042,85.634,0.014,10.551,0.007,35.934,0.007,38.059,0.105,47.107,0.035,34.378,0.105,59.938,0.035,36.2,0.105,51.481,0.035,21.666,0.041,60.076,0.012,10.211,0.017,37.647,0.017,8.603,0.017,33.556,0.017,41.607,0.424,61.246,0.194,32.278,0.424,38.973,0.194,43.53,0.537,77.037,0.351,25.448,0.058,43.927,0.023,61.748,0.058,69.91,0.023
23.617,0.257,44.917,0.052,11.671,0.257,39.661,0.052,17.683,0.257,54.116,0.052,44.864,0.031,37.211,0.021,39.146,0.031,41.101,0.021,15.476,0.021,26.961,0.028,5.177,0.024,49.82,0.014,4.119,0.024,17.35,0.014,13.405,0.01,37.047,0.01,30.359,0.021,85.259,0.01,10.832,0,36.008,0.014,37.344,0.068,45.801,0.058,34.812,0.068,60.008,0.058,37.014,0.068,51.867,0.058,20.5,0.05,57.742,0.017,10.177,0.021,37.106,0.021,8.775,0.021,33.708,0.021,41.522,0.374,61.072,0.236,31.066,0.374,37.565,0.236,43.279,0.537,76.612,0.333,26.104,0.029,43.552,0.027,62.222,0.029,69.759,0.027
23.033,0.194,44.305,0.073,11.635,0.194,39.247,0.073,17.742,0.194,54.018,0.073,44.07,0.066,36.784,0.024,39.246,0.066,40.869,0.024,14.988,0.017,27.045,0.021,5.129,0.007,50.022,0.024,4.052,0.007,17.295,0.024,13.265,0.003,37.168,0.003,30.218,0.014,84.924,0.003,10.908,0.017,35.883,0.007,37.683,0.097,45.599,0.05,34.962,0.097,59.694,0.05,37.301,0.097,51.954,0.05,19.354,0.035,55.491,0.01,10.028,0.021,36.374,0.023,8.989,0.021,33.747,0.023,41.557,0.403,60.799,0.225,31.278,0.403,37.465,0.225,43.002,0.564,76.884,0.345,27.53,0.052,44.685,0.037,63.708,0.052,70.027,0.037
23.276,0.181,44.817,0.038,11.891,0.181,39.752,0.038,17.866,0.181,54.029,0.038,43.247,0.042,36.173,0.01,39.346,0.042,40.695,0.01,14.751,0.01,27.115,0.035,4.987,0.021,49.906,0.017,3.959,0.021,17.298,0.017,12.686,0.014,35.446,0.01,30.115,0.028,84.396,0.007,11.052,0.017,35.568,0,36.865,0.074,44.351,0.045,35.283,0.074,59.199,0.045,37.78,0.074,51.826,0.045,18.3,0.035,52.891,0.019,9.867,0.023,35.955,0.023,9.043,0.023,33.663,0.023,41.373,0.393,60.826,0.207,30.472,0.393,36.48,0.207,42.575,0.424,79.016,0.248,28.211,0.045,44.147,0.039,64.186,0.045,69.478,0.039
22.383,0.194,44.23,0.083,11.572,0.194,38.986,0.083,17.707,0.194,54.469,0.083,42.576,0.035,35.822,0.01,39.349,0.035,40.322,0.01,14.582,0.031,27.299,0.007,4.973,0.014,49.885,0.021,3.928,0.014,17.242,0.021,13.04,0.014,36.847,0.014,30.145,0.031,83.92,0.007,11.167,0.014,35.352,0.017,36.385,0.054,43.674,0.031,35.4,0.054,58.735,0.031,38.121,0.054,51.637,0.031,17.979,0.035,52.736,0.01,9.828,0.021,35.367,0.019,9.408,0.021,33.624,0.019,41.738,0.374,60.683,0.188,30.468,0.374,36.77,0.188,42.304,0.401,79.543,0.229,27.886,0.033,42.726,0.027,63.497,0.033,68.71,0.027
22.113,0.233,44.037,0.094,11.642,0.233,39.016,0.094,17.732,0.233,54.529,0.094,42.829,0.035,36.079,0.021,39.826,0.035,40.545,0.021,14.652,0.017,27.441,0.007,4.832,0.017,49.349,0.014,3.967,0.017,17.344,0.014,12.831,0.017,35.897,0.01,30.133,0.024,83.452,0.01,11.23,0.017,35.379,0.021,35.985,0.05,42.795,0.039,35.672,0.05,58.546,0.039,38.269,0.05,51.73,0.039,17.753,0.027,52.665,0.008,9.755,0.014,34.887,0.023,9.452,0.014,33.615,0.023,41.525,0.341,60.494,0.198,29.583,0.341,35.602,0.198,41.908,0.329,79.989,0.248,29.839,0.052,44.493,0.029,65.059,0.052,69.657,0.029
22.273,0.236,44.502,0.073,11.927,0.236,39.495,0.073,17.763,0.236,53.971,0.073,42.668,0.021,35.753,0.021,39.951,0.021,40.367,0.021,14.173,0.01,27.143,0.021,4.711,0.014,48.899,0.021,3.89,0.014,17.101,0.021,12.908,0.01,36.302,0.01,30.2,0.035,82.79,0.021,11.395,0.003,35.116,0.014,35.383,0.07,41.982,0.039,35.936,0.07,58.073,0.039,38.403,0.07,51.788,0.039,16.819,0.037,50.179,0.025,9.659,0.017,34.284,0.021,9.63,0.017,33.823,0.021,41.559,0.298,60.455,0.2,29.748,0.298,35.743,0.2,41.419,0.293,80.29,0.174,30.352,0.045,44.257,0.031,65.246,0.045,69.165,0.031
21.518,0.233,44.202,0.076,11.701,0.233,39.087,0.076,17.396,0.233,54.29,0.076,41.988,0.035,35.213,0.017,39.802,0.035,40.025,0.017,14.12,0.028,27.124,0.028,4.559,0.007,48.264,0.024,3.856,0.007,17.09,0.024,12.64,0.007,35.986,0,30.28,0.038,82.318,0.017,11.519,0.017,35.06,0.014,35.559,0.056,41.819,0.048,36.396,0.056,57.946,0.048,38.935,0.056,51.911,0.048,16.468,0.035,49.564,0.012,9.654,0.021,34.274,0.008,9.874,0.021,33.68,0.008,41.84,0.388,60.09,0.209,29.593,0.388,35.341,0.209,41.152,0.275,80.235,0.153,31.935,0.068,45.389,0.045,66.023,0.068,69.266,0.045
21.401,0.253,44.145,0.076,11.709,0.253,39.202,0.076,17.502,0.253,54.126,0.076,42.418,0.035,35.697,0.01,40.314,0.035,40.335,0.01,14.09,0.014,27.338,0.007,4.517,0.014,47.922,0.017,3.817,0.014,17.086,0.017,13.141,0.014,38.05,0.01,30.512,0.021,81.995,0.014,11.608,0.021,34.789,0.014,35.228,0.052,41.226,0.029,36.469,0.052,57.797,0.029,38.809,0.052,51.848,0.029,16.003,0.033,48.456,0.012,9.622,0.027,33.855,0.025,10.04,0.027,33.673,0.025,42.275,0.343,60.097,0.155,28.818,0.343,35.006,0.155,39.069,0.174,79.627,0.095,33.58,0.045,46.758,0.05,66.482,0.045,69.049,0.05
21.109,0.247,43.997,0.076,11.886,0.247,39.099,0.076,17.37,0.247,54.044,0.076,41.458,0.017,34.791,0.014,40.063,0.017,39.671,0.014,13.623,0.017,26.669,0.017,4.287,0.017,46.576,0.021,3.875,0.017,17.064,0.021,13.078,0.01,38.106,0.003,30.753,0.031,81.421,0.003,11.786,0.014,34.883,0.007,34.822,0.048,40.818,0.035,36.755,0.048,57.614,0.035,39.07,0.048,51.878,0.035,15.169,0.021,45.855,0.025,9.593,0.031,33.705,0.012,10.327,0.031,33.485,0.012,42.233,0.372,59.821,0.213,28.7,0.372,34.719,0.213,38.193,0.138,78.606,0.11,34.446,0.06,47.01,0.056,66.563,0.06,69.014,0.056
20.164,0.264,43.587,0.073,11.555,0.264,38.509,0.073,17.152,0.264,54.428,0.073,40.593,0.028,34.258,0.007,39.725,0.028,39.401,0.007,13.768,0.08,26.778,0.038,4.199,0.017,46.326,0.014,3.887,0.017,17.081,0.014,12.809,0.014,36.931,0.014,31.268,0.031,81.74,0.007,11.881,0.014,34.589,0.01,34.477,0.05,40.193,0.039,36.974,0.05,57.315,0.039,38.884,0.05,51.686,0.039,14.719,0.037,44.297,0.012,9.634,0.021,33.25,0.017,10.634,0.021,33.697,0.017,42.404,0.357,59.863,0.207,28.584,0.357,34.22,0.207,36.784,0.105,76.799,0.076,34.726,0.072,46.612,0.035,66.516,0.072,68.844,0.035
20.567,0.205,44.063,0.056,11.863,0.205,39.23,0.056,17.307,0.205,54.084,0.056,40.276,0.031,33.893,0.024,39.687,0.031,39.172,0.024,13.814,0.007,26.911,0.007,4.151,0.01,46.122,0.014,3.893,0.01,17.037,0.014,12.554,0.007,36.738,0.003,31.484,0.038,81.338,0.024,11.907,0.017,34.679,0.024,33.45,0.021,38.777,0.037,37.113,0.021,56.723,0.037,39.239,0.021,52.013,0.037,14.788,0.029,45.33,0.008,9.661,0.021,33.168,0.025,10.666,0.021,34.038,0.025,42.692,0.357,59.778,0.236,28.659,0.357,34.34,0.236,36.475,0.095,76.176,0.064,34.783,0.068,45.849,0.043,66.65,0.068,68.427,0.043
20.017,0.25,43.704,0.073,11.674,0.25,38.78,0.073,17.106,0.25,54.257,0.073,40.296,0.028,33.906,0.024,39.631,0.028,39.153,0.024,13.903,0.017,26.918,0.014,4.201,0.021,46.783,0.021,3.933,0.021,16.955,0.021,12.694,0.003,36.454,0.017,32.018,0.028,80.659,0.003,12.066,0.007,34.385,0.007,33.143,0.05,38.549,0.025,37.526,0.05,56.479,0.025,39.267,0.05,51.955,0.025,13.897,0.029,42.026,0.017,9.656,0.014,32.779,0.027,11.058,0.014,33.587,0.027,42.54,0.38,59.731,0.169,28.323,0.38,34.059,0.169,36.45,0.14,75.819,0.062,33.785,0.052,44.176,0.043,66.329,0.052,68.451,0.043
19.364,0.243,43.337,0.062,11.499,0.243,38.626,0.062,17.125,0.243,54.535,0.062,39.139,0.045,33.188,0.028,38.943,0.045,38.457,0.028,13.902,0.007,27.049,0.003,4.083,0.01,45.868,0.014,3.963,0.01,16.855,0.014,12.132,0.01,34.845,0.01,32.189,0.024,80.153,0.028,12.105,0.007,34.463,0.007,32.919,0.027,37.781,0.014,37.765,0.027,56.381,0.014,39.505,0.027,52.031,0.014,13.709,0.048,41.421,0.01,9.738,0.031,32.605,0.01,11.292,0.031,34.181,0.01,42.905,0.339,59.495,0.238,28.585,0.339,33.975,0.238,36.634,0.093,75.711,0.072,33.278,0.039,42.732,0.037,66.018,0.039,67.764,0.037
19.393,0.236,44.023,0.062,11.73,0.236,38.803,0.062,17.152,0.236,54.365,0.062,38.372,0.042,32.581,0.031,38.769,0.042,38.101,0.031,13.919,0.014,27.032,0.007,3.963,0.007,45.117,0.028,3.999,0.007,17.009,0.028,13.129,0.007,37.589,0.007,32.465,0.028,79.977,0.01,12.254,0.017,34.49,0.003,32.569,0.062,37.324,0.017,38.069,0.062,56.148,0.017,39.673,0.062,52.1,0.017,13.295,0.029,39.784,0.01,9.792,0.031,32.404,0.027,11.418,0.031,33.915,0.027,43.1,0.289,59.381,0.182,28.379,0.289,33.749,0.182,35.729,0.081,73.696,0.052,35.052,0.058,44.433,0.05,66.829,0.058,68.561,0.05
19.285,0.247,43.902,0.069,11.605,0.247,38.781,0.069,17.192,0.247,54.718,0.069,38.858,0.028,32.793,0.021,38.869,0.028,38.121,0.021,14.27,0.01,27.552,0.007,3.889,0.01,44.594,0.007,4.079,0.01,16.948,0.007,13.476,0.014,38.672,0.014,33.039,0.021,79.672,0,12.301,0.007,34.229,0.01,32.715,0.033,37.289,0.027,38.577,0.033,56.119,0.027,39.795,0.033,52.199,0.027,12.421,0.021,37.132,0.025,9.795,0.035,32.225,0.012,11.769,0.035,33.885,0.012,43.31,0.285,59.215,0.153,28.29,0.285,33.581,0.153,36.293,0.083,74.127,0.062,34.623,0.062,43.614,0.029,66.185,0.062,68.251,0.029
18.655,0.222,43.556,0.042,11.596,0.222,38.703,0.042,17.107,0.222,54.78,0.042,38.293,0.028,32.285,0.017,38.658,0.028,37.848,0.017,14.274,0.021,27.017,0.007,3.863,0.028,44.097,0.028,4.097,0.028,16.845,0.028,13.035,0.003,37.358,0.007,33.331,0.01,79.316,0.024,12.332,0.017,34.291,0.01,32.717,0.027,37.151,0.021,38.908,0.027,56.084,0.021,40.107,0.027,52.281,0.021,12.565,0.031,37.643,0.019,9.867,0.023,32.014,0.006,12.077,0.023,33.815,0.006,43.516,0.302,59.234,0.171,28.363,0.302,33.513,0.171,35.514,0.072,72.533,0.045,33.131,0.043,41.377,0.048,65.14,0.043,67.215,0.048
18.474,0.181,43.463,0.059,11.443,0.181,38.378,0.059,16.989,0.181,55.001,0.059,38.311,0,32.219,0.021,38.894,0,37.875,0.021,14.501,0.097,27.335,0.031,3.746,0.01,43.227,0.01,4.158,0.01,16.784,0.01,13.519,0.021,38.637,0.014,33.786,0.017,79.151,0.01,12.485,0.007,34.064,0.017,32.409,0.027,36.47,0.019,39.13,0.027,55.682,0.019,40.23,0.027,52.294,0.019,12.712,0.035,38.281,0.01,9.951,0.019,31.821,0.023,12.238,0.019,33.788,0.023,43.503,0.331,58.973,0.186,27.93,0.331,33.139,0.186,35.518,0.076,72.07,0.066,33.786,0.037,41.692,0.031,65.802,0.037,67.381,0.031
18.237,0.236,43.096,0.069,11.389,0.236,38.233,0.069,17.056,0.236,54.891,0.069,38.388,0.045,32.225,0.01,38.989,0.045,37.787,0.01,14.479,0.035,26.74,0.021,3.755,0.014,43.005,0.017,4.208,0.014,16.618,0.017,13.324,0,37.766,0.014,34.115,0.042,78.542,0.007,12.65,0.014,33.907,0,31.325,0.031,35.218,0.033,39.062,0.031,55.172,0.033,40.263,0.031,51.98,0.033,12.627,0.014,37.753,0.012,9.947,0.035,31.617,0.017,12.384,0.035,34.033,0.017,43.728,0.302,58.975,0.176,27.731,0.302,32.949,0.176,35.15,0.074,71.039,0.041,33.561,0.045,40.94,0.056,65.58,0.045,67.241,0.056
17.958,0.229,43.029,0.083,11.368,0.229,38.313,0.083,17.05,0.229,54.777,0.083,38.205,0.035,32.182,0.003,39.147,0.035,37.742,0.003,14.751,0.031,26.945,0.024,3.765,0.017,43.427,0.003,4.193,0.017,16.618,0.003,12.677,0.014,35.547,0.01,34.441,0.028,78.335,0,12.468,0.007,33.955,0.003,31.347,0.031,35.043,0.027,39.401,0.031,55.085,0.027,40.308,0.031,52.357,0.027,12.104,0.025,36.026,0.006,9.985,0.019,31.323,0.023,12.755,0.019,33.971,0.023,43.835,0.318,59.193,0.217,27.503,0.318,32.66,0.217,33.07,0.076,66.976,0.045,32.308,0.037,39.232,0.029,64.443,0.037,65.888,0.029
17.617,0.257,42.452,0.038,11.226,0.257,37.718,0.038,17.03,0.257,55.059,0.038,37.921,0.007,31.799,0.024,38.873,0.007,37.522,0.024,14.815,0.007,26.77,0.014,3.793,0.017,43.098,0.014,4.278,0.017,16.612,0.014,12.574,0.014,34.831,0.007,35.164,0.031,78.661,0.014,12.644,0.01,33.764,0.01,31.021,0.033,34.657,0.021,39.553,0.033,54.771,0.021,40.542,0.033,52.235,0.021,12.262,0.031,36.427,0.01,10.078,0.021,31.399,0.01,13.083,0.021,34.076,0.01,43.81,0.275,59.018,0.182,27.477,0.275,32.453,0.182,32.734,0.07,65.95,0.05,32.904,0.054,39.859,0.035,64.984,0.054,66.497,0.035
17.446,0.24,42.393,0.059,11.18,0.24,37.688,0.059,17.179,0.24,54.944,0.059,37.942,0.031,31.686,0.021,39.005,0.031,37.5,0.021,15.123,0.007,27.016,0.021,3.7,0.007,42.862,0.01,4.36,0.007,16.72,0.01,13.052,0.007,36.292,0.017,35.769,0.017,78.413,0.021,12.672,0.017,33.756,0.007,30.746,0.014,34.271,0.027,39.748,0.014,54.465,0.027,40.726,0.014,52.31,0.027,11.956,0.019,35.406,0.008,10.096,0.023,31.105,0.021,13.103,0.023,33.768,0.021,44.018,0.275,59.051,0.221,27.06,0.275,32.045,0.221,30.521,0.064,61.313,0.052,33.141,0.05,39.913,0.045,64.934,0.05,66.508,0.045
17.288,0.274,42.154,0.042,11.153,0.274,37.427,0.042,17.199,0.274,55.124,0.042,38,0.031,31.802,0.024,39.063,0.031,37.459,0.024,14.822,0.01,26.202,0.01,3.729,0.017,42.52,0.007,4.379,0.017,16.575,0.007,12.801,0.014,34.854,0.01,35.861,0.017,77.596,0.003,12.747,0.031,33.486,0.01,30.469,0.021,33.774,0.01,39.9,0.021,54.279,0.01,40.923,0.021,52.204,0.01,12.112,0.025,35.828,0.014,10.179,0.023,30.941,0.01,13.491,0.023,34.04,0.01,44.054,0.267,58.79,0.194,27.054,0.267,31.965,0.194,30.564,0.05,60.752,0.031,32.997,0.048,39.333,0.037,64.758,0.048,66.061,0.037
17.113,0.281,41.925,0.059,11.227,0.281,37.387,0.059,17.399,0.281,54.962,0.059,36.973,0.035,30.896,0.035,38.433,0.035,36.792,0.035,15.086,0.007,26.489,0.014,3.747,0.014,42.523,0.014,4.45,0.014,16.563,0.014,13.016,0.007,35.502,0.014,36.032,0.038,76.782,0.003,12.7,0.014,33.324,0.01,30.129,0.019,33.336,0.023,40.011,0.019,53.801,0.023,40.833,0.019,52.103,0.023,11.51,0.021,33.474,0.008,10.345,0.029,30.776,0.019,13.856,0.029,34.032,0.019,44.264,0.306,58.833,0.2,26.948,0.306,31.904,0.2,30.859,0.066,60.873,0.037,32.829,0.041,38.819,0.05,64.519,0.041,65.796,0.05
16.916,0.243,41.728,0.049,11.254,0.243,37.213,0.049,17.656,0.243,54.862,0.049,36.512,0.042,30.569,0.017,38.276,0.042,36.439,0.017,15.491,0.01,26.79,0.031,3.714,0.017,42.336,0.021,4.606,0.017,16.539,0.021,13.418,0.007,36.623,0.01,36.446,0.017,76.622,0.017,12.715,0.017,33.214,0.007,29.864,0.023,32.997,0.025,40.246,0.023,53.759,0.025,41.225,0.023,52.074,0.025,10.951,0.025,31.397,0.012,10.329,0.01,30.769,0.023,14.144,0.01,34.113,0.023,44.661,0.318,58.697,0.229,27.061,0.318,31.609,0.229,30.269,0.064,59.216,0.045,31.501,0.05,37.279,0.035,62.882,0.05,64.442,0.035
16.874,0.194,41.606,0.069,11.399,0.194,37.318,0.069,17.842,0.194,54.87,0.069,36.264,0.021,30.2,0.024,38.016,0.021,36.191,0.024,15.361,0.003,26.48,0.014,3.719,0.024,42.131,0.01,4.627,0.024,16.52,0.01,13.097,0.01,34.775,0.007,36.854,0.021,76.359,0.021,12.889,0.017,33.023,0.014,29.705,0.027,32.62,0.006,40.373,0.027,53.568,0.006,41.459,0.027,52.181,0.006,10.923,0.037,31.427,0.008,10.449,0.023,30.672,0.01,14.268,0.023,34.085,0.01,44.543,0.295,58.444,0.184,27.141,0.295,31.87,0.184,31.047,0.054,60.535,0.058,31.729,0.06,37.518,0.027,63.161,0.06,64.48,0.027
17.002,0.243,42.061,0.073,11.632,0.243,37.37,0.073,18.037,0.243,55.05,0.073,36.686,0.024,30.434,0.021,38.559,0.024,36.497,0.021,15.947,0,26.855,0.017,3.725,0.021,41.542,0.017,4.693,0.021,16.573,0.017,13.829,0.017,37.401,0.017,37.231,0.014,75.879,0.014,12.698,0.003,32.862,0.003,29.838,0.029,32.735,0.014,40.67,0.029,53.35,0.014,41.827,0.029,52.232,0.014,11.107,0.031,32.01,0.006,10.544,0.021,30.717,0.023,14.565,0.021,34.109,0.023,44.638,0.262,58.437,0.188,26.948,0.262,31.556,0.188,31.515,0.05,60.824,0.052,31.75,0.037,37.26,0.037,63.092,0.037,64.189,0.037
17.196,0.219,42.543,0.076,11.903,0.219,37.84,0.076,18.434,0.219,54.842,0.076,36.229,0.035,30.069,0.021,38.327,0.035,36.234,0.021,15.841,0.01,26.807,0.014,3.748,0.014,41.673,0.021,4.671,0.014,16.422,0.021,13.74,0,36.842,0.007,37.531,0.031,75.799,0.014,12.813,0.021,32.849,0.007,29.312,0.008,31.793,0.023,40.701,0.008,52.959,0.023,41.682,0.008,51.933,0.023,11.146,0.035,31.709,0.017,10.602,0.025,30.691,0.021,14.754,0.025,34.303,0.021,44.605,0.333,58.514,0.198,26.603,0.333,31.115,0.198,31.192,0.068,59.929,0.05,30.432,0.05,35.478,0.017,61.212,0.05,62.291,0.017
16.946,0.285,42.242,0.076,11.975,0.285,37.588,0.076,18.605,0.285,55.299,0.076,35.927,0.021,29.797,0.038,38.191,0.021,35.737,0.038,16.05,0.01,26.723,0.017,3.736,0.017,41.341,0.014,4.771,0.017,16.419,0.014,13.558,0.014,36.301,0.021,38.106,0.017,75.926,0.017,12.888,0.014,32.792,0.007,28.786,0.021,31.249,0.01,40.423,0.021,52.414,0.01,41.676,0.021,51.638,0.01,11.17,0.027,31.942,0.014,10.632,0.029,30.464,0.017,15.325,0.029,34.081,0.017,44.918,0.306,58.323,0.165,26.555,0.306,30.904,0.165,30.587,0.045,58.403,0.039,30.924,0.039,36.048,0.045,62.574,0.039,62.565,0.045
16.831,0.229,41.565,0.038,11.873,0.229,37.297,0.038,18.59,0.229,54.911,0.038,36.045,0.028,29.838,0.014,38.342,0.028,35.743,0.014,16.146,0,26.842,0.017,3.693,0.01,40.965,0.017,4.912,0.01,16.56,0.017,13.146,0,35.286,0.021,38.401,0.017,75.522,0.01,12.828,0.003,32.85,0,28.668,0.012,30.99,0.019,40.596,0.012,52.052,0.019,41.787,0.012,51.443,0.019,10.748,0.031,30.275,0.012,10.666,0.033,30.282,0.019,15.377,0.033,34.108,0.019,44.649,0.326,58.153,0.213,26.798,0.326,31.272,0.213,30.849,0.056,58.502,0.052,30.212,0.043,34.899,0.023,61.02,0.043,61.717,0.023
17,0.267,42.234,0.045,12.293,0.267,37.641,0.045,19.148,0.267,54.847,0.045,36.581,0.028,30.069,0.01,38.706,0.028,36.025,0.01,16.136,0.01,26.432,0.007,3.715,0.007,40.543,0.014,4.895,0.007,16.408,0.014,13.17,0.003,35.163,0.007,38.848,0.017,75.62,0.017,13.131,0.028,32.447,0.01,28.289,0.017,30.403,0.012,40.522,0.017,51.665,0.012,41.729,0.017,51.179,0.012,10.463,0.01,29.275,0.014,10.772,0.019,29.964,0.01,15.546,0.019,34.458,0.01,44.755,0.306,58.059,0.18,26.437,0.306,30.722,0.18,29.831,0.076,56.189,0.037,30.579,0.033,35.129,0.039,61.544,0.033,62.102,0.039
16.604,0.236,41.48,0.062,12.152,0.236,37.155,0.062,19.183,0.236,54.912,0.062,35.936,0.035,29.549,0.024,38.281,0.035,35.542,0.024,16.404,0.01,26.736,0.028,3.722,0.021,40.624,0.017,5.057,0.021,16.673,0.017,13.737,0.01,36.787,0.01,39.149,0.031,75.484,0.007,13.019,0.014,32.446,0.01,27.393,0.023,29.444,0.012,40.022,0.023,50.619,0.012,41.567,0.023,50.853,0.012,10.648,0.031,29.892,0.008,10.872,0.025,29.909,0.019,15.998,0.025,34.499,0.019,44.979,0.3,57.897,0.174,26.315,0.3,30.617,0.174,31.118,0.06,57.884,0.043,31.309,0.056,35.881,0.043,63.217,0.056,63.009,0.043
16.419,0.205,41.101,0.087,12.116,0.205,36.689,0.087,19.434,0.205,55.082,0.087,35.881,0.021,29.423,0.014,38.3,0.021,35.351,0.014,16.329,0.007,26.31,0.028,3.703,0.017,40.193,0.024,5.111,0.017,16.572,0.024,13.544,0.003,35.956,0.017,39.692,0.028,75.301,0.014,13.105,0.007,32.484,0.014,27.211,0.029,29.101,0.012,40.019,0.029,50.139,0.012,41.632,0.029,50.481,0.012,10.83,0.031,30.349,0.017,10.945,0.021,29.759,0.027,16.146,0.021,34.18,0.027,45.049,0.337,57.852,0.194,26.281,0.337,30.638,0.194,32.187,0.058,59.258,0.023,30.439,0.041,34.752,0.027,61.765,0.041,61.83,0.027
16.254,0.229,40.726,0.062,12.16,0.229,36.526,0.062,19.621,0.229,55.079,0.062,35.604,0.014,29.113,0.021,38.175,0.014,35.215,0.021,16.258,0.01,25.882,0.017,3.738,0.01,40.045,0.017,5.097,0.01,16.436,0.017,13.53,0.007,36.092,0.01,39.999,0.042,75.42,0.007,13.223,0.003,32.529,0.014,27.36,0.014,28.995,0.014,40.181,0.014,50.146,0.014,42.001,0.014,50.579,0.014,10.738,0.035,29.935,0.017,11.048,0.025,30.082,0.017,16.594,0.025,34.219,0.017,45.346,0.316,57.856,0.149,26.431,0.316,30.718,0.149,31.875,0.043,58.496,0.037,30.746,0.05,35.072,0.041,62.761,0.05,62.569,0.041
16.419,0.208,40.996,0.049,12.486,0.208,36.915,0.049,20.128,0.208,55.119,0.049,35.694,0.038,29.133,0.021,38.227,0.038,35.283,0.021,16.397,0.007,26.216,0.01,3.729,0.028,39.537,0.007,5.195,0.028,16.451,0.007,13.75,0.01,36.66,0.021,40.643,0.01,75.892,0.01,13.266,0.007,32.291,0.014,27.222,0.025,29.048,0.008,40.465,0.025,50.223,0.008,42.086,0.025,50.507,0.008,10.641,0.027,29.471,0.012,11.042,0.029,29.668,0.017,16.674,0.029,34.34,0.017,45.296,0.279,57.841,0.157,25.741,0.279,30.182,0.157,31.249,0.052,57.005,0.035,30.279,0.037,34.653,0.021,62.077,0.037,61.742,0.021
16.382,0.215,40.705,0.059,12.598,0.215,36.796,0.059,20.346,0.215,55,0.059,35.674,0.028,29.078,0.014,38.522,0.028,35.223,0.014,16.446,0.014,26.115,0.01,3.723,0.01,39.137,0.01,5.264,0.01,16.508,0.01,13.482,0.01,35.553,0.003,40.823,0.031,75.347,0.021,13.31,0.01,32.34,0.007,27.427,0.014,29.256,0.017,40.984,0.014,50.615,0.017,42.182,0.014,50.977,0.017,10.944,0.025,30.022,0.004,11.071,0.029,29.201,0.006,16.727,0.029,34.469,0.006,45.134,0.258,57.889,0.171,25.348,0.258,29.879,0.171,29.826,0.045,54.52,0.029,30.739,0.035,34.722,0.033,62.552,0.035,62.19,0.033
16.175,0.243,40.084,0.052,12.569,0.243,36.228,0.052,20.541,0.243,55.066,0.052,36.472,0.014,29.592,0.017,39.274,0.014,35.71,0.017,16.726,0.024,26.348,0.024,3.748,0.031,38.893,0.007,5.244,0.031,16.292,0.007,13.35,0.01,35.497,0.003,41.332,0.045,75.926,0.01,13.477,0.007,32.174,0.007,27.576,0.017,29.507,0.029,41.615,0.017,51.187,0.029,42.299,0.017,51.409,0.029,11.151,0.037,30.624,0.014,11.019,0.023,28.902,0.023,17.375,0.023,34.781,0.023,44.765,0.254,57.818,0.161,25.375,0.254,29.776,0.161,30.091,0.045,54.548,0.035,32.018,0.054,35.888,0.041,64.209,0.054,63.721,0.041
16.015,0.25,40.351,0.069,12.688,0.25,36.132,0.069,20.799,0.25,54.955,0.069,36.223,0.014,29.341,0.028,39.239,0.014,35.436,0.028,16.549,0.014,26.116,0.024,3.742,0.021,38.451,0.024,5.413,0.021,16.339,0.024,13.074,0.007,34.129,0.017,41.881,0.021,76.213,0.014,13.412,0.014,32.272,0.01,27.654,0.012,29.729,0.008,41.909,0.012,51.418,0.008,42.455,0.012,51.635,0.008,10.863,0.035,29.621,0.023,11.01,0.01,28.877,0.019,17.553,0.01,34.408,0.019,44.978,0.289,57.612,0.151,25.384,0.289,29.317,0.151,31.865,0.054,57.03,0.043,31.31,0.05,35.031,0.033,63.113,0.05,62.833,0.033
16.036,0.212,39.957,0.087,12.709,0.212,35.843,0.087,21.176,0.212,55.027,0.087,35.591,0.042,28.682,0.028,38.648,0.042,34.836,0.028,16.629,0.017,26.182,0.021,3.721,0.003,37.906,0.017,5.42,0.003,16.314,0.017,13.298,0.014,35.206,0.003,42.171,0.017,75.942,0.021,13.623,0.01,32.101,0.007,27.804,0.017,29.918,0.014,42.401,0.017,51.716,0.014,42.501,0.017,51.868,0.014,10.781,0.027,29.242,0.014,11.193,0.014,28.586,0.017,17.749,0.014,34.499,0.017,44.99,0.298,57.362,0.153,25.114,0.298,29.362,0.153,32.284,0.05,57.537,0.021,32.661,0.045,36.396,0.033,65.116,0.045,64.339,0.033
15.965,0.198,40.008,0.066,12.906,0.198,35.827,0.066,21.591,0.198,55.08,0.066,34.493,0.028,28.011,0.014,37.897,0.028,34.234,0.014,16.799,0.007,26.038,0.007,3.736,0.014,37.467,0.003,5.434,0.014,16.205,0.003,12.825,0.007,33.65,0.014,42.282,0.024,75.237,0.021,13.684,0.003,32.084,0.003,27.744,0.025,29.655,0.019,42.45,0.025,51.856,0.019,42.509,0.025,52.105,0.019,10.094,0.037,26.936,0.008,11.294,0.025,28.697,0.023,18.082,0.025,34.468,0.023,45.13,0.244,57.33,0.157,25,0.244,29.405,0.157,33.258,0.056,58.777,0.045,30.646,0.039,34.253,0.035,62.41,0.039,61.604,0.035
16.149,0.281,40.248,0.045,13.416,0.281,36.197,0.045,22.187,0.281,54.997,0.045,34.618,0.038,27.897,0.021,38.045,0.038,34.19,0.021,17.043,0.014,26.175,0.003,3.753,0.031,37.099,0.021,5.513,0.031,16.205,0.021,13.598,0.017,35.481,0.003,42.403,0.042,75.149,0.028,13.681,0.024,31.941,0.01,28.07,0.019,30.272,0.017,42.954,0.019,52.203,0.017,42.7,0.019,52.555,0.017,10.304,0.017,27.402,0.017,11.333,0.033,28.563,0.006,18.281,0.033,34.61,0.006,45.063,0.306,57.412,0.19,24.844,0.306,28.87,0.19,32.556,0.043,57.441,0.029,30.598,0.058,34.083,0.037,62.385,0.058,61.72,0.037
15.862,0.229,39.518,0.056,13.274,0.229,35.459,0.056,22.336,0.229,55.057,0.056,33.922,0.031,27.328,0.003,37.513,0.031,33.677,0.003,16.817,0.014,25.542,0.014,3.8,0.014,36.942,0.028,5.627,0.014,16.234,0.028,12.464,0.003,32.535,0.007,42.989,0.024,75.546,0.017,13.885,0.014,31.886,0.01,28.129,0.021,30.051,0.017,43.102,0.021,52.248,0.017,42.463,0.021,52.572,0.017,10.35,0.021,27.427,0.017,11.492,0.025,28.64,0.012,18.294,0.025,34.613,0.012,45.039,0.246,57.268,0.186,24.969,0.246,29.146,0.186,31.207,0.054,54.693,0.033,30,0.056,33.333,0.043,61.177,0.056,60.485,0.043
15.918,0.219,39.672,0.052,13.709,0.219,35.664,0.052,22.89,0.219,55.012,0.052,34.067,0.024,27.387,0.028,37.755,0.024,33.692,0.028,16.923,0.01,25.78,0.014,3.825,0.01,36.595,0.014,5.666,0.01,16.228,0.014,13.417,0.014,35.149,0.017,42.903,0.031,74.636,0,13.742,0.014,31.743,0.014,27.974,0.025,30.073,0.008,43.528,0.025,52.573,0.008,42.672,0.025,53.075,0.008,10.214,0.027,27.066,0.014,11.465,0.033,28.352,0.01,18.298,0.033,34.815,0.01,45.312,0.277,57.2,0.14,25.041,0.277,29.203,0.14,32.437,0.064,56.559,0.041,27.986,0.048,31.317,0.031,57.396,0.048,57.048,0.031
15.81,0.243,39.527,0.08,14.021,0.243,35.794,0.08,23.708,0.243,55.072,0.08,34.081,0.042,27.224,0.042,37.907,0.042,33.543,0.042,16.772,0.017,25.183,0.007,3.798,0.017,36.285,0.017,5.641,0.017,16.025,0.017,13.167,0.01,34.397,0.01,43.113,0.017,74.841,0.007,13.784,0.01,31.66,0.007,27.882,0.027,29.972,0.019,43.487,0.027,52.423,0.019,42.808,0.027,53.226,0.019,9.613,0.031,25.189,0.014,11.565,0.035,28.113,0.017,18.7,0.035,34.594,0.017,45.056,0.277,57.021,0.188,24.566,0.277,28.741,0.188,31.032,0.064,54.024,0.043,27.855,0.035,31.037,0.017,57.43,0.035,56.853,0.017
15.893,0.281,39.514,0.066,14.066,0.281,35.447,0.066,24.042,0.281,55.119,0.066,33.79,0.01,27.07,0.014,37.604,0.01,33.301,0.014,17.261,0.035,25.969,0.007,3.874,0.024,36.135,0.017,5.8,0.024,16.189,0.017,13.384,0.014,35.16,0.007,43.437,0.017,74.7,0.014,14.061,0.01,31.729,0.007,28.273,0.027,30.288,0.012,44.007,0.027,52.908,0.012,42.987,0.027,53.49,0.012,9.58,0.023,25.025,0.01,11.574,0.021,28.013,0.021,18.799,0.021,34.478,0.021,45.038,0.254,56.976,0.202,24.309,0.254,28.423,0.202,31.644,0.048,54.769,0.05,29.856,0.064,33.157,0.017,61.621,0.064,60.258,0.017
16.08,0.243,39.235,0.052,14.348,0.243,35.618,0.052,24.517,0.243,55.294,0.052,33.931,0.038,27.02,0.028,37.703,0.038,33.198,0.028,17.249,0.01,25.906,0.01,3.917,0.01,35.952,0.024,5.818,0.01,16.061,0.024,13.089,0.01,34.186,0.01,43.879,0.028,74.884,0.014,13.862,0.024,31.757,0.01,28.299,0.021,30.55,0.017,44.177,0.021,53.087,0.017,43.104,0.021,53.834,0.017,9.577,0.014,24.827,0.006,11.546,0.031,27.79,0.01,18.899,0.031,34.602,0.01,45.007,0.267,56.777,0.163,24.054,0.267,28.184,0.163,32.394,0.068,55.599,0.041,28.659,0.05,31.767,0.041,58.996,0.05,58.209,0.041
15.91,0.236,38.663,0.083,14.507,0.236,35.277,0.083,24.936,0.236,54.935,0.083,33.115,0.035,26.54,0.021,37.295,0.035,32.869,0.021,16.985,0.014,25.517,0.024,3.93,0.007,35.531,0.031,5.842,0.007,16.094,0.031,13.15,0.007,34.308,0.014,43.757,0.024,74.242,0.028,13.938,0.014,31.6,0.021,28.82,0.01,30.959,0.017,44.838,0.01,53.737,0.017,43.458,0.01,54.099,0.017,9.342,0.021,24.112,0.014,11.722,0.033,27.814,0.021,19.151,0.033,34.494,0.021,45.018,0.277,56.644,0.174,24.301,0.277,28.398,0.174,31.456,0.058,53.823,0.043,29.008,0.05,32.044,0.014,59.802,0.05,59.27,0.014
15.978,0.25,39.291,0.052,15.108,0.25,35.606,0.052,25.566,0.25,55.141,0.052,33.79,0.017,26.886,0.014,37.753,0.017,33.042,0.014,17.371,0.01,25.571,0.014,3.996,0.017,35.429,0.007,5.929,0.017,16.072,0.007,13.219,0,34.155,0.003,44.169,0.014,74.404,0.014,14.182,0.014,31.433,0.003,28.896,0.019,30.928,0.012,45.098,0.019,53.701,0.012,43.551,0.019,54.044,0.012,9.365,0.033,23.924,0.012,11.825,0.033,27.887,0.017,19.379,0.033,34.545,0.017,45.295,0.264,56.708,0.192,24.189,0.264,28.371,0.192,33.116,0.054,56.195,0.025,28.746,0.043,31.605,0.027,59.105,0.043,58.122,0.027
15.477,0.243,37.973,0.045,14.593,0.243,34.452,0.045,25.444,0.243,54.766,0.045,32.787,0.028,26.242,0.01,36.869,0.028,32.36,0.01,16.897,0.014,24.794,0.014,4.017,0.014,35.162,0.028,5.937,0.014,15.977,0.028,13.179,0.021,34.108,0.017,44.204,0.031,74.145,0.017,14.302,0.024,31.376,0.017,29,0.021,30.833,0.008,45.306,0.021,53.709,0.008,43.783,0.021,54.342,0.008,9.238,0.027,23.437,0.01,11.998,0.027,27.98,0.008,19.222,0.027,34.464,0.008,45.31,0.26,56.726,0.132,24.587,0.26,28.648,0.132,32.121,0.056,54.387,0.039,29.346,0.056,32.193,0.019,60.401,0.056,59.361,0.019
15.499,0.233,38.065,0.052,14.947,0.233,34.61,0.052,26.116,0.233,54.927,0.052,31.879,0.024,25.46,0.003,35.933,0.024,31.541,0.003,16.805,0.017,24.532,0.021,4.092,0.014,35.181,0.014,6.062,0.014,16.081,0.014,12.839,0.014,33.228,0.017,44.508,0.021,73.972,0.003,14.191,0.01,31.355,0.003,28.841,0.014,30.794,0.008,45.141,0.014,53.814,0.008,43.787,0.014,54.189,0.008,9.027,0.027,22.929,0.012,12.034,0.027,27.889,0.027,19.574,0.027,34.47,0.027,45.394,0.298,56.543,0.163,23.982,0.298,27.949,0.163,32.7,0.054,55.141,0.052,29.592,0.052,32.32,0.029,61.007,0.052,59.828,0.029
15.299,0.208,37.476,0.062,14.97,0.208,34.353,0.062,26.504,0.208,54.721,0.062,31.789,0.024,25.381,0.007,35.931,0.024,31.551,0.007,17.371,0.038,25.454,0.01,4.183,0.01,35.021,0.017,6.074,0.01,16.126,0.017,12.954,0.014,33.189,0.003,45.018,0.024,74.585,0.024,14.359,0.007,31.354,0.01,29.149,0.029,30.909,0.021,45.526,0.029,53.849,0.021,44.018,0.029,54.398,0.021,9.456,0.029,23.822,0.023,12.065,0.019,27.752,0.033,19.535,0.019,34.492,0.033,45.391,0.287,56.683,0.182,24.056,0.287,28.024,0.182,31.707,0.045,53.593,0.052,30.593,0.037,33.411,0.025,63.156,0.037,61.649,0.025
15.541,0.208,37.565,0.062,15.302,0.208,34.192,0.062,26.905,0.208,54.863,0.062,32.121,0.017,25.558,0.028,36.405,0.017,31.936,0.028,17.235,0.024,25.022,0.024,4.225,0.014,34.74,0.028,6.231,0.014,16.061,0.028,13.126,0.014,33.359,0.007,45.034,0.021,74.375,0.014,14.334,0.007,31.39,0.01,29.035,0.017,30.632,0.021,45.483,0.017,53.994,0.021,44.224,0.017,54.458,0.021,9.552,0.033,23.863,0.01,12.176,0.01,27.454,0.012,19.762,0.01,34.071,0.012,45.528,0.291,56.294,0.18,24.104,0.291,27.768,0.18,32.119,0.06,54.015,0.035,29.184,0.041,31.846,0.041,60.426,0.041,58.889,0.041
15.432,0.184,37.606,0.066,15.619,0.184,34.462,0.066,27.58,0.184,54.909,0.066,32.152,0.028,25.678,0.017,36.502,0.028,31.774,0.017,17.481,0.007,25.392,0.01,4.294,0.021,34.464,0.021,6.212,0.021,16.012,0.021,12.929,0.014,33.236,0.014,45.326,0.035,73.982,0.021,14.475,0.007,31.316,0.01,28.816,0.037,30.638,0.014,45.368,0.037,53.646,0.014,44.409,0.037,54.611,0.014,9.866,0.039,24.855,0.012,12.283,0.021,27.469,0.021,19.755,0.021,34.209,0.021,45.688,0.281,56.412,0.161,24.136,0.281,27.991,0.161,31.265,0.041,52.311,0.033,29.039,0.039,31.804,0.027,60.467,0.039,58.682,0.027
15.422,0.267,36.997,0.066,15.721,0.267,34.135,0.066,27.945,0.267,54.997,0.066,31.968,0.038,25.444,0.031,36.526,0.038,31.833,0.031,17.455,0.01,25.279,0.017,4.312,0.028,33.949,0.014,6.257,0.028,15.861,0.014,13.04,0.024,33.503,0.01,45.727,0.031,74.416,0.017,14.527,0.017,31.161,0.014,26.368,0.014,27.967,0.023,43.048,0.014,50.861,0.023,43.004,0.014,52.507,0.023,10.004,0.029,25.022,0.008,12.528,0.029,27.618,0.014,19.958,0.029,34.457,0.014,45.586,0.233,56.141,0.151,24.071,0.233,27.772,0.151,32.52,0.045,54.131,0.031,29.116,0.041,31.629,0.035,59.902,0.041,58.624,0.035
15.24,0.302,37.172,0.059,16.028,0.302,33.951,0.059,28.359,0.302,54.817,0.059,31.82,0.028,25.388,0.007,36.332,0.028,31.613,0.007,17.084,0.021,24.505,0.024,4.374,0.007,33.944,0.017,6.367,0.007,16.188,0.017,12.874,0,33.149,0.007,45.878,0.028,74.182,0.021,14.69,0.003,31.51,0.01,25.922,0.017,27.198,0.01,43.016,0.017,50.118,0.01,44.025,0.017,51.782,0.01,9.309,0.035,23.023,0.008,12.545,0.017,27.58,0.017,19.914,0.017,34.269,0.017,45.87,0.273,56.191,0.151,23.877,0.273,27.421,0.151,32.735,0.062,54.193,0.041,29.694,0.058,32.181,0.033,60.877,0.058,59.866,0.033
15.199,0.285,36.577,0.069,16.227,0.285,33.661,0.069,28.839,0.285,54.839,0.069,31.84,0.035,25.333,0.024,36.34,0.035,31.468,0.024,17.413,0.014,25.157,0.01,4.487,0.014,34.221,0.007,6.45,0.014,16.235,0.007,12.988,0.003,33.32,0.014,46.097,0.014,74.207,0.014,14.707,0.003,31.222,0.01,25.866,0.01,27.175,0.01,43.396,0.01,49.567,0.01,45.101,0.01,51.507,0.01,9.141,0.021,22.417,0.017,12.657,0.017,27.542,0.012,20.056,0.017,34.259,0.012,45.896,0.25,56.131,0.188,23.797,0.25,27.574,0.188,33.304,0.037,54.675,0.039,30.026,0.037,32.544,0.039,61.993,0.037,60.075,0.039
15.476,0.267,37.079,0.052,16.619,0.267,34.038,0.052,29.553,0.267,55.012,0.052,32.272,0.045,25.622,0.031,36.944,0.045,31.852,0.031,17.3,0.021,24.641,0.01,4.593,0.007,34.257,0.017,6.505,0.007,15.99,0.017,12.785,0.014,32.732,0.003,45.84,0.014,73.381,0.017,14.837,0.007,30.921,0.007,26.133,0.017,27.159,0.01,44.169,0.017,49.844,0.01,46.583,0.017,51.763,0.01,9.539,0.033,23.306,0.019,12.715,0.029,27.342,0.021,20.069,0.029,34.267,0.021,45.701,0.254,56.24,0.174,23.635,0.254,27.332,0.174,32.802,0.043,53.957,0.054,29.054,0.056,31.568,0.027,59.741,0.056,58.591,0.027
15.677,0.25,37.46,0.056,17.304,0.25,34.276,0.056,30.564,0.25,55.315,0.056,31.514,0.042,25.016,0.024,36.241,0.042,31.32,0.024,17.062,0.01,24.1,0.017,4.621,0.014,33.825,0.014,6.447,0.014,15.857,0.014,13.238,0.007,33.427,0.007,45.89,0.021,73.019,0.021,14.748,0.003,30.956,0.024,26.614,0.025,27.334,0.01,44.844,0.025,49.938,0.01,47.691,0.025,52.096,0.01,10.047,0.025,24.616,0.01,12.879,0.021,27.338,0.021,20.022,0.021,34.237,0.021,45.88,0.291,56.07,0.176,23.902,0.291,27.741,0.176,33.462,0.048,54.854,0.033,28.241,0.039,30.678,0.025,58.145,0.039,57.256,0.025
16.573,0.153,36.804,0.073,18.453,0.153,34.015,0.073,33.583,0.153,55.605,0.073,31.5,0.045,24.89,0.007,36.317,0.045,31.324,0.007,17.112,0.087,24.4,0.035,4.722,0.021,33.816,0.017,6.525,0.021,15.906,0.017,13.209,0.014,33.416,0,46.071,0.017,73.033,0.017,14.837,0.017,30.949,0.01,27.586,0.017,28.277,0.004,46.023,0.017,50.809,0.004,48.801,0.017,52.482,0.004,9.592,0.025,23.365,0.019,12.959,0.019,27.269,0.01,20.153,0.019,34.229,0.01,46.062,0.283,56.015,0.19,23.556,0.283,27.026,0.19,32.55,0.043,53.093,0.048,28.611,0.025,30.887,0.031,58.939,0.025,57.625,0.031
17.883,0.212,36.665,0.073,20.254,0.212,33.789,0.073,38.565,0.212,55.523,0.073,31.964,0.024,25.148,0.014,36.594,0.024,31.39,0.014,17.205,0.01,24.499,0.017,4.818,0.014,34.154,0.024,6.581,0.014,15.945,0.024,12.635,0.021,31.792,0.007,46.922,0.021,73.31,0.014,15.214,0.014,31.059,0.007,27.29,0.014,27.246,0.01,46.007,0.014,49.707,0.01,48.966,0.014,51.963,0.01,9.932,0.037,24.133,0.014,13.06,0.025,27.203,0.023,20.134,0.025,34.024,0.023,46.266,0.184,56.035,0.192,23.808,0.184,27.12,0.192,34.097,0.062,55.254,0.045,30.201,0.027,32.424,0.043,62.283,0.027,60.518,0.043
19.83,0.233,36.748,0.062,23.14,0.233,33.93,0.062,44.371,0.233,55.987,0.062,32.962,0.031,25.702,0.014,37.715,0.031,31.98,0.014,17.512,0.017,24.323,0,4.924,0.017,33.842,0.01,6.788,0.017,16.004,0.01,14.449,0.024,33.418,0.01,51.613,0.028,73.012,0.024,17.236,0.003,31.161,0.01,27.487,0.01,26.811,0.017,46.506,0.01,49.501,0.017,50.221,0.01,51.831,0.017,9.353,0.027,22.105,0.006,13.285,0.027,27.377,0.023,20.086,0.027,34.025,0.023,46.391,0.275,55.891,0.153,24.054,0.275,27.419,0.153,35.471,0.05,53.467,0.052,29.211,0.043,31.458,0.033,61.167,0.043,58.645,0.033
22.025,0.198,36.591,0.049,26.164,0.198,33.842,0.049,50.722,0.198,56.242,0.049,35.091,0.035,25.038,0.007,39.881,0.035,31.304,0.007,19.268,0.01,24.984,0.003,5.602,0.024,33.83,0.01,8.402,0.024,16.007,0.01,19.827,0.01,35.274,0.01,56.495,0.028,72.817,0.01,19.48,0.014,30.997,0.01,27.507,0.019,26.885,0.006,47.118,0.019,49.52,0.006,50.923,0.019,51.673,0.006,9.582,0.031,21.656,0.008,13.446,0.021,27.151,0.014,20.296,0.021,34.164,0.014,47.181,0.304,55.702,0.176,23.958,0.304,26.928,0.176,39.357,0.041,53.978,0.05,29.562,0.033,30.685,0.031,63.155,0.033,57.66,0.031
24.627,0.181,36.602,0.056,29.61,0.181,33.969,0.056,57.093,0.181,56.916,0.056,39.809,0.014,25.553,0.021,45.709,0.014,32.105,0.021,20.326,0.007,24.812,0.003,6.78,0.014,33.472,0.014,10.638,0.014,16.12,0.014,22.317,0.014,31.73,0.01,61.23,0.017,73.832,0.007,21.564,0.017,31.001,0.007,26.657,0.023,26.535,0.019,46.427,0.023,48.968,0.019,50.761,0.023,51.622,0.019,10.995,0.021,21.326,0.01,14.582,0.023,27.223,0.014,21.053,0.023,34.076,0.014,51.406,0.275,55.742,0.153,26.104,0.275,26.925,0.153,42.563,0.056,54.596,0.029,32.173,0.041,31.296,0.043,70.728,0.041,58.985,0.043
27.203,0.205,36.471,0.056,32.899,0.205,34.144,0.056,62.612,0.205,57.212,0.056,40.261,0.045,24.502,0.021,47.569,0.045,31.052,0.021,21.223,0.007,24.889,0.024,8.232,0.01,33.475,0.01,12.478,0.01,15.881,0.01,27.277,0.007,34.646,0.01,64.257,0.028,73.736,0.007,22.948,0.007,31.479,0.003,26.236,0.01,26.498,0.012,46.27,0.01,48.706,0.012,50.148,0.01,51.482,0.012,14.338,0.023,22.833,0.006,16.807,0.039,27.509,0.021,22.681,0.039,34.102,0.021,57.441,0.231,55.558,0.178,29.374,0.231,26.728,0.178,45.413,0.052,55.344,0.023,35.227,0.058,32.711,0.033,77.226,0.058,61.283,0.033
29.915,0.253,36.975,0.073,36.399,0.253,34.466,0.073,67.773,0.253,57.286,0.073,41.103,0.031,24.151,0.01,49.857,0.031,30.88,0.01,22.016,0.017,24.711,0.014,9.998,0.014,33.631,0.021,13.436,0.014,16.025,0.021,27.763,0.003,33.882,0.01,66.486,0.017,73.903,0.01,23.624,0.007,31.128,0.007,25.601,0.033,25.872,0.012,45.498,0.033,48.154,0.012,49.145,0.033,51.018,0.012,17.184,0.031,22.606,0.012,19.189,0.017,27.742,0.021,25.391,0.017,34.137,0.021,62.569,0.244,55.387,0.147,31.818,0.244,26.91,0.147,47.33,0.043,55.571,0.043,34.583,0.052,31.139,0.037,75.252,0.052,58.916,0.037
31.131,0.229,35.82,0.073,38.24,0.229,33.722,0.073,71.034,0.229,57.04,0.073,41.537,0.028,24.09,0.007,51.247,0.028,30.764,0.007,22.601,0.007,24.741,0.021,11.63,0.021,33.593,0.007,13.655,0.021,15.772,0.007,27.549,0.007,33.842,0.014,67.864,0.024,73.663,0.014,24.204,0.01,31.416,0.007,25.705,0.014,26.064,0.014,45.48,0.014,48.417,0.014,49.021,0.014,51.347,0.014,19.145,0.027,21.81,0.008,21.509,0.035,27.812,0.023,28.492,0.035,33.656,0.023,67.142,0.293,55.447,0.171,33.934,0.293,26.74,0.171,48.352,0.062,54.99,0.041,35.792,0.039,31.717,0.029,77.081,0.039,60.294,0.029
33.238,0.233,36.282,0.045,40.806,0.233,33.862,0.045,74.795,0.233,57.254,0.045,41.118,0.028,23.674,0.031,51.315,0.028,30.286,0.031,22.862,0.024,24.544,0.003,13.195,0.017,33.564,0.014,14.125,0.017,15.884,0.014,26.789,0.01,32.902,0.01,69.584,0.021,74.738,0.024,24.789,0.01,31.283,0.01,25.505,0.012,26.268,0.006,45.572,0.012,48.533,0.006,48.095,0.012,50.881,0.006,22.407,0.023,22.913,0.017,23.417,0.021,27.793,0.025,31.679,0.021,33.766,0.025,69.723,0.267,55.305,0.211,35.14,0.267,26.779,0.211,48.823,0.045,54.286,0.035,36.614,0.033,31.931,0.039,77.847,0.033,60.243,0.039
35.332,0.226,36.303,0.076,42.952,0.226,34.142,0.076,78.125,0.226,57.665,0.076,40.845,0.028,23.405,0.017,51.431,0.028,29.917,0.017,23.006,0.014,24.519,0.017,14.701,0.007,34.082,0.01,14.28,0.007,15.815,0.01,25.724,0.01,31.792,0.01,70.857,0.031,75.178,0.017,25.026,0.01,31.87,0.017,25.016,0.021,25.758,0.01,45.031,0.021,48.125,0.01,47.793,0.021,50.695,0.01,23.757,0.031,22.566,0.008,24.815,0.027,27.598,0.023,34.316,0.027,33.729,0.023,71.727,0.287,55.44,0.153,35.353,0.287,26.568,0.153,50.011,0.037,54.669,0.029,36.001,0.052,31.073,0.027,75.8,0.052,58.667,0.027
36.315,0.201,35.964,0.062,44.307,0.201,34.022,0.062,80.369,0.201,57.233,0.062,40.738,0.024,23.353,0.021,51.562,0.024,29.896,0.021,23.404,0.024,24.622,0.014,15.808,0.01,34.058,0.017,14.311,0.01,15.672,0.017,24.913,0.014,31.457,0.01,71.607,0.024,75.529,0,25.312,0.01,31.804,0.003,24.545,0.019,25.45,0.012,44.158,0.019,47.279,0.012,47.615,0.019,50.556,0.012,24.974,0.039,22.179,0.019,26.461,0.023,27.551,0.027,36.208,0.023,33.638,0.027,73.265,0.267,55.428,0.143,35.805,0.267,26.523,0.143,50.759,0.033,54.488,0.031,37.191,0.048,31.788,0.033,77.811,0.048,60.248,0.033
38.097,0.205,36.285,0.056,46.268,0.205,34.2,0.056,82.979,0.205,57.344,0.056,41.463,0.042,23.636,0.028,52.269,0.042,30.085,0.028,23.122,0.007,24.01,0.007,16.926,0.014,34.264,0.017,14.47,0.014,15.811,0.017,24.6,0.014,31.278,0.01,72.063,0.028,75.709,0.007,25.627,0.014,32.065,0.014,24.082,0.017,24.949,0.008,43.51,0.017,46.933,0.008,47.042,0.017,49.898,0.008,26.097,0.021,22.305,0.008,27.824,0.037,27.737,0.014,37.909,0.037,33.781,0.014,74.121,0.225,55.446,0.153,35.797,0.225,26.417,0.153,52.32,0.043,54.987,0.043,36.432,0.062,30.991,0.035,75.918,0.062,58.339,0.035
39.377,0.215,36.229,0.042,47.671,0.215,34.139,0.042,84.947,0.215,57.685,0.042,42.258,0.035,23.928,0.031,52.988,0.035,30.415,0.031,23.882,0.01,24.846,0.014,17.767,0.028,34.407,0.021,14.559,0.028,15.842,0.021,24.227,0.007,31.024,0.007,73.661,0.028,76.876,0.014,25.969,0.003,32.338,0.007,24.308,0.017,25.151,0.006,43.691,0.017,47.131,0.006,47.443,0.017,50.191,0.006,26.456,0.021,21.75,0.029,28.786,0.019,27.732,0.012,38.792,0.019,34.248,0.012,74.532,0.217,55.225,0.182,35.054,0.217,25.987,0.182,55.414,0.041,57.298,0.062,36.594,0.062,31.015,0.027,76.415,0.062,58.878,0.027
40.064,0.191,35.826,0.056,47.956,0.191,33.927,0.056,85.78,0.191,57.535,0.056,41.594,0.021,23.563,0.024,52.314,0.021,30.015,0.024,24.062,0.031,24.66,0.01,18.611,0.017,34.625,0.017,14.738,0.017,15.936,0.017,24.079,0.01,30.783,0.01,74.186,0.017,77.278,0.014,26.168,0.014,32.399,0.021,24.319,0.01,25.338,0.01,43.631,0.01,47.142,0.01,47.294,0.01,49.99,0.01,26.558,0.054,21.359,0.023,29.785,0.029,27.655,0.021,39.568,0.029,33.965,0.021,74.759,0.267,55.216,0.171,35.115,0.267,26.111,0.171,56.415,0.054,57.446,0.039,37.36,0.05,31.517,0.048,77.812,0.05,59.653,0.048
41.432,0.188,36.104,0.056,49.229,0.188,34.374,0.056,87.276,0.188,57.728,0.056,40.513,0.028,23.014,0.017,51.263,0.028,29.256,0.017,24.31,0.021,24.911,0.007,19.254,0.01,34.595,0.007,14.816,0.01,16.01,0.007,23.899,0.01,30.744,0.014,73.567,0.017,76.215,0.017,26.347,0.021,32.468,0.017,24.146,0.021,25.175,0.014,43.436,0.021,46.893,0.014,47.483,0.021,50.416,0.014,28.77,0.031,22.534,0.017,30.7,0.027,27.656,0.019,39.86,0.027,33.783,0.019,74.812,0.248,55.259,0.132,34.938,0.248,25.805,0.132,53.898,0.039,54.607,0.045,37.443,0.052,31.466,0.043,77.942,0.052,59.816,0.043
42.552,0.188,36.351,0.049,50.197,0.188,34.396,0.049,88.97,0.188,57.903,0.049,41.05,0.024,23.214,0.024,52.262,0.024,29.7,0.024,24.225,0,24.916,0.014,19.736,0.014,34.475,0.01,14.792,0.014,16.038,0.01,23.57,0.003,30.451,0.01,73.669,0.028,76.232,0.028,26.164,0.01,32.394,0.01,24.076,0.017,24.848,0.012,43.111,0.017,46.421,0.012,47.539,0.017,50.253,0.012,28.863,0.025,22.246,0.025,31.196,0.035,27.453,0.017,39.808,0.035,34.112,0.017,74.738,0.246,55.112,0.159,34.973,0.246,25.904,0.159,54.839,0.043,55.124,0.045,36.892,0.062,31.089,0.027,77.031,0.062,59.23,0.027
43.307,0.233,35.827,0.066,50.509,0.233,34.194,0.066,89.584,0.233,57.601,0.066,41.554,0.045,23.485,0.014,52.882,0.045,30.085,0.014,23.904,0.021,24.48,0.021,20.385,0.017,34.524,0.014,14.902,0.017,16.184,0.014,23.474,0.01,30.288,0.021,73.622,0.031,75.914,0.007,26.565,0.007,32.387,0.007,24.052,0.021,25.068,0.01,43.33,0.021,46.681,0.01,47.427,0.021,50.224,0.01,29.425,0.033,22.43,0.012,31.749,0.037,27.291,0.025,40.124,0.037,33.893,0.025,74.703,0.256,54.887,0.147,35.092,0.256,25.906,0.147,54.903,0.05,54.876,0.039,36.893,0.043,31,0.031,77.051,0.043,59.315,0.031
43.35,0.188,35.696,0.09,50.727,0.188,34.117,0.09,90.148,0.188,57.546,0.09,41.796,0.024,23.575,0.028,53.179,0.024,30.111,0.028,23.816,0.003,24.345,0.028,20.854,0.01,34.373,0.01,14.904,0.01,16.211,0.01,23.247,0.014,30.067,0.01,73.841,0.017,75.992,0.007,26.749,0.003,32.603,0.007,24.026,0.008,24.862,0.008,43.23,0.008,46.583,0.008,47.258,0.008,49.8,0.008,29.314,0.021,21.986,0.019,32.204,0.023,27.206,0.021,40.362,0.023,34.298,0.021,74.398,0.291,54.621,0.165,34.503,0.291,25.673,0.165,55.048,0.045,54.66,0.05,35.64,0.037,30.028,0.037,74.23,0.037,57.2,0.037
44.943,0.205,36.162,0.042,51.867,0.205,34.465,0.042,91.572,0.205,57.939,0.042,41.368,0.028,23.257,0.028,52.556,0.028,29.829,0.028,23.86,0.021,24.429,0.014,20.949,0.017,33.417,0.01,15.278,0.017,16.236,0.01,26.893,0.014,33.422,0.007,74.769,0.017,76.73,0.021,26.761,0.007,32.815,0.01,23.941,0.008,25.033,0.017,43.331,0.008,46.793,0.017,47.703,0.008,50.258,0.017,30.024,0.037,22.377,0.023,32.437,0.041,27.11,0.014,40.45,0.041,34.32,0.014,74.047,0.25,54.334,0.138,33.936,0.25,25.231,0.138,56.875,0.05,56.333,0.05,35.561,0.052,30.129,0.023,74.625,0.052,57.833,0.023
45.129,0.205,35.849,0.049,51.869,0.205,33.995,0.049,91.595,0.205,57.582,0.049,41.114,0.035,23.115,0.024,52.692,0.035,29.811,0.024,23.89,0.014,24.675,0.01,21.819,0.01,33.565,0.017,15.617,0.01,16.261,0.017,27.14,0,33.439,0.01,73.485,0.031,75.28,0.024,26.762,0.017,32.456,0.007,24.011,0.014,24.814,0.019,43.328,0.014,46.779,0.019,47.794,0.014,50.271,0.019,30.834,0.023,22.728,0.012,32.575,0.035,26.945,0.021,40.488,0.035,34.138,0.021,73.853,0.242,54.228,0.176,33.856,0.242,25.118,0.176,54.843,0.052,54.254,0.029,35.802,0.029,30.144,0.025,75.081,0.029,57.809,0.025
45.263,0.188,35.528,0.076,51.758,0.188,33.925,0.076,91.623,0.188,57.431,0.076,41.854,0.017,23.477,0.014,53.243,0.017,29.94,0.014,23.786,0.014,24.55,0.017,22.565,0.028,33.617,0.017,15.857,0.028,16.442,0.017,26.344,0,32.54,0.007,72.088,0.042,73.775,0.024,26.851,0.01,32.167,0.007,23.882,0.021,24.664,0.008,42.837,0.021,46.195,0.008,47.758,0.021,50.263,0.008,30.088,0.041,22.06,0.008,32.564,0.035,26.846,0.021,40.437,0.035,34.412,0.021,73.354,0.252,54.203,0.167,33.173,0.252,24.66,0.167,55.28,0.058,54.489,0.037,36.014,0.056,30.318,0.035,75.476,0.056,58.175,0.035
45.159,0.219,35.123,0.083,51.749,0.219,33.581,0.083,91.663,0.219,57.007,0.083,41.733,0.017,23.329,0.014,53.15,0.017,29.934,0.014,23.818,0.01,24.429,0.014,23.236,0.021,33.405,0.007,15.938,0.021,16.246,0.007,25.94,0.01,31.892,0,73.158,0.031,74.454,0.014,27.032,0.007,32.711,0.01,23.394,0.017,24.234,0.014,42.233,0.017,45.51,0.014,47.256,0.017,49.496,0.014,30,0.025,21.833,0.019,32.719,0.045,26.653,0.029,40.597,0.045,34.251,0.029,72.987,0.227,53.771,0.161,32.397,0.227,24.318,0.161,56.61,0.043,55.503,0.045,36.316,0.043,30.48,0.029,76.016,0.043,58.657,0.029
47.697,0.257,36.281,0.052,53.609,0.257,34.645,0.052,93.965,0.257,58.049,0.052,40.688,0.042,22.884,0.014,52.136,0.042,29.252,0.014,23.863,0.007,24.515,0.003,23.748,0.007,33.432,0.017,16.057,0.007,16.278,0.017,23.894,0.007,29.403,0.021,73.533,0.021,74.785,0.01,27.176,0.003,32.926,0.007,23.417,0.01,24.16,0.021,42.507,0.01,45.672,0.021,47.581,0.01,49.683,0.021,29.21,0.019,21.244,0.004,32.73,0.035,26.516,0.021,40.234,0.035,34.266,0.021,72.702,0.264,53.648,0.136,32.365,0.264,24.224,0.136,54.783,0.062,53.771,0.035,35.48,0.066,29.766,0.039,74.115,0.066,57.268,0.039
47.477,0.16,35.918,0.049,53.075,0.16,34.335,0.049,93.704,0.16,57.475,0.049,41.154,0.045,22.997,0.024,52.82,0.045,29.642,0.024,23.674,0.01,24.259,0.01,23.909,0.007,33.075,0.007,15.915,0.007,16.229,0.007,25.698,0.014,32.04,0.007,73.977,0.021,75.084,0.003,27.42,0.01,32.828,0.017,23.615,0.008,24.627,0.008,42.736,0.008,45.944,0.008,47.958,0.008,50.049,0.008,29.162,0.025,21.126,0.006,32.971,0.052,26.588,0.033,40.189,0.052,34.494,0.033,72.544,0.233,53.489,0.145,32.534,0.233,24.287,0.145,56.055,0.066,54.649,0.035,35.528,0.07,29.74,0.045,74.814,0.07,57.355,0.045
48.373,0.191,35.895,0.056,53.692,0.191,34.554,0.056,94.522,0.191,57.756,0.056,40.133,0.038,22.443,0.007,51.62,0.038,29.01,0.007,23.951,0.014,24.762,0.007,24.068,0.014,32.559,0.01,15.841,0.014,15.966,0.01,24.966,0.014,31.16,0,74.083,0.017,75.001,0.017,27.609,0,32.92,0.014,23.595,0.021,24.27,0.006,42.751,0.021,45.97,0.006,47.962,0.021,50.004,0.006,30.038,0.037,21.682,0.008,33.098,0.033,26.588,0.021,40.251,0.033,34.103,0.021,72.447,0.289,53.11,0.18,32.394,0.289,24.43,0.18,55.135,0.054,53.602,0.052,35.18,0.062,29.64,0.027,73.641,0.062,56.763,0.027
47.884,0.188,35.384,0.059,53.312,0.188,34.091,0.059,93.868,0.188,57.63,0.059,39.728,0.014,22.189,0.017,51.114,0.014,28.638,0.017,23.714,0.014,24.419,0.028,24.391,0.014,32.617,0.017,15.822,0.014,16.258,0.017,24.96,0,31.211,0.01,73.922,0.024,74.461,0.021,27.658,0.007,32.884,0.007,23.538,0.012,24.406,0.006,42.711,0.012,45.81,0.006,47.851,0.012,49.893,0.006,31.64,0.025,22.738,0.023,32.503,0.06,26.054,0.033,40.413,0.06,34.147,0.033,71.849,0.244,53.064,0.169,31.514,0.244,23.664,0.169,54.568,0.043,53.315,0.039,36.221,0.056,30.236,0.045,76.147,0.056,58.317,0.045
49.476,0.198,36.214,0.045,54.269,0.198,34.764,0.045,95.028,0.198,57.742,0.045,39.779,0.021,22.237,0.014,51.32,0.021,28.628,0.014,23.553,0.007,24.521,0.007,24.674,0.01,32.728,0.024,15.756,0.01,16.202,0.024,25.289,0.007,31.592,0.017,73.627,0.038,74.109,0.01,27.59,0.021,33.057,0.024,23.376,0.019,23.986,0.014,42.555,0.019,45.551,0.014,47.319,0.019,49.512,0.014,31.391,0.027,22.503,0.01,32.291,0.025,25.931,0.025,40.288,0.025,34.219,0.025,71.354,0.262,52.849,0.103,31.192,0.262,23.356,0.103,56.514,0.06,54.989,0.031,35.565,0.054,29.669,0.037,75.241,0.054,57.779,0.037
49.206,0.215,35.635,0.059,54.129,0.215,34.369,0.059,95.109,0.215,57.716,0.059,40.032,0.01,22.481,0.014,52.056,0.01,29.052,0.014,23.454,0.01,24.414,0.024,24.943,0.014,32.671,0.024,15.851,0.014,16.191,0.024,25.697,0.014,31.95,0.017,74.258,0.028,74.551,0.007,27.846,0.007,33.256,0.014,23.264,0.012,23.867,0.014,42.314,0.012,45.55,0.014,47.944,0.012,49.759,0.014,30.383,0.033,21.694,0.017,32.118,0.023,25.834,0.017,40.103,0.023,34.195,0.017,71.06,0.281,52.803,0.167,31.204,0.281,23.379,0.167,60.753,0.076,58.565,0.043,36.418,0.074,30.141,0.045,76.628,0.074,58.657,0.045
49.165,0.219,35.312,0.059,54.022,0.219,34.242,0.059,95.173,0.219,57.551,0.059,40.839,0.038,22.732,0.01,52.514,0.038,29.184,0.01,23.377,0.014,23.845,0.014,25.135,0.007,32.613,0.014,15.844,0.007,16.035,0.014,25.243,0.007,31.799,0.014,75.835,0.021,76.018,0.028,28.604,0.014,33.377,0.017,23.219,0.012,23.923,0.017,42.226,0.012,45.389,0.017,48.012,0.012,49.682,0.017,31.572,0.012,22.593,0.012,32.28,0.031,25.849,0.023,40.555,0.031,34.249,0.023,70.866,0.242,52.533,0.161,30.68,0.242,23.298,0.161,58.572,0.041,56.663,0.045,36.616,0.068,30.454,0.037,77.715,0.068,59.104,0.037
50.207,0.188,35.971,0.056,54.734,0.188,34.639,0.056,96.078,0.188,57.757,0.056,40.796,0.035,22.798,0.017,52.782,0.035,29.261,0.017,23.587,0.003,24.034,0.021,25.153,0.014,32.676,0.01,15.269,0.014,16.204,0.01,19.776,0,31.754,0.003,75.748,0.017,75.971,0.014,28.392,0.01,33.268,0.007,23.359,0.019,23.984,0.01,42.544,0.019,45.512,0.01,48.167,0.019,49.369,0.01,30.357,0.021,21.639,0.01,32.183,0.031,25.598,0.025,40.76,0.031,34.336,0.025,70.64,0.279,52.349,0.155,30.645,0.279,23.016,0.155,58.096,0.045,56.088,0.045,36.88,0.043,30.682,0.035,78.098,0.043,60.002,0.035
50.182,0.201,35.954,0.031,54.598,0.201,34.457,0.031,96.011,0.201,57.755,0.031,40.082,0.028,22.265,0.014,52.022,0.028,28.749,0.014,24.128,0.01,24.614,0.014,23.081,0.028,32.519,0.017,11.837,0.028,15.769,0.017,11.888,0.01,29.966,0.01,76.993,0.028,76.872,0.017,29.005,0.01,33.703,0.007,22.875,0.021,23.305,0.01,41.835,0.021,44.683,0.01,47.467,0.021,49.264,0.01,30.483,0.027,21.778,0.002,31.899,0.029,25.543,0.027,40.588,0.029,34.376,0.027,70.304,0.267,52.122,0.163,30.055,0.267,22.797,0.163,61.437,0.048,58.822,0.048,37.285,0.079,30.947,0.035,79.334,0.079,60.301,0.035
49.902,0.229,35.286,0.049,54.236,0.229,34.226,0.049,95.567,0.229,57.679,0.049,40.36,0.049,22.437,0.017,52.267,0.049,28.879,0.017,23.899,0,24.594,0.01,19.752,0.014,32.569,0.01,8.621,0.014,15.753,0.01,7.845,0.014,31.681,0.01,76.28,0.024,76.979,0.01,28.368,0.021,33.911,0.01,22.954,0.012,23.708,0.01,42.114,0.012,45.22,0.01,47.773,0.012,49.578,0.01,30.3,0.031,21.59,0.012,32.036,0.025,25.509,0.023,40.485,0.025,34.264,0.023,70.228,0.291,52.037,0.167,30.098,0.291,22.807,0.167,57.675,0.064,55.695,0.045,37.182,0.05,30.92,0.041,79.023,0.05,60.39,0.041
50.464,0.201,35.362,0.062,54.732,0.201,34.351,0.062,96.134,0.201,57.595,0.062,38.708,0.038,22.67,0.021,50.769,0.038,29.196,0.021,23.491,0.017,23.755,0.01,15.855,0.017,32.011,0.021,6.284,0.017,15.58,0.021,5.209,0.01,29.905,0.014,66.568,0.014,74.607,0.01,25.685,0.014,33.287,0.01,22.403,0.017,23.82,0.031,40.083,0.017,45.287,0.031,46.102,0.017,49.943,0.031,30.499,0.021,21.811,0.017,32.385,0.033,25.769,0.014,40.663,0.033,34.332,0.014,70.309,0.258,52.001,0.178,30.574,0.258,23.052,0.178,56.199,0.062,54.785,0.05,35.517,0.054,29.811,0.027,74.975,0.054,58.033,0.027
50.099,0.167,35.126,0.056,54.197,0.167,34.074,0.056,96.039,0.167,57.599,0.056,29.372,0.017,22.416,0.031,41.925,0.017,28.996,0.031,22.503,0,23.425,0.01,12.7,0.007,31.762,0.021,4.874,0.007,15.339,0.021,4.203,0.014,29.708,0.014,53.92,0.024,71.155,0.007,21.413,0.021,33.135,0.014,21.345,0.033,23.536,0.008,38.687,0.033,45.128,0.008,44.64,0.033,49.698,0.008,29.531,0.039,21.309,0.006,32.124,0.031,25.561,0.017,40.915,0.031,34.413,0.017,69.966,0.248,51.546,0.155,30.067,0.248,22.599,0.155,53.501,0.054,56.082,0.056,35.476,0.041,30.258,0.037,73.047,0.041,59.1,0.037
51.359,0.226,35.804,0.073,54.995,0.226,34.67,0.073,94.377,0.226,57.839,0.073,21.014,0.038,21.786,0.017,32.549,0.038,28.497,0.017,20.751,0.01,23.066,0.021,10.425,0.01,31.295,0.014,3.933,0.01,15.123,0.014,3.757,0.007,30.967,0.007,43.56,0.028,69.174,0.014,17.319,0.021,32.73,0.014,21.05,0.01,23.837,0.014,38.244,0.01,45.767,0.014,43.731,0.01,50.114,0.014,26.683,0.033,21.725,0.012,31.144,0.021,25.334,0.014,39.954,0.021,34.224,0.014,66.644,0.227,51.557,0.151,27.721,0.227,22.52,0.151,48.021,0.072,56.187,0.029,33.284,0.066,29.867,0.033,65.027,0.066,58.253,0.033
46.094,0.233,34.893,0.059,49.564,0.233,33.978,0.059,82.139,0.233,57.193,0.059,15.34,0.035,21.464,0.021,23.584,0.035,27.984,0.021,18.628,0.014,22.695,0.003,8.658,0.003,31.112,0.017,3.448,0.003,15.12,0.017,3.325,0.014,30.206,0.003,37.178,0.007,69.188,0.014,14.312,0.014,32.814,0.01,20.724,0.012,24.14,0.012,37.627,0.012,46.038,0.012,42.749,0.012,50.626,0.012,21.395,0.021,21.275,0.014,27.799,0.031,25.001,0.027,36.714,0.031,33.928,0.027,58.348,0.246,51.086,0.155,22.93,0.246,22.31,0.155,40.914,0.037,54.254,0.035,30.257,0.039,29.693,0.043,55.941,0.039,58.037,0.043
40.297,0.163,35.094,0.062,44.341,0.163,33.981,0.062,69.317,0.163,57.044,0.062,12.987,0.021,21.493,0.031,19.106,0.021,28.265,0.031,16.7,0.007,22.284,0.01,7.507,0.021,30.859,0.021,3.096,0.021,15.123,0.021,3.188,0.007,30.046,0.007,32.453,0.028,70.226,0.017,12.181,0.014,32.994,0.017,20.356,0.025,24.12,0.014,37.051,0.025,46.089,0.014,41.852,0.025,50.716,0.014,17.395,0.023,21.425,0.008,24.208,0.012,24.96,0.023,33.288,0.012,34.248,0.023,49.73,0.246,50.825,0.167,18.677,0.246,22.035,0.167,36.716,0.037,54.42,0.041,27.427,0.043,29.945,0.033,48.176,0.043,58.84,0.033
33.79,0.205,34.445,0.073,38.089,0.205,33.534,0.073,57.294,0.205,56.807,0.073,11.329,0.024,21.035,0.021,15.993,0.024,27.707,0.021,14.489,0.024,21.745,0.014,6.575,0.003,30.45,0.017,2.851,0.003,15.055,0.017,3.046,0.003,29.901,0,29.003,0.024,70.972,0.014,10.295,0.003,32.918,0.014,20.175,0.012,24.426,0.004,36.554,0.012,46.237,0.004,41.053,0.012,50.871,0.004,13.784,0.033,20.533,0.012,21.286,0.029,24.864,0.019,28.914,0.029,33.93,0.019,41.354,0.298,50.303,0.167,15.016,0.298,21.862,0.167,32.693,0.05,53.885,0.045,22.499,0.039,27.725,0.039,38.376,0.039,54.546,0.039
27.971,0.201,34.348,0.056,31.984,0.201,33.411,0.056,47.68,0.201,56.572,0.056,10.549,0.028,20.978,0.031,14.287,0.028,27.745,0.031,12.781,0.01,21.446,0.01,5.901,0.014,30.175,0.021,2.729,0.014,14.894,0.021,2.879,0.007,28.747,0.007,26.517,0.017,71.691,0.017,9.129,0.007,33.006,0.021,19.705,0.017,24.098,0.012,35.889,0.017,46.057,0.012,40.227,0.017,50.769,0.012,11.107,0.039,19.655,0.01,18.21,0.025,24.74,0.027,24.545,0.025,33.798,0.027,34.532,0.267,50.021,0.147,12.562,0.267,21.505,0.147,30.257,0.048,54.376,0.033,20.185,0.037,27.689,0.058,35.146,0.037,54.922,0.058
23.623,0.233,34.173,0.073,27.054,0.233,33.262,0.073,40.416,0.233,56.461,0.073,9.789,0.024,20.771,0.045,12.957,0.024,27.219,0.045,11.263,0,21.168,0.01,5.488,0.003,29.76,0.021,2.584,0.003,14.739,0.021,2.926,0.007,29.667,0.014,24.792,0.035,72.881,0.024,8.376,0.017,33.517,0.024,19.346,0.008,23.849,0.017,35.622,0.008,46.078,0.017,39.532,0.008,50.757,0.017,9.741,0.029,19.661,0.021,15.91,0.021,24.74,0.012,20.801,0.021,33.475,0.012,29.339,0.308,49.433,0.167,10.893,0.308,21.21,0.167,28.733,0.045,55.504,0.058,17.84,0.07,27.163,0.037,31.941,0.07,53.642,0.037
20.403,0.194,34.132,0.059,23.004,0.194,33.217,0.059,35.137,0.194,56.44,0.059,9.171,0.017,20.281,0.024,12.028,0.017,26.858,0.024,10.054,0.017,20.875,0.01,5.074,0.024,29.714,0.038,2.537,0.024,14.875,0.038,2.821,0.007,28.981,0.01,22.777,0.021,72.024,0.01,7.788,0.017,33.237,0.003,19.107,0.01,23.736,0.025,35.313,0.01,45.857,0.025,39.264,0.01,50.884,0.025,9.097,0.027,20.501,0.008,13.794,0.023,24.576,0.025,17.909,0.023,33.136,0.025,25.757,0.281,49.283,0.169,9.529,0.281,20.999,0.169,25.614,0.052,52.839,0.029,16.939,0.052,27.678,0.05,31.17,0.052,55.01,0.05
18.273,0.226,34.615,0.069,20.534,0.226,33.568,0.069,31.755,0.226,56.873,0.069,9.323,0.038,21.073,0.01,11.991,0.038,27.829,0.01,9.072,0.021,20.808,0,4.879,0.01,29.549,0.024,2.454,0.01,14.934,0.024,2.916,0.007,30.087,0.003,21.7,0.028,72.107,0.014,7.342,0.007,33.105,0.007,19.261,0.023,23.919,0.023,35.756,0.023,46.161,0.023,39.187,0.023,50.887,0.023,8.019,0.041,19.611,0.014,12.146,0.025,24.434,0.019,15.646,0.025,33.291,0.019,23.437,0.254,49.278,0.178,8.803,0.254,20.739,0.178,25.219,0.041,54.47,0.045,16.155,0.045,28.08,0.025,30.933,0.045,56.097,0.025
16.909,0.163,35.181,0.069,18.794,0.163,34.096,0.069,29.568,0.163,57.409,0.069,9.037,0.038,20.505,0.031,11.348,0.038,26.94,0.031,8.423,0.014,20.783,0.014,4.669,0.017,29.517,0.017,2.416,0.017,14.829,0.017,2.889,0.014,29.861,0.017,21.049,0.021,73.092,0.007,6.966,0.024,33.375,0.014,19.095,0.004,23.881,0.01,35.92,0.004,45.965,0.01,39.129,0.004,51.039,0.01,7.63,0.031,20.054,0.01,10.975,0.029,24.268,0.012,14.154,0.029,33.102,0.012,21.621,0.229,49.021,0.12,8.279,0.229,20.482,0.12,26.328,0.076,58.353,0.037,15.297,0.043,27.924,0.054,30.162,0.043,56.028,0.054
15.301,0.26,34.518,0.035,16.75,0.26,33.384,0.035,27.297,0.26,57.057,0.035,8.772,0.035,20.37,0.024,11.097,0.035,27.011,0.024,8.002,0.01,21.01,0.017,4.508,0.01,29.417,0.014,2.393,0.01,14.943,0.014,2.8,0.003,29.081,0.014,20.275,0.017,72.402,0.021,6.747,0.007,33.608,0.007,19.299,0.012,23.708,0.006,36.185,0.012,46.189,0.006,39.172,0.012,51.103,0.006,7.116,0.025,19.253,0.01,10.003,0.01,24.1,0.025,12.885,0.01,33.051,0.025,20.314,0.269,48.696,0.159,7.804,0.269,20.314,0.159,25.396,0.041,58.168,0.039,14.902,0.052,28.274,0.035,30.083,0.052,56.985,0.035
14.133,0.222,33.947,0.049,15.36,0.222,32.987,0.049,25.615,0.222,56.624,0.049,8.496,0.028,20.024,0.014,10.684,0.028,26.508,0.014,8.213,0.024,22.449,0.014,4.343,0,29.203,0.003,2.415,0,14.865,0.003,2.817,0,29.075,0.01,20.441,0.021,74.599,0.017,6.672,0.01,33.776,0.014,19.575,0.023,24.121,0.012,36.666,0.023,46.549,0.012,39.605,0.023,51.409,0.012,6.973,0.039,19.761,0.01,9.276,0.021,23.757,0.025,11.955,0.021,32.998,0.025,19.338,0.227,48.992,0.161,7.613,0.227,20.217,0.161,25.083,0.056,58.694,0.064,13.896,0.05,27.281,0.043,28.467,0.05,54.782,0.043
13.228,0.247,33.965,0.049,14.31,0.247,32.846,0.049,24.175,0.247,56.565,0.049,8.486,0.017,20.25,0.01,10.607,0.017,26.79,0.01,7.927,0.01,21.683,0.017,4.261,0.007,29.028,0.003,2.359,0.007,14.79,0.003,2.773,0.003,28.87,0.017,20.293,0.014,75.593,0.007,6.491,0.014,33.793,0.014,19.939,0.019,24.433,0.008,37.186,0.019,47.202,0.008,40.04,0.019,51.943,0.008,6.681,0.037,19.839,0.017,8.714,0.025,23.761,0.017,11.129,0.025,32.894,0.017,18.804,0.248,48.491,0.159,7.362,0.248,20.084,0.159,24.127,0.033,57.594,0.039,13.754,0.06,27.536,0.052,28.694,0.06,55.629,0.052
12.423,0.253,33.688,0.059,13.557,0.253,32.745,0.059,23.11,0.253,56.305,0.059,8.429,0.038,20.429,0.017,10.564,0.038,26.946,0.017,7.556,0.017,21.544,0.017,4.201,0.031,29.066,0.021,2.341,0.031,14.79,0.021,2.785,0.007,28.937,0.007,19.454,0.01,73.765,0.014,6.251,0.01,33.239,0.021,20.423,0.021,24.962,0.023,37.912,0.021,47.851,0.023,40.572,0.021,52.469,0.023,6.523,0.045,19.99,0.012,8.392,0.031,23.589,0.019,10.744,0.031,32.609,0.019,18.139,0.242,48.492,0.176,7.094,0.242,19.807,0.176,23.449,0.048,56.965,0.048,13.567,0.037,27.645,0.033,28.74,0.037,55.751,0.033
11.84,0.219,33.304,0.062,12.759,0.219,32.465,0.062,22.043,0.219,56.302,0.062,8.406,0.031,20.33,0.01,10.453,0.031,26.726,0.01,7.312,0.014,21.599,0.021,4.16,0.017,28.889,0.014,2.334,0.017,14.859,0.014,2.822,0.017,29.643,0.017,18.787,0.01,72.639,0.024,6.213,0.014,33.241,0.003,20.442,0.006,25.13,0.017,37.944,0.006,47.833,0.017,40.553,0.006,52.257,0.017,6.456,0.035,20.243,0.008,7.977,0.029,23.232,0.023,10.252,0.029,32.724,0.023,17.692,0.24,48.531,0.155,6.986,0.24,19.548,0.155,22.019,0.048,54.657,0.037,13.16,0.045,27.144,0.041,28.107,0.045,54.579,0.041
11.268,0.188,33.19,0.059,12.208,0.188,32.325,0.059,21.439,0.188,56.023,0.059,8.336,0.014,20.16,0.031,10.342,0.014,26.628,0.031,7.467,0.059,22.733,0.042,4.12,0.017,28.863,0.021,2.362,0.017,14.934,0.021,2.847,0.014,29.605,0.007,18.982,0.007,74.104,0.017,6.204,0.017,33.531,0.003,20.018,0.017,24.438,0.01,37.121,0.017,46.985,0.01,40.301,0.017,51.606,0.01,5.885,0.029,18.896,0.021,7.769,0.029,23.317,0.019,9.857,0.029,32.557,0.019,17.444,0.26,48.36,0.143,6.815,0.26,19.647,0.143,22.208,0.058,55.36,0.05,13.383,0.043,27.857,0.043,28.855,0.043,56.471,0.043
11.103,0.229,33.237,0.066,11.863,0.229,32.344,0.066,20.963,0.229,56.108,0.066,8.157,0.024,19.928,0.014,10.178,0.024,26.409,0.014,7.718,0.056,23.726,0.045,4.025,0.021,28.587,0.007,2.344,0.021,14.771,0.007,2.853,0,29.273,0.01,18.104,0.035,71.099,0.017,5.988,0.007,33.015,0.007,17.226,0.014,22.92,0.014,31.619,0.014,44.572,0.014,37.003,0.014,50.04,0.014,5.494,0.027,17.92,0.004,7.489,0.037,23.412,0.021,9.42,0.037,32.615,0.021,17.155,0.227,48.146,0.167,6.745,0.227,19.6,0.167,22.335,0.05,56.038,0.041,13.668,0.033,28.183,0.029,29.566,0.033,57.177,0.029
11.091,0.201,33.944,0.062,11.748,0.201,32.824,0.062,20.777,0.201,56.657,0.062,8.228,0.028,20.054,0.017,10.144,0.028,26.341,0.017,7.91,0.01,24.72,0.017,3.992,0.014,28.559,0.014,2.372,0.014,14.872,0.014,2.895,0.007,30.156,0.01,17.975,0.017,71.43,0.01,6.023,0.014,33.034,0.003,13.544,0.012,22.364,0.014,25.541,0.012,44.209,0.014,26.868,0.012,48.991,0.014,5.386,0.021,17.778,0.017,7.373,0.023,23.28,0.017,9.412,0.023,33.153,0.017,16.873,0.298,48.466,0.151,6.615,0.298,19.642,0.151,21.813,0.048,54.983,0.043,13.504,0.052,28.029,0.031,29.324,0.052,56.896,0.031
10.579,0.191,32.581,0.087,11.141,0.191,31.907,0.087,20.049,0.191,55.833,0.087,8.148,0.021,20.035,0.028,10.118,0.021,26.224,0.028,7.889,0.01,24.848,0.035,3.918,0.01,28.071,0.021,2.328,0.01,14.717,0.021,2.752,0.014,28.577,0.01,17.677,0.031,71.338,0.007,5.925,0.017,33.097,0.024,10.678,0.023,22.303,0.01,20.915,0.023,44.085,0.01,20.148,0.023,49.033,0.01,5.135,0.012,17.145,0.035,7.229,0.027,23.158,0.025,9.152,0.027,32.766,0.025,16.637,0.242,48.124,0.138,6.443,0.242,19.22,0.138,21.317,0.048,54.176,0.054,13.029,0.041,27.391,0.039,28.272,0.041,55.438,0.039
10.462,0.215,32.939,0.076,11.094,0.215,32.385,0.076,20.137,0.215,56.21,0.076,8.197,0.021,20.147,0.021,10.045,0.021,25.971,0.021,7.813,0,24.944,0.007,3.885,0.014,27.902,0.021,2.329,0.014,14.649,0.021,2.699,0.003,28.213,0.01,17.565,0.024,70.667,0.014,5.865,0.007,33.046,0.014,8.512,0.014,21.893,0.019,17.447,0.014,43.765,0.019,16.079,0.014,48.589,0.019,5.523,0.037,18.576,0.01,7.019,0.025,22.992,0.019,9.035,0.025,32.719,0.019,16.443,0.188,47.951,0.149,6.508,0.188,19.254,0.149,21.266,0.041,54.35,0.039,12.779,0.066,27.1,0.031,27.875,0.066,54.707,0.031
10.377,0.212,32.962,0.052,11.047,0.212,32.464,0.052,20.022,0.212,56.271,0.052,8.098,0.042,19.894,0.01,9.975,0.042,25.87,0.01,7.785,0.007,24.959,0.014,3.901,0.017,27.846,0.01,2.343,0.017,14.733,0.01,2.811,0.014,28.64,0.024,17.301,0.024,70.4,0.007,5.926,0.007,33.043,0.014,7.414,0.012,21.731,0.014,15.249,0.012,43.54,0.014,13.713,0.012,48.396,0.014,5.42,0.012,18.32,0.021,6.9,0.012,22.644,0.023,8.878,0.012,32.882,0.023,16.512,0.25,48.033,0.155,6.331,0.25,18.829,0.155,21.793,0.05,55.43,0.035,13.527,0.045,28.372,0.039,29.73,0.045,57.711,0.039
10.073,0.212,32.787,0.056,10.756,0.212,32.092,0.056,19.548,0.212,55.889,0.056,7.893,0.042,19.406,0.024,9.829,0.042,25.456,0.024,7.877,0.01,25.156,0.01,3.888,0.01,27.757,0.017,2.354,0.01,14.777,0.017,2.793,0.01,28.965,0.007,17.794,0.035,71.866,0.01,5.992,0.007,33.309,0.017,6.405,0.012,21.593,0.019,13.421,0.012,43.028,0.019,12.3,0.012,47.969,0.019,5.685,0.021,19.25,0.004,6.817,0.031,22.684,0.017,8.887,0.031,32.48,0.017,16.287,0.219,47.881,0.159,6.366,0.219,19.076,0.159,21.205,0.048,54.425,0.029,13.006,0.045,27.515,0.054,28.623,0.045,55.785,0.054
