kl-3_1-488,kl-3_1-BG,kl-3_1-568,kl-3_1-BG,kl-3_2-488,kl-3_2-BG,kl-3_2-568,kl-3_2-BG,kl-3_3-488,kl-3_3-BG,kl-3_3-568,kl-3_3-BG,kl-3_4-488,kl-3_4-BG,kl-3_4-568,kl-3_4-BG,kl-3_5-488,kl-3_5-BG,kl-3_5-568,kl-3_5-BG,kl-3_6-488,kl-3_6-BG,kl-3_6-568,kl-3_6-BG,kl-3_7-488,kl-3_7-BG,kl-3_7-568,kl-3_7-BG,kl-3_8-488,kl-3_8-BG,kl-3_8-568,kl-3_8-BG,kl-3_9-488,kl-3_9-BG,kl-3_9-568,kl-3_9-BG,kl-3_10-488,kl-3_10-BG,kl-3_10-568,kl-3_10-BG,kl-3_11-488,kl-3_11-BG,kl-3_11-568,kl-3_11-BG,kl-3_12-488,kl-3_12-BG,kl-3_12-568,kl-3_12-BG,kl-3_13-488,kl-3_13-BG,kl-3_13-568,kl-3_13-BG,kl-3_14-488,kl-3_14-BG,kl-3_14-568,kl-3_14-BG,kl-3_15-488,kl-3_15-BG,kl-3_15-568,kl-3_15-BG,kl-3_16-488,kl-3_16-BG,kl-3_16-568,kl-3_16-BG,kl-3_17-488,kl-3_17-BG,kl-3_17-568,kl-3_17-BG
68.146,0.45,62.98,0.129,13.46,0.043,61.809,0.021,13.62,0.043,67.535,0.021,65.384,0.074,66.656,0.018,32.445,0.186,31.096,0.171,11.114,0.412,70.43,0.181,9.98,0.412,77.623,0.181,91.021,0.014,91.554,0,44.515,0.014,76.048,0,43.505,0,70.851,0.171,55.687,0,79.587,0,4.58,0,6.496,0,41.919,0.313,66.981,0.101,19.66,0.687,33.387,0.404,14.441,0.687,55.886,0.404,21.741,0.687,74.582,0.404,14.175,0.012,31.735,0.018
69.712,0.536,62.991,0.157,13.804,0.036,61.068,0.036,13.782,0.036,68.071,0.036,67.877,0.1,66.921,0.035,32.73,0.079,31.205,0.036,11.075,0.307,67.659,0.147,8.974,0.307,76.004,0.147,88.789,0.056,88.763,0.042,44.026,0.056,71.814,0.042,41.858,0,65.314,0.036,54.569,0,74.907,0.028,4.349,0,5.981,0.028,39.821,0.356,66.232,0.083,19.921,0.685,33.141,0.404,14.624,0.685,55.671,0.404,22.007,0.685,74.582,0.404,14.616,0.02,31.216,0.008
71.162,0.5,62.637,0.193,14.179,0.064,61.505,0.029,14.008,0.064,67.386,0.029,68.782,0.085,65.714,0.006,33.055,0.071,31.146,0.036,11.227,0.277,67.316,0.122,8.995,0.277,75.773,0.122,89.27,0.014,88.105,0,45.537,0.014,71.678,0,43.151,0.042,64.981,0.036,56.181,0.042,74.966,0.028,4.449,0.042,5.95,0.028,38.061,0.331,66.217,0.097,20.41,0.731,33.036,0.455,15.065,0.731,55.787,0.455,22.353,0.731,74.6,0.455,15.029,0.016,30.819,0.01
72.924,0.393,63.106,0.136,14.263,0.029,59.943,0.036,14.153,0.029,68.98,0.036,69.133,0.065,65.199,0.032,32.149,0.021,30.156,0.014,11.522,0.307,67.71,0.097,9.167,0.307,75.529,0.097,89.977,0.014,87.974,0.014,47.124,0.014,71.106,0.014,44.382,0,64.285,0.014,57.781,0,74.601,0.028,4.545,0,5.886,0.028,36.18,0.307,65.763,0.075,20.535,0.699,33.011,0.396,15.157,0.699,55.698,0.396,22.52,0.699,74.423,0.396,15.701,0.024,30.974,0.014
74.06,0.393,63.004,0.107,14.865,0.071,60.118,0.014,14.352,0.071,68.533,0.014,69.258,0.047,64.662,0.035,31.787,0.021,30.343,0.036,11.765,0.382,67.671,0.113,9.313,0.382,75.594,0.113,90.783,0,87.845,0,49.067,0,71.364,0,46.327,0,64.898,0.036,59.751,0,75.307,0,4.706,0,5.945,0,34.546,0.341,65.898,0.095,20.763,0.612,32.714,0.372,15.419,0.612,55.503,0.372,22.759,0.612,74.33,0.372,16.377,0.03,30.967,0.006
75.532,0.393,63.123,0.086,15.193,0.064,59.805,0.014,14.505,0.064,69.308,0.014,69.319,0.076,64.492,0.015,30.69,0.079,29.636,0.043,11.852,0.353,67.191,0.13,9.396,0.353,75.33,0.13,91.384,0.014,87.99,0.014,50.868,0.014,71.445,0.014,48.093,0,65.123,0.043,61.318,0,75.375,0.028,4.836,0,5.961,0.028,32.992,0.323,66.147,0.081,20.685,0.648,32.564,0.384,15.447,0.648,55.203,0.384,22.899,0.648,74.202,0.384,16.788,0.02,30.663,0.02
75.814,0.386,63.089,0.114,15.738,0.029,60.467,0.021,14.706,0.029,68.525,0.021,69.293,0.082,64.329,0.021,29.774,0.136,29.763,0.093,11.921,0.286,67.502,0.088,9.483,0.286,75.213,0.088,91.957,0.042,88.134,0.056,52.741,0.042,72.052,0.056,50.012,0,65.718,0.093,63.047,0,75.734,0.014,4.984,0,6.012,0.014,31.415,0.339,65.988,0.091,20.586,0.6,31.948,0.366,15.517,0.6,54.61,0.366,22.922,0.6,73.783,0.366,17.342,0.016,30.501,0.016
75.979,0.379,63.519,0.114,15.663,0.043,58.593,0.021,14.7,0.043,69.841,0.021,68.666,0.065,63.3,0.029,28.94,0.064,29.873,0.043,11.808,0.307,66.794,0.097,9.227,0.307,75.015,0.097,91.199,0.014,87.525,0.014,53.641,0.014,70.966,0.014,49.772,0.014,63.901,0.043,62.832,0.014,74.561,0,4.928,0.014,5.856,0,29.743,0.301,65.98,0.093,20.155,0.586,31.733,0.356,15.326,0.586,53.983,0.356,22.831,0.586,73.244,0.356,17.903,0.02,30.573,0.014
75.238,0.393,63.676,0.086,15.685,0.043,57.798,0.014,14.671,0.043,70.681,0.014,68.702,0.05,63.507,0.029,27.407,0.086,29.56,0.043,11.612,0.244,66.703,0.097,9.169,0.244,74.829,0.097,89.934,0.042,86.628,0.014,53.779,0.042,69.512,0.014,49.429,0.014,62.205,0.043,62.338,0.014,73.338,0.028,4.862,0.014,5.708,0.028,28.164,0.275,66.016,0.089,19.858,0.592,31.283,0.356,15.286,0.592,53.764,0.356,22.796,0.592,73.089,0.356,18.536,0.022,30.53,0.014
73.724,0.357,63.606,0.114,15.327,0.043,55.652,0.036,14.523,0.043,71.771,0.036,68.318,0.065,63.233,0.044,26.57,0.064,29.443,0.043,11.478,0.319,66.289,0.155,9.023,0.319,74.654,0.155,89.051,0.028,85.862,0,54.171,0.028,68.85,0,49.551,0.042,61.47,0.043,62.587,0.042,72.769,0.028,4.859,0.042,5.639,0.028,26.716,0.287,65.557,0.095,19.428,0.564,31.05,0.38,15.19,0.564,53.337,0.38,22.786,0.564,72.501,0.38,18.835,0.022,30.433,0.024
72.458,0.4,63.493,0.093,15.65,0.021,57.113,0.007,14.423,0.021,70.864,0.007,67.984,0.076,62.532,0.021,25.596,0.057,29.011,0.05,11.48,0.34,66.333,0.118,8.914,0.34,74.426,0.118,87.706,0,85.139,0,54.356,0,67.66,0,49.3,0.028,59.912,0.05,62.123,0.028,71.437,0.028,4.804,0.028,5.505,0.028,25.298,0.313,65.228,0.069,19.079,0.554,30.606,0.339,15.055,0.554,52.656,0.339,22.526,0.554,71.94,0.339,19.245,0.018,30.071,0.016
70.847,0.271,63.696,0.107,15.459,0.064,56.025,0.043,14.312,0.064,71.357,0.043,67.703,0.068,62.331,0.024,24.691,0.057,28.621,0.043,11.249,0.286,66.109,0.105,8.962,0.286,74.117,0.105,86.74,0.028,84.382,0.014,54.521,0.028,66.873,0.014,49.041,0.014,58.843,0.043,62.078,0.014,70.59,0.014,4.774,0.014,5.419,0.014,24.027,0.301,64.736,0.075,18.697,0.495,29.979,0.307,14.892,0.495,52.099,0.307,22.384,0.495,71.32,0.307,19.415,0.026,29.667,0.016
69.442,0.293,63.433,0.107,15.475,0.079,55.31,0.007,14.213,0.079,71.576,0.007,67.682,0.065,62.078,0.029,24.096,0.014,28.186,0.021,11.247,0.303,65.681,0.059,8.883,0.303,74.011,0.059,85.421,0.014,83.26,0,54.393,0.014,65.407,0,48.469,0.014,57.399,0.021,61.262,0.014,69.561,0.014,4.698,0.014,5.303,0.014,23.009,0.315,64.545,0.055,18.375,0.477,29.878,0.263,14.835,0.477,51.552,0.263,22.465,0.477,70.996,0.263,19.688,0.018,29.391,0.01
67.911,0.271,63.169,0.071,15.862,0.036,57.991,0.007,14.131,0.036,70.01,0.007,68.046,0.047,62.211,0.021,22.946,0.064,27.644,0.1,11.128,0.286,64.794,0.105,8.66,0.286,73.079,0.105,84.421,0.083,82.273,0.014,54.359,0.083,64.657,0.014,48.099,0.014,56.186,0.1,60.512,0.014,68.556,0,4.643,0.014,5.197,0,21.863,0.339,63.497,0.083,18.197,0.465,29.466,0.277,14.813,0.465,50.942,0.277,22.341,0.465,70.612,0.277,19.836,0.014,28.9,0.014
66.675,0.279,63.237,0.079,15.446,0.029,55.958,0.036,13.957,0.029,71.054,0.036,67.836,0.044,61.833,0.012,22.169,0.05,27.154,0.064,11.012,0.286,64.901,0.092,8.557,0.286,72.851,0.092,83.881,0,81.908,0.042,54.738,0,64.059,0.042,48.099,0,55.756,0.064,60.678,0,68.175,0,4.638,0,5.159,0,20.877,0.315,63.113,0.057,18.085,0.493,29.397,0.333,14.901,0.493,51.25,0.333,22.576,0.493,70.645,0.333,19.993,0.016,28.638,0
65.436,0.357,63.18,0.1,15.526,0.029,56.642,0.029,13.885,0.029,70.405,0.029,67.99,0.071,62.115,0.026,22.421,0.021,27.799,0.05,10.984,0.307,64.059,0.105,8.564,0.307,72.393,0.105,82.711,0.014,80.856,0.014,54.472,0.014,62.892,0.014,47.627,0.042,54.58,0.05,60.035,0.042,67.419,0.028,4.584,0.042,5.073,0.028,20.051,0.297,62.934,0.081,17.705,0.432,29.02,0.301,14.742,0.432,50.39,0.301,22.493,0.432,69.926,0.301,19.083,0.022,27.167,0.014
64.214,0.329,63.002,0.064,15.491,0.021,56.25,0.029,13.792,0.021,70.256,0.029,68.08,0.076,61.674,0.032,21.966,0.086,27.056,0.057,10.788,0.315,63.002,0.139,8.211,0.315,71.49,0.139,82.215,0.028,80.461,0.042,54.576,0.028,62.552,0.042,47.636,0,54.047,0.057,59.983,0,67.006,0,4.571,0,5.028,0,19.21,0.297,61.897,0.077,17.691,0.444,28.637,0.283,14.825,0.444,49.851,0.283,22.647,0.444,69.707,0.283,18.903,0.018,26.515,0.006
63.354,0.25,62.998,0.114,15.032,0.057,54.533,0.029,13.62,0.057,70.824,0.029,67.125,0.068,60.708,0.012,21.069,0.007,26.242,0.014,10.674,0.311,62.872,0.092,8.172,0.311,70.817,0.092,81.746,0,80.024,0.014,54.653,0,61.753,0.014,47.288,0.014,53.07,0.014,59.518,0.014,66.444,0.028,4.528,0.014,4.955,0.028,18.415,0.321,61.338,0.061,17.608,0.444,28.535,0.257,14.876,0.444,49.909,0.257,22.73,0.444,69.554,0.257,18.327,0.024,25.438,0.014
62.527,0.314,62.867,0.071,15.45,0.036,56.625,0.05,13.68,0.036,69.527,0.05,67.315,0.05,60.743,0.035,20.437,0.029,25.617,0.007,10.853,0.307,63.209,0.105,8.155,0.307,71.256,0.105,80.292,0.014,78.684,0,53.42,0.014,60.247,0,45.823,0.056,51.313,0.007,58.193,0.056,64.961,0,4.398,0.056,4.804,0,18.039,0.333,61.813,0.083,17.501,0.511,28.499,0.271,14.991,0.511,49.48,0.271,22.886,0.511,69.35,0.271,18.325,0.016,25.08,0.016
61.574,0.307,62.849,0.057,15.183,0.05,55.353,0.014,13.48,0.05,70.599,0.014,67.073,0.071,60.683,0.032,20.364,0.021,25.623,0.029,10.852,0.265,63.374,0.092,8.385,0.265,71.254,0.092,79.504,0.028,78.018,0.014,53.351,0.028,59.531,0.014,45.561,0.028,50.644,0.029,57.949,0.028,64.414,0,4.371,0.028,4.751,0,17.132,0.368,60.046,0.063,17.477,0.404,28.113,0.253,15.111,0.404,49.243,0.253,23.156,0.404,69.313,0.253,18.313,0.01,25.017,0.018
60.903,0.3,63.028,0.107,14.98,0.093,54.49,0.029,13.349,0.093,70.587,0.029,66.404,0.074,59.74,0.041,20.298,0.043,25.485,0.014,10.928,0.286,62.694,0.071,8.271,0.286,70.583,0.071,78.584,0.028,76.923,0,52.697,0.028,58.447,0,44.821,0,49.525,0.014,57.556,0,63.859,0,4.312,0,4.675,0,16.728,0.293,59.819,0.073,17.329,0.416,28.146,0.244,15.236,0.416,48.995,0.244,23.386,0.416,69.211,0.244,18.521,0.01,24.934,0.01
60.392,0.207,62.965,0.057,15.253,0.107,56.011,0.036,13.307,0.107,70.295,0.036,65.188,0.038,58.561,0.032,20.628,0.014,25.764,0.043,10.91,0.34,62.537,0.101,8.189,0.34,70.207,0.101,77.931,0,76.314,0.028,52.515,0,57.845,0.028,44.35,0,48.77,0.043,56.998,0,63.094,0,4.264,0,4.608,0,16.113,0.309,59.049,0.073,17.293,0.372,27.685,0.275,15.313,0.372,48.695,0.275,23.604,0.372,68.832,0.275,18.217,0.034,24.427,0.012
60.014,0.307,62.979,0.107,15.291,0.064,56.167,0.021,13.187,0.064,70.118,0.021,66.352,0.082,59.426,0.012,20.701,0.021,26.172,0.036,10.839,0.311,61.514,0.08,8.022,0.311,69.214,0.08,77.883,0.014,76.424,0.014,52.733,0.014,57.936,0.014,44.508,0,48.571,0.036,57.47,0,63.167,0.014,4.286,0,4.602,0.014,15.558,0.307,57.794,0.069,17.268,0.356,27.396,0.24,15.369,0.356,48.178,0.24,23.878,0.356,68.539,0.24,18.201,0.012,24.166,0.022
59.462,0.279,63.009,0.043,15.137,0.029,55.681,0.021,13.044,0.029,70.35,0.021,65.469,0.071,58.754,0.035,20.505,0.043,26.017,0.021,10.874,0.286,61.128,0.097,8.004,0.286,69.105,0.097,77.333,0,75.705,0.028,52.819,0,57.347,0.028,44.259,0,48.21,0.021,57.223,0,62.834,0,4.26,0,4.565,0,15.257,0.364,57.383,0.075,17.061,0.372,27.243,0.204,15.477,0.372,47.548,0.204,24.069,0.372,68.106,0.204,18.221,0.01,24.067,0.012
59.039,0.271,62.904,0.036,15.068,0.079,54.783,0.036,12.931,0.079,70.642,0.036,66.258,0.074,59.093,0.032,20.799,0.021,26.2,0.036,10.863,0.349,60.857,0.076,8.062,0.349,68.426,0.076,76.687,0.028,75.173,0,52.399,0.028,56.596,0,43.68,0.014,47.385,0.036,56.999,0.014,62.155,0,4.214,0.014,4.503,0,15.213,0.323,58.284,0.069,16.999,0.352,27.017,0.234,15.629,0.352,47.588,0.234,24.31,0.352,68.031,0.234,18.149,0.012,23.598,0.008
58.591,0.221,62.87,0.071,14.968,0.071,54.272,0.029,12.924,0.071,70.811,0.029,66.015,0.062,58.602,0.029,20.387,0.021,25.743,0.021,10.921,0.303,60.542,0.092,7.962,0.303,67.974,0.092,74.739,0.028,73.456,0,50.695,0.028,54.82,0,41.995,0.056,45.557,0.021,55.63,0.056,60.542,0.042,4.087,0.056,4.355,0.042,14.929,0.327,58.399,0.069,17.067,0.358,26.973,0.198,15.767,0.358,47.312,0.198,24.703,0.358,67.627,0.198,18.033,0.018,23.494,0.006
58.324,0.307,62.878,0.1,15.004,0.079,54.426,0.014,12.806,0.079,70.766,0.014,66.181,0.062,58.604,0.021,20.294,0.05,25.724,0.021,11.135,0.29,60.74,0.084,8.121,0.29,68.173,0.084,74.17,0,72.937,0,50.773,0,54.59,0,41.937,0.028,45.335,0.021,55.786,0.028,60.373,0.028,4.083,0.028,4.336,0.028,14.615,0.323,57.04,0.059,17.083,0.398,26.9,0.208,15.991,0.398,47.312,0.208,25.135,0.398,67.651,0.208,17.466,0.016,22.731,0.012
57.817,0.25,62.604,0.071,14.805,0.036,53.085,0.021,12.681,0.036,71.304,0.021,65.963,0.05,58.302,0.029,20.457,0.014,25.703,0.029,11.295,0.324,60.667,0.088,8.173,0.324,67.878,0.088,73.057,0,72.011,0,50.23,0,53.674,0,41.204,0,44.361,0.029,55.431,0,59.78,0,4.032,0,4.267,0,14.311,0.341,56.692,0.063,17.001,0.329,26.592,0.257,16.108,0.329,46.605,0.257,25.383,0.329,67.287,0.257,17.277,0.016,22.289,0.004
57.442,0.193,62.375,0.093,14.504,0.071,52.387,0.036,12.676,0.071,71.539,0.036,66.051,0.065,58.091,0.012,20.158,0.021,25.482,0.021,11.285,0.269,60.644,0.097,8.201,0.269,67.732,0.097,71.942,0.028,70.997,0.014,49.433,0.028,52.667,0.014,40.602,0,43.544,0.021,54.858,0,59.253,0.042,3.983,0,4.209,0.042,14.028,0.388,56.467,0.057,16.976,0.307,26.563,0.238,16.256,0.307,46.544,0.238,25.722,0.307,67.012,0.238,16.758,0.016,21.629,0.016
57.544,0.264,62.458,0.064,14.725,0.057,52.69,0.021,12.634,0.057,71.422,0.021,66.371,0.044,58.376,0.012,19.481,0.086,24.664,0.043,11.382,0.239,60.217,0.118,8.219,0.239,67.51,0.118,71.574,0.014,70.468,0.014,49.18,0.014,52.261,0.014,40.268,0.028,43.164,0.043,55.133,0.028,58.774,0.014,3.97,0.028,4.174,0.014,13.989,0.329,56.747,0.091,17.116,0.341,26.525,0.24,16.51,0.341,46.339,0.24,26.199,0.341,67.017,0.24,16.49,0.024,21.134,0.012
57.451,0.2,62.381,0.064,14.64,0.014,51.86,0.029,12.63,0.014,71.61,0.029,65.921,0.056,57.706,0.029,19.686,0.029,24.87,0.021,11.506,0.412,60.065,0.134,8.383,0.412,67.427,0.134,70.975,0.028,69.999,0,48.934,0.028,51.82,0,40.071,0.014,42.693,0.021,54.544,0.014,58.332,0,3.94,0.014,4.131,0,13.505,0.309,55.477,0.057,16.966,0.317,26.25,0.222,16.716,0.317,46.1,0.222,26.582,0.317,66.742,0.222,16.622,0.018,21.324,0.018
57.061,0.307,62.051,0.1,14.702,0.064,51.385,0.021,12.555,0.064,71.474,0.021,65.213,0.071,56.921,0.029,19.708,0.043,24.776,0.021,11.682,0.252,59.729,0.109,8.449,0.252,67.581,0.109,70.119,0.028,69.056,0,48.524,0.028,51.103,0,39.425,0.028,41.864,0.021,54.192,0.028,58.111,0,3.897,0.028,4.088,0,13.114,0.319,54.151,0.067,16.955,0.327,25.9,0.234,16.773,0.327,45.653,0.234,26.922,0.327,66.457,0.234,16.34,0.02,20.905,0.012
57.061,0.279,62.111,0.071,14.923,0.064,51.741,0.036,12.595,0.064,71.397,0.036,65.05,0.059,56.732,0.018,19.732,0.007,24.595,0.021,11.836,0.269,59.993,0.084,8.58,0.269,66.929,0.084,69.679,0.028,68.673,0,48.209,0.028,50.546,0,39.146,0,41.425,0.021,54.161,0,57.477,0,3.878,0,4.04,0,12.853,0.38,53.784,0.061,17.007,0.285,25.789,0.204,17.005,0.285,45.496,0.204,27.331,0.285,66.316,0.204,16.569,0.014,20.993,0.008
57.046,0.236,62.175,0.086,14.946,0.036,51.232,0,12.61,0.036,71.408,0,65.776,0.062,56.969,0.026,19.584,0.014,24.699,0.014,11.613,0.315,59.132,0.105,8.524,0.315,66.694,0.105,69.575,0.042,68.302,0.014,48.379,0.042,50.459,0.014,39.286,0,41.2,0.014,54.394,0,57.196,0.014,3.888,0,4.024,0.014,13.039,0.317,54.666,0.061,16.841,0.327,25.702,0.17,17.196,0.327,44.949,0.17,27.602,0.327,65.91,0.17,16.585,0.012,21.121,0.022
57.351,0.3,62.082,0.086,15.428,0.064,52.876,0.021,12.67,0.064,70.911,0.021,65.351,0.079,56.56,0.012,19.526,0.021,24.557,0.057,11.84,0.269,59.762,0.109,8.64,0.269,66.562,0.109,68.562,0,67.447,0,47.614,0,49.391,0,38.416,0.014,40.332,0.057,53.728,0.014,56.518,0.014,3.825,0.014,3.95,0.014,12.916,0.354,54.017,0.061,16.888,0.273,25.517,0.19,17.323,0.273,44.998,0.19,28.081,0.273,65.798,0.19,16.212,0.014,20.616,0.012
57.377,0.2,62.303,0.071,15.51,0.021,53.188,0.036,12.615,0.021,70.937,0.036,65.187,0.074,56.28,0.012,19.385,0.007,24.313,0.021,12.089,0.277,59.334,0.143,8.791,0.277,66.574,0.143,67.515,0.014,66.092,0.014,46.725,0.014,48.353,0.014,37.714,0,39.301,0.021,53.086,0,55.586,0.014,3.77,0,3.877,0.014,12.818,0.404,54.289,0.081,16.822,0.341,25.371,0.184,17.621,0.341,44.767,0.184,28.519,0.341,65.779,0.184,16.148,0.02,20.539,0.014
57.07,0.236,62.003,0.086,15.436,0.071,51.501,0.029,12.588,0.071,71.236,0.029,65.345,0.047,56.165,0.018,19.342,0.029,24.08,0.036,12.139,0.307,59.307,0.092,8.76,0.307,66.327,0.092,66.964,0.014,65.417,0,46.506,0.014,47.813,0,37.259,0.028,38.688,0.036,52.861,0.028,55.186,0.014,3.742,0.028,3.828,0.014,12.622,0.333,53.773,0.079,16.794,0.309,25.234,0.164,17.707,0.309,44.598,0.164,28.94,0.309,65.552,0.164,16.078,0.02,20.467,0.01
57.149,0.214,61.917,0.036,15.438,0.057,50.994,0.021,12.658,0.057,71.603,0.021,66.947,0.041,57.468,0.038,19.378,0.036,24.013,0.029,12.232,0.252,58.908,0.071,8.763,0.252,65.744,0.071,66.06,0.014,64.343,0,45.966,0.014,46.865,0,37.053,0.014,38.157,0.029,52.625,0.014,54.667,0,3.715,0.014,3.788,0,12.309,0.299,52.829,0.067,16.725,0.339,25.251,0.156,17.993,0.339,44.395,0.156,29.374,0.339,65.308,0.156,15.78,0.008,20.191,0.022
57.132,0.25,61.753,0.057,15.563,0.029,51.027,0.064,12.679,0.029,71.66,0.064,65.844,0.056,56.296,0.018,19.021,0.036,23.864,0.029,12.38,0.298,58.702,0.105,8.841,0.298,65.674,0.105,64.389,0,62.535,0.014,44.784,0,45.623,0.014,35.781,0.042,36.862,0.029,51.38,0.042,52.946,0,3.615,0.042,3.664,0,12.328,0.354,53.263,0.081,16.914,0.307,25.393,0.234,18.401,0.307,44.639,0.234,29.963,0.307,65.567,0.234,16.081,0.026,20.199,0.008
56.919,0.243,61.509,0.05,15.362,0.036,49.972,0.036,12.651,0.036,72.009,0.036,65.957,0.032,56.228,0.032,19.226,0.043,24.041,0.029,12.374,0.319,58.624,0.08,8.853,0.319,65.283,0.08,63.788,0.014,61.833,0,44.246,0.014,45.004,0,35.399,0,36.292,0.029,50.861,0,52.479,0,3.578,0,3.627,0,12.343,0.388,53.171,0.077,16.857,0.297,25.274,0.204,18.61,0.297,44.565,0.204,30.325,0.297,65.578,0.204,16.35,0.012,20.491,0.012
56.951,0.257,61.46,0.071,15.618,0.014,49.316,0.014,12.732,0.014,72.197,0.014,65.71,0.056,55.663,0.015,18.898,0.036,23.573,0.014,12.483,0.29,58.457,0.092,8.995,0.29,65.266,0.092,62.88,0.014,60.892,0,44.005,0.014,44.426,0,35.148,0.014,35.824,0.014,50.756,0.014,52.097,0.042,3.564,0.014,3.588,0.042,12.169,0.404,52.852,0.071,16.87,0.323,25.249,0.21,18.85,0.323,44.362,0.21,30.705,0.323,65.222,0.21,16.107,0.012,20.374,0.016
56.761,0.207,61.26,0.036,15.72,0.079,49.381,0,12.689,0.079,72.159,0,65.723,0.071,55.732,0.021,18.917,0.05,23.669,0.036,12.73,0.324,58.446,0.118,8.987,0.324,65.175,0.118,64.099,0.042,61.7,0.014,44.755,0.042,44.964,0.014,35.633,0,36.261,0.036,51.378,0,52.325,0,3.608,0,3.617,0,12.311,0.343,53.314,0.075,16.846,0.259,25.2,0.174,19.088,0.259,44.312,0.174,31.202,0.259,65.253,0.174,15.922,0.01,20.032,0.008
57.321,0.157,61.621,0.057,15.774,0.05,49.652,0.014,12.794,0.05,72.316,0.014,65.932,0.044,55.456,0.012,18.927,0.007,23.619,0.029,12.668,0.319,58.131,0.097,9.096,0.319,64.404,0.097,63.963,0.014,61.724,0.042,44.834,0.014,44.929,0.042,35.714,0.014,36.141,0.029,51.648,0.014,52.644,0.014,3.624,0.014,3.625,0.014,12.254,0.315,52.923,0.071,16.81,0.273,25.046,0.17,19.245,0.273,44.061,0.17,31.545,0.273,65.042,0.17,15.69,0.01,19.724,0.012
57.052,0.243,61.2,0.043,15.686,0.043,48.124,0.036,12.741,0.043,72.676,0.036,66.816,0.035,56.141,0.018,18.685,0.021,23.228,0.029,12.76,0.294,58.121,0.105,9.077,0.294,64.484,0.105,64.165,0.014,61.794,0,44.854,0.014,45.187,0,35.969,0,36.422,0.029,52.021,0,53.024,0.014,3.65,0,3.656,0.014,12.334,0.36,53.435,0.048,16.92,0.321,25.01,0.17,19.53,0.321,44.102,0.17,31.982,0.321,65.118,0.17,15.582,0.012,19.697,0.012
56.847,0.193,60.733,0.086,15.798,0.036,47.174,0.014,12.742,0.036,72.683,0.014,66.815,0.062,56.15,0.026,18.601,0.014,23.213,0.043,12.938,0.298,57.674,0.122,9.203,0.298,63.929,0.122,64.2,0.014,61.782,0,44.942,0.014,45.326,0,35.912,0.014,36.505,0.043,52.028,0.014,53.166,0,3.656,0.014,3.665,0,12.157,0.36,52.962,0.055,16.875,0.287,25.025,0.164,19.729,0.287,43.999,0.164,32.299,0.287,64.865,0.164,15.752,0.012,19.759,0.02
56.66,0.229,60.591,0.057,15.736,0.057,46.204,0.021,12.807,0.057,72.781,0.021,66.159,0.071,54.957,0.035,18.754,0.043,23.12,0.029,13.036,0.286,57.392,0.113,9.269,0.286,63.861,0.113,64.445,0.014,62.194,0.014,45.284,0.014,45.55,0.014,36.163,0,36.822,0.029,52.226,0,53.497,0,3.673,0,3.693,0,12.2,0.388,52.733,0.067,16.896,0.291,24.88,0.198,20.051,0.291,44.019,0.198,32.836,0.291,64.956,0.198,16.047,0.014,20.143,0.01
56.938,0.186,60.529,0.093,15.955,0.057,46.835,0.036,12.866,0.057,72.744,0.036,64.881,0.059,54.079,0.041,18.785,0.021,23.333,0.021,13.035,0.307,56.85,0.084,9.242,0.307,62.949,0.084,64.372,0.042,61.941,0,45.075,0.042,45.461,0,35.834,0,36.408,0.021,51.966,0,53.379,0.014,3.646,0,3.668,0.014,11.703,0.341,50.767,0.089,16.862,0.259,25.077,0.182,20.246,0.259,43.967,0.182,33.171,0.259,64.908,0.182,16.09,0.012,20.137,0.012
57.326,0.229,60.838,0.064,16.367,0.071,47.917,0.036,13,0.071,72.672,0.036,64.527,0.076,53.487,0.021,18.475,0.014,22.966,0.021,13.271,0.324,56.819,0.084,9.34,0.324,62.689,0.084,64.462,0.042,61.925,0.014,45.425,0.042,45.552,0.014,36.393,0,36.887,0.021,52.597,0,53.793,0.014,3.695,0,3.711,0.014,11.762,0.335,51.084,0.067,16.791,0.287,24.842,0.178,20.435,0.287,43.816,0.178,33.437,0.287,64.669,0.178,16.083,0.016,19.911,0.01
57.105,0.2,60.273,0.043,16.087,0.036,46.002,0.007,12.912,0.036,72.788,0.007,64.008,0.038,53.101,0.012,18.471,0.029,22.913,0.05,13.285,0.349,56.559,0.092,9.379,0.349,62.099,0.092,64.616,0.014,62.184,0,45.506,0.014,45.81,0,36.263,0.014,36.878,0.05,52.397,0.014,53.767,0,3.681,0.014,3.713,0,11.687,0.384,50.83,0.044,16.866,0.271,24.825,0.208,20.69,0.271,43.894,0.208,33.806,0.271,64.809,0.208,15.667,0.022,19.493,0.01
57.115,0.2,60.223,0.05,16.669,0.057,46.504,0.05,13.033,0.057,72.916,0.05,64.226,0.074,52.878,0.015,18.781,0.014,23.161,0.029,13.526,0.311,56.572,0.109,9.478,0.311,61.84,0.109,64.299,0.042,62.038,0,45.395,0.042,45.679,0,36.117,0,37.05,0.029,52.279,0,54.005,0,3.673,0,3.724,0,11.784,0.374,51.137,0.063,16.784,0.273,24.707,0.212,20.721,0.273,43.626,0.212,34.049,0.273,64.542,0.212,15.877,0.016,19.781,0.006
57.385,0.164,60.374,0.05,16.803,0.057,46.881,0.021,13.038,0.057,72.835,0.021,64.216,0.05,52.726,0.018,18.207,0.057,22.406,0.064,13.502,0.265,56.208,0.071,9.495,0.265,61.63,0.071,63.837,0.028,61.729,0.014,45.03,0.028,45.499,0.014,36.061,0.014,36.677,0.064,51.955,0.014,53.7,0.014,3.657,0.014,3.696,0.014,11.43,0.384,49.995,0.061,16.904,0.289,24.67,0.21,20.951,0.289,43.459,0.21,34.505,0.289,64.519,0.21,15.47,0.004,19.33,0.008
57.639,0.186,60.161,0.05,16.88,0.029,46.379,0.014,13.123,0.029,72.99,0.014,64.228,0.044,52.259,0.015,18.266,0.007,22.768,0.029,13.731,0.269,56.036,0.097,9.687,0.269,61.463,0.097,64.506,0,62.08,0.014,45.592,0,45.947,0.014,36.338,0.014,37.014,0.029,52.359,0.014,54.342,0.014,3.686,0.014,3.738,0.014,11.35,0.329,49.55,0.053,16.753,0.275,24.555,0.212,21.047,0.275,43.397,0.212,34.769,0.275,64.39,0.212,15.823,0.008,19.674,0.008
57.733,0.164,59.944,0.05,17.12,0.021,46.001,0.036,13.293,0.021,73.104,0.036,63.924,0.021,52.059,0.032,18.613,0.05,23.15,0.021,13.831,0.248,56.117,0.101,9.654,0.248,61.125,0.101,64.337,0,61.739,0.014,45.335,0,45.739,0.014,36.135,0,36.879,0.021,52.264,0,53.954,0.014,3.674,0,3.717,0.014,11.438,0.37,49.687,0.075,16.77,0.293,24.413,0.156,21.101,0.293,43.061,0.156,34.795,0.293,64.145,0.156,15.727,0.01,19.508,0.016
57.702,0.107,59.759,0.1,17.153,0.057,45.315,0.021,13.326,0.057,73.326,0.021,63.186,0.035,51.363,0.015,18.39,0.014,22.843,0.043,13.835,0.328,55.807,0.097,9.799,0.328,60.445,0.097,65.295,0.028,62.465,0.014,46.248,0.028,46.385,0.014,36.977,0.014,37.511,0.043,53.098,0.014,54.753,0,3.74,0.014,3.773,0,11.273,0.362,49.033,0.069,16.812,0.265,24.662,0.198,21.579,0.265,43.449,0.198,35.323,0.265,64.419,0.198,15.226,0.018,19.067,0.012
57.556,0.15,59.46,0.05,17.183,0.057,44.526,0.021,13.335,0.057,73.272,0.021,64.694,0.053,52.648,0.012,17.903,0.021,22.336,0.043,14.087,0.319,55.637,0.097,9.885,0.319,60.555,0.097,66.034,0.042,62.749,0.014,46.936,0.042,46.773,0.014,37.314,0.014,37.717,0.043,53.338,0.014,54.903,0,3.764,0.014,3.789,0,11.197,0.37,48.545,0.067,16.857,0.269,24.467,0.158,21.57,0.269,43.448,0.158,35.486,0.269,64.382,0.158,15.6,0.024,19.477,0.004
57.199,0.129,58.992,0.021,17.068,0.064,43.185,0.05,13.285,0.064,73.43,0.05,62.803,0.044,51.049,0.026,17.918,0.05,22.367,0.043,14.218,0.277,55.511,0.088,9.981,0.277,60.096,0.088,65.676,0.014,62.394,0.014,46.704,0.014,46.528,0.014,37.212,0,37.675,0.043,53.365,0,54.967,0.014,3.762,0,3.788,0.014,11.112,0.36,48.21,0.069,16.916,0.277,24.444,0.19,21.705,0.277,43.11,0.19,35.786,0.277,64.134,0.19,15.35,0.014,19.239,0.016
57.178,0.136,59.135,0.064,17.309,0.043,43.648,0.014,13.389,0.043,73.474,0.014,61.429,0.071,49.937,0.018,17.742,0.043,22.123,0.057,14.331,0.282,55.232,0.076,10.086,0.282,59.986,0.076,65.737,0,62.341,0.028,46.814,0,46.607,0.028,37.292,0.014,37.516,0.057,53.326,0.014,54.979,0.014,3.759,0.014,3.783,0.014,11.033,0.368,48.115,0.067,16.638,0.267,24.33,0.168,21.919,0.267,42.995,0.168,35.886,0.267,64.024,0.168,15.465,0.026,19.269,0.012
56.947,0.114,58.672,0.029,17.322,0.071,42.398,0.021,13.371,0.071,73.442,0.021,60.913,0.038,49.622,0.032,18.24,0.057,22.537,0.021,14.552,0.382,55.401,0.147,10.224,0.382,59.915,0.147,65.994,0.014,62.603,0,47.035,0.014,46.921,0,37.522,0.028,37.79,0.021,53.969,0.028,55.36,0,3.791,0.028,3.804,0,11.283,0.374,48.603,0.046,16.628,0.293,24.275,0.21,21.924,0.293,42.888,0.21,36.033,0.293,63.765,0.21,15.266,0.032,18.998,0.014
56.914,0.15,58.574,0.036,17.445,0.071,42.624,0.05,13.558,0.071,73.632,0.05,61.732,0.05,50.057,0.026,18.182,0.014,22.424,0.036,14.829,0.286,55.12,0.126,10.367,0.286,59.362,0.126,65.809,0,62.158,0.014,47.05,0,46.742,0.014,37.278,0.014,37.564,0.036,53.737,0.014,55.147,0,3.772,0.014,3.792,0,11.373,0.36,48.914,0.073,16.623,0.24,24.097,0.206,21.952,0.24,42.524,0.206,36.222,0.24,63.526,0.206,15.151,0.018,19.068,0.012
56.877,0.214,58.504,0.057,17.817,0.043,42.88,0.029,13.644,0.043,73.608,0.029,62.236,0.044,50.371,0.021,18.213,0.029,22.351,0.021,14.972,0.282,55.316,0.101,10.391,0.282,59.508,0.101,65.298,0,61.742,0.014,46.663,0,46.294,0.014,37.188,0,37.46,0.021,53.931,0,54.869,0.028,3.772,0,3.776,0.028,11.419,0.287,49.551,0.075,16.711,0.271,24.244,0.196,22.18,0.271,42.706,0.196,36.605,0.271,63.547,0.196,15,0.03,18.794,0.008
56.972,0.136,58.494,0.05,17.971,0.036,42.418,0.021,13.669,0.036,73.694,0.021,62.346,0.05,50.417,0.029,18.259,0.021,22.582,0.029,15.101,0.311,54.524,0.092,10.436,0.311,58.465,0.092,62.209,0,59.054,0.028,44.422,0,44.276,0.028,35.044,0.056,35.159,0.029,51.059,0.056,52.424,0,3.581,0.056,3.584,0,11.494,0.352,49.734,0.073,16.578,0.234,23.919,0.152,22.114,0.234,42.234,0.152,36.49,0.234,63.145,0.152,15.155,0.018,18.981,0.016
56.736,0.086,58.087,0.043,17.979,0.05,42.083,0.036,13.734,0.05,73.967,0.036,61.928,0.026,49.977,0.009,18.064,0.014,21.916,0.029,15,0.239,54.599,0.088,10.665,0.239,58.616,0.088,59.982,0.042,56.598,0,43.126,0.042,42.627,0,34.121,0.028,34.081,0.029,50.365,0.028,51.074,0.014,3.495,0.028,3.477,0.014,11.095,0.354,47.965,0.069,16.437,0.269,24.071,0.178,22.244,0.269,42.242,0.178,36.728,0.269,63.162,0.178,15.233,0.024,18.994,0.01
56.841,0.136,58.112,0.057,18.124,0.043,41.533,0.014,13.778,0.043,73.737,0.014,62.204,0.065,50.069,0.029,18.266,0.021,22.391,0.05,15.354,0.29,54.742,0.13,10.833,0.29,58.846,0.13,58.792,0.014,55.15,0,42.254,0.014,41.413,0,33.363,0,33.116,0.05,49.921,0,50.054,0.028,3.444,0,3.4,0.028,11.029,0.352,47.834,0.053,16.366,0.287,23.821,0.174,22.164,0.287,41.875,0.174,36.743,0.287,62.833,0.174,15.201,0.014,18.909,0.004
57.514,0.143,58.475,0.079,18.585,0.05,41.718,0.043,13.95,0.05,73.939,0.043,63.182,0.059,50.761,0.021,17.996,0.029,22.092,0.043,15.728,0.214,55.036,0.067,10.948,0.214,59.351,0.067,59.384,0,55.261,0,42.775,0,41.743,0,33.755,0.028,33.251,0.043,50.977,0.028,50.172,0.014,3.501,0.028,3.406,0.014,11.194,0.358,48.053,0.051,16.324,0.251,23.835,0.192,22.4,0.251,41.959,0.192,37.041,0.251,62.858,0.192,15.161,0.01,18.809,0.014
60.988,0.1,59.344,0.1,19.379,0.043,43.215,0.021,14.354,0.043,74.131,0.021,62.1,0.015,49.877,0.021,17.686,0.05,21.831,0.021,15.896,0.248,54.78,0.084,11.034,0.248,58.673,0.084,60.358,0,55.79,0,43.657,0,42.04,0,34.536,0,33.659,0.021,52.199,0,50.757,0.014,3.569,0,3.439,0.014,11.584,0.386,49.313,0.069,16.502,0.285,23.748,0.192,22.451,0.285,41.718,0.192,37.26,0.285,62.748,0.192,15.096,0.016,18.901,0.02
71.132,0.107,59.055,0.05,21.447,0.029,42.115,0.029,15.584,0.029,74.333,0.029,61.603,0.053,49.255,0.015,17.662,0.036,21.967,0.029,16.059,0.29,54.355,0.118,11.147,0.29,58.126,0.118,62.355,0.083,57.014,0,45.21,0.083,43.177,0,35.667,0,34.727,0.029,54.043,0,51.723,0.028,3.684,0,3.519,0.028,11.471,0.378,48.526,0.069,16.388,0.287,23.635,0.182,22.539,0.287,41.689,0.182,37.345,0.287,62.703,0.182,15.102,0.02,18.954,0.014
80.445,0.221,58.402,0.043,23.909,0.057,40.921,0.036,17.454,0.057,74.489,0.036,62.273,0.035,49.697,0.026,17.837,0.021,21.807,0.021,16.279,0.239,54.679,0.097,11.34,0.239,58.43,0.097,59.964,0.014,54.911,0,43.42,0.014,41.598,0,34.355,0.028,33.081,0.021,52.815,0.028,50.25,0,3.585,0.028,3.395,0,11.441,0.356,48.723,0.089,16.477,0.269,23.748,0.186,22.757,0.269,41.777,0.186,37.616,0.269,62.861,0.186,15.178,0.02,18.941,0.008
88.486,0.157,58.751,0.036,28.06,0.057,41.687,0.029,19.917,0.057,74.7,0.029,63.699,0.044,50.455,0.018,17.946,0.029,21.776,0.021,16.707,0.269,54.582,0.105,11.463,0.269,58.389,0.105,61.14,0.028,54.675,0.028,44.692,0.028,41.379,0.028,35.275,0.042,32.949,0.021,54.362,0.042,50.035,0.014,3.683,0.042,3.38,0.014,11.104,0.37,47.576,0.057,16.566,0.257,23.968,0.194,23.119,0.257,42.218,0.194,37.839,0.257,63.152,0.194,15.239,0.022,18.683,0.006
93.652,0.179,58.887,0.064,31.468,0.071,41.438,0.029,22.499,0.071,75.161,0.029,65.635,0.076,49.896,0.024,20.219,0.036,21.796,0.007,19.882,0.315,54.715,0.101,12.636,0.315,58.274,0.101,60.916,0.014,54.386,0.014,45.624,0.014,41.155,0.014,35.905,0.014,32.73,0.007,55.242,0.014,49.595,0,3.733,0.014,3.356,0,10.902,0.333,46.636,0.061,17.153,0.263,23.854,0.194,23.47,0.263,42.095,0.194,38.241,0.263,63.112,0.194,17.538,0.006,18.9,0.014
95.752,0.171,58.503,0.057,34.982,0.064,41.272,0.007,25.359,0.064,75.371,0.007,76.864,0.062,50.919,0.018,21.243,0.021,21.984,0.05,24.3,0.277,54.844,0.08,14.835,0.277,57.976,0.08,59.239,0.014,53.439,0,44.997,0.014,40.534,0,35.35,0.014,32.102,0.05,54.625,0.014,49.122,0.014,3.679,0.014,3.309,0.014,11.847,0.358,47.465,0.069,19.891,0.327,24.244,0.172,25.392,0.327,42.386,0.172,40.326,0.327,63.39,0.172,19.799,0.028,19.297,0.008
97.629,0.157,58.741,0.064,38.565,0.043,41.684,0.043,28.309,0.043,75.56,0.043,81.691,0.035,49.927,0.021,21.425,0.007,21.749,0.029,28.918,0.193,54.831,0.097,17.625,0.193,57.777,0.097,57.817,0,53.003,0,44.619,0,40.333,0,35.031,0.028,31.989,0.029,54.168,0.028,49.116,0,3.642,0.028,3.301,0,12.787,0.319,47.882,0.077,21.873,0.289,24.205,0.176,28.094,0.289,42.418,0.176,43.597,0.289,63.099,0.176,21.4,0.008,19.341,0.008
99.026,0.129,59.468,0.05,42.348,0.043,42.551,0.021,31.482,0.043,76.132,0.021,84.806,0.035,49.565,0.015,21.696,0.036,21.751,0.036,33.167,0.294,55.486,0.063,20.701,0.294,57.96,0.063,56.004,0,52.223,0,43.373,0,39.706,0,33.733,0.028,31.285,0.036,52.492,0.028,48.209,0,3.526,0.028,3.238,0,13.877,0.349,48.567,0.063,23.86,0.297,24.144,0.192,31.604,0.297,42.305,0.192,47.876,0.297,63.079,0.192,22.048,0.014,19.234,0.006
97.658,0.193,58.279,0.071,43.223,0.021,40.702,0.029,34.737,0.021,76.13,0.029,87.002,0.053,49.596,0.024,22.082,0.021,21.865,0.029,36.557,0.298,55.454,0.08,23.552,0.298,58.315,0.08,54.981,0,51.935,0.014,42.57,0,39.355,0.014,33.25,0.014,31.052,0.029,51.707,0.014,48.257,0,3.477,0.014,3.229,0,14.698,0.333,47.731,0.055,25.232,0.297,24.001,0.17,34.816,0.297,42.253,0.17,52.562,0.297,63.28,0.17,22.465,0.028,19.111,0.014
97.381,0.143,58.271,0.036,45.376,0.05,40.708,0.029,38.257,0.05,76.267,0.029,86.727,0.056,48.982,0.035,22.062,0.043,21.714,0.036,38.977,0.307,55.42,0.109,26.051,0.307,58.184,0.109,55.016,0.028,52.314,0,42.673,0.028,39.82,0,33.15,0.014,31.421,0.036,51.737,0.014,48.638,0.014,3.468,0.014,3.255,0.014,16.241,0.378,48.719,0.055,25.899,0.311,24.071,0.2,37,0.311,42.225,0.2,56.694,0.311,63.119,0.2,22.326,0.018,18.908,0.008
97.396,0.164,58.221,0.043,47.243,0.064,41.07,0.021,41.85,0.064,76.5,0.021,86.656,0.056,48.375,0.018,22.198,0.057,21.591,0.007,40.668,0.357,55.175,0.088,28.411,0.357,57.908,0.088,54.006,0,51.737,0.028,41.803,0,39.425,0.028,32.471,0,31.077,0.007,50.553,0,48.061,0.014,3.399,0,3.219,0.014,17.552,0.341,48.507,0.059,26.214,0.303,24.088,0.174,38.795,0.303,42.228,0.174,59.937,0.303,63.226,0.174,22.272,0.018,19.024,0.01
97.56,0.107,58.339,0.05,48.77,0.079,40.772,0.036,45.303,0.079,76.423,0.036,86.555,0.041,48.136,0.038,22.267,0.043,21.87,0.021,42.475,0.307,55.896,0.071,31.116,0.307,59.008,0.071,52.588,0.014,50.471,0.028,40.441,0.014,38.658,0.028,31.568,0.014,30.389,0.021,49.347,0.014,47.347,0.042,3.317,0.014,3.163,0.042,18.985,0.366,48.589,0.083,26.359,0.291,24.02,0.204,39.8,0.291,41.925,0.204,62.226,0.291,63.212,0.204,22.012,0.008,18.731,0.012
97.827,0.143,58.777,0.079,50.466,0.086,41.45,0.007,49.037,0.086,76.755,0.007,88.218,0.041,48.977,0.015,22.296,0.05,21.643,0.029,43.04,0.248,56.055,0.105,33.098,0.248,59.089,0.105,51.25,0.028,49.423,0.014,39.444,0.028,37.992,0.014,30.68,0.014,29.817,0.029,48.508,0.014,46.812,0,3.249,0.014,3.122,0,20.741,0.366,48.572,0.073,26.222,0.297,23.812,0.178,40.565,0.297,41.948,0.178,63.854,0.297,63.222,0.178,21.985,0.018,18.773,0.016
96.114,0.164,57.496,0.036,50.164,0.079,40.073,0.036,52.481,0.079,76.701,0.036,89.099,0.041,49.183,0.035,22.583,0.043,21.684,0.036,43.563,0.294,56.01,0.122,35.081,0.294,59.878,0.122,50.702,0,49.246,0,39.135,0,37.722,0,30.553,0,29.957,0.036,48.675,0,46.76,0,3.245,0,3.126,0,21.994,0.362,47.715,0.065,26.213,0.329,23.978,0.18,41.398,0.329,42.122,0.18,65.296,0.329,63.611,0.18,22.472,0.01,19.322,0.016
96.882,0.129,57.899,0.043,51.356,0.043,40.074,0.014,55.712,0.043,76.753,0.014,88.4,0.035,48.579,0.044,22.579,0.029,21.727,0.036,43.649,0.29,56.335,0.126,36.799,0.29,59.977,0.126,50.871,0.014,49.303,0.028,39.26,0.014,38.018,0.028,30.568,0.014,30.04,0.036,48.612,0.014,46.962,0,3.251,0.014,3.135,0,23.73,0.366,47.815,0.079,26.039,0.279,23.77,0.186,41.659,0.279,41.994,0.186,66.049,0.279,63.402,0.186,22.883,0.01,19.553,0.014
96.569,0.093,57.806,0.036,52.444,0.064,40.282,0.043,59.108,0.064,76.951,0.043,86.222,0.038,47.472,0.024,22.55,0.057,21.691,0.021,44.162,0.282,56.678,0.097,38.026,0.282,60.115,0.097,50.607,0.014,49.071,0,38.932,0.014,37.88,0,30.611,0.028,30.008,0.021,48.585,0.028,46.941,0,3.25,0.028,3.13,0,26.092,0.36,49.023,0.069,25.847,0.329,23.667,0.162,41.486,0.329,41.412,0.162,65.926,0.329,63.151,0.162,22.4,0.01,19.104,0.008
97.277,0.114,58.152,0.036,53.677,0.043,40.897,0.036,62.306,0.043,77.084,0.036,87.409,0.071,47.939,0.018,22.696,0.014,21.916,0.057,43.983,0.282,56.495,0.113,39.045,0.282,60.044,0.113,50.144,0,48.504,0,38.732,0,37.526,0,30.2,0.028,29.773,0.057,48.13,0.028,46.405,0,3.214,0.028,3.106,0,27.826,0.315,48.507,0.073,25.8,0.329,23.552,0.149,41.603,0.329,41.571,0.149,66.134,0.329,62.941,0.149,21.854,0.006,18.735,0.004
96.936,0.093,57.898,0.021,53.694,0.086,40.073,0.007,65.147,0.086,77.132,0.007,88.597,0.065,48.455,0.026,22.679,0.021,21.804,0.029,44.103,0.252,56.357,0.126,39.996,0.252,59.876,0.126,50.077,0.014,48.45,0,38.675,0.014,37.516,0,30.23,0.014,29.533,0.029,48.365,0.014,46.664,0.014,3.224,0.014,3.105,0.014,30.001,0.331,48.829,0.042,25.696,0.319,23.477,0.145,41.835,0.319,41.52,0.145,66.326,0.319,62.981,0.145,22.136,0.02,18.937,0.01
96.637,0.121,57.514,0.086,54.198,0.057,40.027,0.021,67.854,0.057,77.143,0.021,88.989,0.047,48.549,0.032,22.42,0.029,21.772,0.007,43.909,0.319,56.452,0.088,40.662,0.319,59.795,0.088,50.272,0.028,48.707,0.014,39.054,0.028,37.924,0.014,30.455,0.014,29.897,0.007,48.636,0.014,46.816,0.028,3.24,0.014,3.124,0.028,31.699,0.331,48.776,0.053,25.538,0.317,23.461,0.21,41.568,0.317,41.337,0.21,66.086,0.317,62.956,0.21,21.97,0.018,18.717,0.012
98.546,0.136,58.666,0.064,56.481,0.036,41.369,0.021,70.676,0.036,77.727,0.021,88.585,0.035,48.12,0.041,22.564,0.05,21.734,0.043,43.786,0.248,55.868,0.067,40.777,0.248,58.526,0.067,49.737,0.028,48.064,0.028,38.701,0.028,37.46,0.028,30.275,0.014,29.611,0.043,48.426,0.014,46.645,0,3.226,0.014,3.103,0,33.395,0.307,48.782,0.091,25.411,0.285,23.388,0.176,41.418,0.285,41.257,0.176,65.731,0.285,62.585,0.176,22.09,0.016,18.844,0.014
97.148,0.121,57.654,0.05,55.275,0.064,40.119,0.043,72.742,0.064,77.28,0.043,88.048,0.062,47.781,0.015,22.59,0.071,21.476,0.036,43.703,0.29,55.216,0.105,41.795,0.29,57.868,0.105,49.79,0.014,48.324,0,38.773,0.014,37.617,0,30.297,0,29.734,0.036,48.646,0,46.71,0.028,3.231,0,3.107,0.028,35.208,0.362,49.048,0.059,25.155,0.307,23.27,0.172,41.261,0.307,41.004,0.172,65.598,0.307,62.517,0.172,21.849,0.018,18.678,0.01
97.846,0.143,58.217,0.05,56.312,0.079,40.42,0.036,75.272,0.079,77.499,0.036,89.126,0.044,48.369,0.032,22.502,0.057,21.603,0.029,44.281,0.261,55.426,0.126,43.006,0.261,58.265,0.126,49.138,0.042,47.531,0.042,38.301,0.042,37.039,0.042,29.888,0,29.356,0.029,48.196,0,46.286,0,3.199,0,3.076,0,36.874,0.325,48.915,0.055,25.028,0.299,23.098,0.168,41.217,0.299,40.847,0.168,65.438,0.299,62.37,0.168,21.657,0.006,18.654,0.006
95.332,0.057,56.366,0.057,54.405,0.057,38.579,0.029,76.594,0.057,76.807,0.029,88.202,0.044,47.72,0.021,22.506,0.014,21.566,0.036,44.159,0.269,55.264,0.08,43.591,0.269,57.699,0.08,48.279,0.014,46.56,0,37.616,0.014,36.366,0,29.318,0,28.747,0.036,47.552,0,45.468,0,3.156,0,3.027,0,38.019,0.313,48.68,0.038,25.156,0.343,23.024,0.17,41.075,0.343,40.588,0.17,65.12,0.343,62.193,0.17,21.954,0.018,18.876,0.02
97.345,0.157,57.776,0.057,57.093,0.043,40.234,0.021,79.055,0.043,77.719,0.021,87.514,0.044,47.211,0.018,22.438,0.079,21.64,0.021,44.474,0.239,55.56,0.088,44.697,0.239,58.314,0.088,48.608,0,46.957,0.014,37.975,0,36.725,0.014,29.621,0,29.046,0.021,48.039,0,45.79,0,3.181,0,3.051,0,38.987,0.333,48.172,0.053,25.023,0.283,22.797,0.16,40.985,0.283,40.437,0.16,64.967,0.283,62.004,0.16,21.812,0.01,18.733,0.016
97.563,0.143,57.453,0.071,56.692,0.036,40.005,0.014,80.836,0.036,77.447,0.014,87.609,0.026,47.187,0.024,22.22,0.029,21.538,0.036,44.184,0.16,54.659,0.08,44.578,0.16,57.045,0.08,48.344,0.028,46.803,0.014,38.026,0.028,36.726,0.014,29.721,0,29.122,0.036,48.15,0,46.071,0.028,3.187,0,3.06,0.028,39.99,0.323,47.856,0.085,24.808,0.295,22.751,0.208,40.756,0.295,40.331,0.208,64.499,0.295,61.764,0.208,21.791,0.008,18.601,0.01
97.521,0.164,57.642,0.05,57.547,0.05,40.323,0.021,82.517,0.05,77.764,0.021,86.464,0.044,46.582,0.018,22.1,0.021,21.333,0.029,43.738,0.261,54.618,0.084,44.897,0.261,56.756,0.084,48.376,0.028,46.75,0.014,38.013,0.028,36.676,0.014,29.603,0.014,28.913,0.029,47.627,0.014,45.746,0,3.172,0.014,3.039,0,41.685,0.271,48.31,0.067,24.593,0.315,22.732,0.166,40.398,0.315,40,0.166,64.245,0.315,61.324,0.166,21.547,0.01,18.359,0.01
96.62,0.121,56.88,0.043,56.221,0.029,39.103,0.029,83.614,0.029,77.473,0.029,86.02,0.041,46.132,0.018,22.214,0.05,21.641,0.064,43.378,0.223,54.201,0.059,44.788,0.223,56.117,0.059,48.167,0.042,46.375,0.028,37.885,0.042,36.582,0.028,29.546,0.042,28.723,0.064,47.861,0.042,45.723,0.028,3.176,0.042,3.031,0.028,43.54,0.285,49.485,0.081,24.405,0.271,22.593,0.172,40.109,0.271,39.847,0.172,64.077,0.271,61.211,0.172,21.199,0.02,18.257,0.008
97.21,0.129,57.254,0.036,57.322,0.036,39.804,0.029,85.19,0.036,77.995,0.029,85.762,0.05,45.966,0.041,22.193,0.029,21.382,0.043,43.789,0.172,54.59,0.113,45.329,0.172,56.06,0.113,47.69,0,46.063,0,37.734,0,36.353,0,29.313,0,28.462,0.043,47.491,0,45.457,0.014,3.148,0,3.009,0.014,44.325,0.327,49.158,0.046,24.695,0.349,22.522,0.162,40.473,0.349,40.101,0.162,64.287,0.349,61.327,0.162,21.437,0.012,18.416,0.014
98.454,0.086,57.977,0.057,58.665,0.071,40.219,0.021,86.404,0.071,77.952,0.021,86.227,0.056,46.212,0.021,22.142,0.057,21.209,0.036,43.637,0.261,54.69,0.088,45.749,0.261,56.397,0.088,47.658,0.028,46.077,0,37.541,0.028,36.292,0,29.376,0.028,28.58,0.036,47.711,0.028,45.454,0,3.157,0.028,3.014,0,45.02,0.345,48.792,0.055,24.561,0.315,22.514,0.162,40.397,0.315,39.879,0.162,63.927,0.315,61.325,0.162,21.781,0.01,18.734,0.01
96.819,0.157,56.779,0.057,56.742,0.014,38.999,0.036,87.062,0.014,77.78,0.036,86.247,0.059,45.99,0.032,21.853,0.021,20.954,0.057,43.38,0.29,54.037,0.113,45.319,0.29,55.652,0.113,47.511,0.042,46.016,0.028,37.696,0.042,36.275,0.028,29.036,0.014,28.457,0.057,47.558,0.014,45.253,0.014,3.142,0.014,3.004,0.014,46.107,0.347,49.259,0.079,24.443,0.347,22.566,0.186,40.832,0.347,40.242,0.186,64.219,0.347,61.552,0.186,22.337,0.012,19.139,0.006
98.098,0.15,57.591,0.079,58.705,0.043,40.156,0.021,88.327,0.043,78.156,0.021,87.399,0.044,46.479,0.021,21.859,0.043,20.968,0.007,41.803,0.231,54.341,0.084,45.487,0.231,56.209,0.084,47.457,0.014,45.801,0.014,37.45,0.014,36.152,0.014,29.084,0.028,28.499,0.007,47.8,0.028,45.399,0.028,3.147,0.028,3.006,0.028,46.334,0.277,48.477,0.059,24.134,0.295,22.369,0.178,40.165,0.295,39.706,0.178,63.755,0.295,61.026,0.178,22.047,0.018,18.762,0.008
97.832,0.1,57.356,0.064,58.418,0.036,39.524,0.029,89.299,0.036,78.157,0.029,86.062,0.053,45.873,0.032,22.542,0.021,21.586,0.014,32.943,0.269,53.649,0.092,40.546,0.269,55.614,0.092,46.724,0.028,45.105,0,36.983,0.028,35.538,0,28.702,0.028,28.112,0.014,47.197,0.028,44.75,0.014,3.113,0.028,2.972,0.014,47.543,0.37,49.212,0.059,24.133,0.337,22.276,0.152,40.008,0.337,39.786,0.152,63.642,0.337,60.939,0.152,22.633,0.028,19.327,0.024
97.389,0.157,56.931,0.043,57.92,0.05,39.049,0.014,90.185,0.05,78.051,0.014,86.49,0.059,45.803,0.029,22.026,0.036,21.335,0.029,23.373,0.282,53.577,0.067,33.976,0.282,55.675,0.067,46.668,0.028,45.198,0.014,37.137,0.028,35.797,0.014,28.787,0,28.317,0.029,47.641,0,45.155,0.014,3.13,0,2.991,0.014,47.945,0.305,48.737,0.055,23.878,0.323,22.15,0.204,39.694,0.323,39.298,0.204,63.319,0.323,60.813,0.204,22.043,0.022,18.912,0.028
97.875,0.15,57.228,0.043,58.142,0.043,38.977,0.036,91.149,0.043,78.161,0.036,86.54,0.056,46.346,0.035,21.101,0.029,20.816,0.043,16.473,0.252,53.147,0.109,27.047,0.252,55.074,0.109,47.531,0,46.195,0.014,37.731,0,36.537,0.014,29.122,0.028,28.598,0.043,47.9,0.028,45.615,0.014,3.149,0.028,3.021,0.014,48.637,0.315,48.714,0.048,23.786,0.287,22.103,0.174,39.755,0.287,39.277,0.174,63.344,0.287,60.659,0.174,21.606,0.024,18.529,0.014
96.21,0.121,56.776,0.043,57.819,0.064,38.873,0.014,91.822,0.064,77.921,0.014,72.196,0.053,46.277,0.021,16.898,0.021,20.166,0,11.958,0.277,51.893,0.109,21.271,0.277,54.195,0.109,45.595,0.014,45.169,0.014,36.629,0.014,35.83,0.014,28.229,0.014,28.1,0,46.397,0.014,44.909,0.014,3.061,0.014,2.977,0.014,48.978,0.319,48.7,0.057,23.466,0.337,22.143,0.18,38.857,0.337,39.075,0.18,62.925,0.337,60.326,0.18,20.4,0.02,18.667,0.01
82.368,0.15,57.615,0.05,59.081,0.071,40.283,0.029,90.604,0.071,78.603,0.029,51.296,0.047,46.019,0.041,10.53,0.014,19.791,0.021,9.593,0.273,52.005,0.105,17.302,0.273,53.859,0.105,44.941,0.014,45.623,0.028,36.381,0.014,36.139,0.028,27.99,0.028,28.422,0.021,45.883,0.028,45.577,0.014,3.024,0.028,3.013,0.014,48.668,0.331,49.388,0.079,20.342,0.309,21.96,0.212,35.65,0.309,38.831,0.212,60.583,0.309,60.282,0.212,16.843,0.024,18.816,0.008
57.637,0.114,56.241,0.043,48.49,0.057,38.23,0.036,82.567,0.057,77.947,0.036,37.803,0.05,45.234,0.018,8.261,0.021,19.113,0.007,7.944,0.265,51.169,0.088,14.228,0.265,53.332,0.088,43.294,0,45.754,0.042,35.347,0,36.309,0.042,27.382,0.028,28.63,0.007,45.021,0.028,45.744,0.014,2.958,0.028,3.027,0.014,44.782,0.317,48.43,0.059,17.525,0.265,21.707,0.172,31.307,0.265,38.343,0.172,56.763,0.265,59.944,0.172,13.428,0.008,18.343,0.02
41.005,0.071,55.998,0.05,40.814,0.057,38.12,0.014,71.382,0.057,78.066,0.014,30.572,0.032,45.262,0.012,7.34,0.014,18.929,0.043,7.112,0.21,51.119,0.076,12.181,0.21,52.807,0.076,41.916,0,45.704,0,34.371,0,36.416,0,26.552,0,28.819,0.043,44.09,0,46.051,0,2.891,0,3.043,0,40.36,0.305,48.685,0.079,14.582,0.184,21.351,0.17,27.028,0.184,37.815,0.17,51.631,0.184,59.558,0.17,11.44,0.014,18.382,0.006
31.529,0.114,55.919,0.057,33.595,0.036,37.654,0.014,60.68,0.036,77.952,0.014,25.95,0.082,44.51,0.012,6.8,0.007,18.825,0.021,6.472,0.239,50.609,0.155,10.596,0.239,52.433,0.155,40.885,0.014,46.185,0.014,33.763,0.014,36.761,0.014,25.889,0.042,28.824,0.021,43.112,0.042,46.151,0,2.819,0.042,3.05,0,34.655,0.36,47.9,0.079,12.449,0.23,21.189,0.184,23.243,0.23,37.503,0.184,46.135,0.23,59.143,0.184,9.944,0.01,17.969,0.008
25.789,0.1,55.435,0.029,27.959,0.057,37.299,0.029,51.271,0.057,77.731,0.029,23.397,0.038,44.562,0.021,6.44,0,18.371,0.029,6.073,0.218,50.377,0.076,9.453,0.218,51.602,0.076,39.094,0.028,45.581,0.042,32.276,0.028,36.371,0.042,24.938,0.056,28.512,0.029,41.845,0.056,45.63,0.014,2.729,0.056,3.02,0.014,30.35,0.36,47.639,0.057,10.7,0.21,21.196,0.174,20.333,0.21,37.417,0.174,40.407,0.21,59.136,0.174,8.783,0.014,17.994,0.008
22.76,0.086,55.576,0.029,23.721,0.029,37.251,0.014,43.814,0.029,77.647,0.014,21.597,0.041,43.895,0.021,6.154,0.014,18.184,0.007,5.664,0.214,50.048,0.143,8.664,0.214,51.116,0.143,38.054,0.014,45.141,0,31.378,0.014,36.044,0,24.124,0,28.485,0.007,40.955,0,45.586,0,2.661,0,3.018,0,26.077,0.366,47.049,0.067,9.621,0.196,20.791,0.16,17.79,0.196,36.899,0.16,35.503,0.196,58.735,0.16,8.211,0.008,18.2,0.008
20.576,0.1,55.549,0.05,20.83,0.05,37.554,0.036,37.668,0.05,77.781,0.036,20.158,0.062,43.523,0.015,6.01,0.043,18.03,0.014,5.521,0.206,50.153,0.097,7.963,0.206,50.668,0.097,37.546,0,45.316,0.014,31.102,0,36.311,0.014,23.827,0,28.449,0.014,40.007,0,45.53,0,2.618,0,3.017,0,23.277,0.329,47.44,0.085,8.567,0.23,20.702,0.214,16.033,0.23,36.768,0.214,31.519,0.23,58.638,0.214,7.502,0.016,17.791,0.02
19.26,0.107,56.03,0.05,18.744,0.071,37.884,0.029,32.721,0.071,78.02,0.029,20.079,0.053,44.633,0.021,5.899,0,18.036,0.029,5.296,0.248,49.502,0.097,7.498,0.248,50.501,0.097,37.215,0.014,44.997,0,30.664,0.014,36.075,0,23.554,0.028,28.291,0.029,39.58,0.028,45.631,0.014,2.594,0.028,3.012,0.014,20.522,0.329,47.102,0.055,8.031,0.192,20.568,0.162,14.833,0.192,36.942,0.162,28.525,0.192,58.676,0.162,7.127,0.028,17.761,0.008
18.584,0.136,56.813,0.021,17.34,0.007,39.286,0.014,29.074,0.007,78.603,0.014,19.132,0.068,43.863,0.047,5.931,0.029,18.097,0.021,5.234,0.252,49.374,0.055,7.141,0.252,50.348,0.055,37.31,0.014,44.958,0,30.774,0.014,36.053,0,23.61,0,28.359,0.021,39.065,0,45.401,0.014,2.58,0,3.011,0.014,18.893,0.352,47.928,0.065,7.554,0.22,20.606,0.176,13.763,0.22,36.766,0.176,25.93,0.22,58.519,0.176,7.156,0.016,18.4,0.01
17.945,0.207,56.523,0.036,15.26,0.05,38.402,0.021,26.192,0.05,78.175,0.021,18.879,0.062,43.724,0.024,5.866,0.014,18.142,0.043,5.023,0.21,49.226,0.063,6.838,0.21,50.167,0.063,37.784,0.014,45.009,0,30.804,0.014,36.183,0,23.963,0,28.372,0.043,38.978,0,45.781,0,2.593,0,3.026,0,17.125,0.329,47.182,0.069,7.278,0.208,20.541,0.184,12.84,0.208,36.637,0.184,23.935,0.208,58.309,0.184,6.978,0.01,18.445,0.016
17.283,0.071,55.687,0.064,13.696,0.057,37.473,0.021,23.905,0.057,77.743,0.021,18.31,0.047,43.164,0.038,6.242,0.007,19.109,0.021,5.033,0.273,49.438,0.076,6.602,0.273,49.954,0.076,38.651,0.014,45.179,0.014,31.415,0.014,36.209,0.014,24.266,0.014,28.607,0.021,39.286,0.014,45.929,0,2.623,0.014,3.041,0,16.119,0.343,47.336,0.083,6.916,0.222,20.416,0.19,12.196,0.222,36.123,0.19,22.327,0.222,57.908,0.19,6.881,0.004,18.549,0.008
17.005,0.107,55.818,0.021,12.914,0.05,37.403,0.029,22.14,0.05,77.548,0.029,18.04,0.056,43.253,0.021,6.406,0.021,19.281,0.014,5.02,0.265,48.836,0.101,6.375,0.265,49.522,0.101,39.851,0.028,45.73,0,32.147,0.028,36.861,0,24.927,0.014,28.922,0.014,40.059,0.014,46.551,0.028,2.68,0.014,3.072,0.028,15.361,0.366,47.825,0.077,6.761,0.19,20.481,0.19,11.714,0.19,36.279,0.19,21.024,0.19,58.058,0.19,6.826,0.008,18.426,0.008
16.539,0.129,55.909,0.036,12.185,0.05,36.997,0.036,20.68,0.05,77.336,0.036,18.123,0.035,43.529,0.003,6.453,0.007,19.554,0.014,4.986,0.231,48.91,0.118,6.336,0.231,49.438,0.118,41.328,0.014,46.844,0.014,33.448,0.014,37.731,0.014,25.87,0,29.855,0.014,41.389,0,47.728,0.014,2.764,0,3.149,0.014,14.482,0.315,47.513,0.055,6.609,0.238,20.394,0.19,11.416,0.238,36.425,0.19,20.098,0.238,57.988,0.19,6.693,0.008,18.315,0.006
16.103,0.1,55.312,0.057,11.443,0.057,36.581,0.05,19.548,0.057,77.14,0.05,17.973,0.088,43.521,0.018,6.351,0.021,19.66,0.014,4.929,0.286,48.464,0.08,6.189,0.286,49.121,0.08,41.766,0.014,46.887,0,33.741,0.014,37.795,0,26.163,0.014,29.651,0.014,41.847,0.014,47.62,0.014,2.795,0.014,3.138,0.014,13.903,0.368,47.779,0.075,6.488,0.21,20.341,0.174,11.011,0.21,36.213,0.174,19.344,0.21,57.986,0.174,6.452,0.018,18.018,0.004
16.066,0.107,55.195,0.043,11.026,0.014,36.361,0.029,18.753,0.014,76.901,0.029,17.69,0.053,43.057,0.024,6.352,0,19.492,0.007,4.891,0.235,48.767,0.063,6.056,0.235,49.008,0.063,41.643,0.014,46.346,0,33.636,0.014,37.394,0,25.971,0.014,29.509,0.007,41.728,0.014,47.339,0.014,2.781,0.014,3.118,0.014,13.048,0.364,46.913,0.063,6.393,0.198,20.283,0.21,10.733,0.198,35.982,0.21,18.659,0.198,57.742,0.21,6.464,0.01,17.867,0.01
15.948,0.136,55.012,0.071,10.668,0.057,36.277,0.021,18.113,0.057,76.9,0.021,17.467,0.05,42.733,0.024,6.886,0.007,21.348,0.021,4.906,0.252,48.635,0.05,5.906,0.252,48.681,0.05,39.378,0,44.346,0,32.189,0,35.612,0,24.628,0,27.833,0.021,40.007,0,44.97,0.014,2.658,0,2.968,0.014,12.44,0.352,46.088,0.053,6.289,0.206,20.216,0.196,10.456,0.206,35.81,0.196,18.01,0.206,57.633,0.196,6.489,0.022,17.96,0.018
16.179,0.107,56.165,0.029,10.92,0.064,37.528,0.071,17.757,0.064,77.645,0.071,17.391,0.071,42.81,0.029,6.878,0.014,21.628,0.007,4.919,0.231,48.661,0.067,5.838,0.231,48.559,0.067,32.648,0.028,42.989,0.028,28.906,0.028,34.904,0.028,21.749,0,27.299,0.007,34.464,0,44.183,0,2.313,0,2.912,0,11.988,0.37,45.73,0.073,6.237,0.224,20.063,0.198,10.285,0.224,35.671,0.198,17.711,0.224,57.521,0.198,6.318,0.022,17.82,0.012
15.804,0.107,54.615,0.029,10.035,0.064,35.69,0.029,17.074,0.064,76.438,0.029,17.411,0.065,42.993,0.012,6.987,0.014,21.75,0.043,4.808,0.223,48.333,0.063,5.803,0.223,47.749,0.063,23.26,0,42.613,0,23.652,0,34.564,0,17.387,0,27.082,0.043,26.622,0,44.03,0.014,1.817,0,2.888,0.014,11.461,0.339,45.478,0.063,6.221,0.22,20.165,0.206,10.135,0.22,35.695,0.206,17.227,0.22,57.436,0.206,6.282,0.012,17.741,0.004
15.782,0.136,54.998,0.014,10.077,0.043,36.128,0.021,16.946,0.043,76.955,0.021,17.448,0.038,43.036,0.021,7.022,0.007,21.948,0.036,4.716,0.256,47.531,0.076,5.677,0.256,47.146,0.076,16.698,0.014,41.851,0.042,18.376,0.014,34.068,0.042,13.452,0,26.527,0.036,20.344,0,43.406,0.042,1.408,0,2.841,0.042,11.743,0.37,46.548,0.071,6.143,0.184,20.096,0.188,9.988,0.184,35.456,0.188,16.882,0.184,57.183,0.188,6.273,0.016,17.804,0.014
15.81,0.121,55.349,0.036,10.097,0.029,36.417,0.029,16.586,0.029,77.031,0.029,17.209,0.05,42.599,0.035,7.263,0.036,22.018,0.029,4.786,0.282,47.673,0.076,5.669,0.282,46.977,0.076,13.102,0.028,41.599,0.014,14.673,0.028,34.188,0.014,10.671,0.028,26.431,0.029,16.369,0.028,43.403,0.014,1.14,0.028,2.836,0.014,11.587,0.331,46.473,0.061,6.154,0.172,20.039,0.19,9.853,0.172,35.344,0.19,16.66,0.172,57.078,0.19,6.317,0.018,17.849,0.012
15.703,0.086,55.067,0.079,9.97,0.05,35.933,0.029,16.41,0.05,76.928,0.029,16.935,0.062,41.595,0.029,7.43,0.014,22.18,0.021,4.79,0.185,47.643,0.067,5.571,0.185,46.828,0.067,11.051,0.014,41.059,0,12.123,0.014,33.498,0,8.788,0.014,26.11,0.021,13.632,0.014,42.716,0.042,0.957,0.014,2.797,0.042,11.611,0.358,47.161,0.065,6.114,0.216,20.03,0.16,9.779,0.216,35.226,0.16,16.453,0.216,56.83,0.16,6.392,0.014,17.824,0.006
